cohort,split,filename,image_path,expected,result,confidence,strict_correct,roi_count,ocr_token_count,elapsed_ms,reason,regions_json,distance_to_suspicious,distance_to_tampered
fixed_regression,fixed_regression,p (29).jpg,/home/quyu/PD_new/PD_max/app/ai_detection/images/tampered/p (29).jpg,篡改,篡改,0.7491363958661218,True,2,11,415.5,全局UI布局异常,"[{""result"": ""篡改"", ""confidence"": 0.7491363958661218, ""bbox"": [365, 205, 325, 45], ""reason"": ""全局UI布局异常"", ""bbox_overlap_check"": {""max_iou"": 0.0, ""risk_max_iou"": 0.0, ""overlapping_pairs"": [], ""box_count"": 2, ""anomalies"": []}, ""hard_tamper_flags"": {""bbox_iou"": false}, ""original_bbox"": [365, 205, 690, 250], ""field_type"": ""amount"", ""field_label"": ""金额"", ""region_no"": 1}, {""result"": ""篡改"", ""confidence"": 0.7390970107772468, ""bbox"": [72, 204, 280, 46], ""reason"": ""全局UI布局异常"", ""bbox_overlap_check"": {""max_iou"": 0.0, ""risk_max_iou"": 0.0, ""overlapping_pairs"": [], ""box_count"": 2, ""anomalies"": []}, ""hard_tamper_flags"": {""bbox_iou"": false}, ""original_bbox"": [72, 204, 352, 250], ""field_type"": ""amount"", ""field_label"": ""金额"", ""region_no"": 2}]",0.199136,0.099136
fixed_regression,fixed_regression,no (6).jpg,/home/quyu/PD_new/PD_max/app/ai_detection/images/normal/no (6).jpg,正常,正常,0.10772467256866744,True,1,48,1593.6,未检出明显篡改痕迹,"[{""result"": ""正常"", ""confidence"": 0.10772467256866744, ""bbox"": [389, 982, 106, 24], ""reason"": ""未检出明显篡改痕迹"", ""bbox_overlap_check"": {""max_iou"": 0.0, ""risk_max_iou"": 0.0, ""overlapping_pairs"": [], ""box_count"": 1, ""anomalies"": []}, ""hard_tamper_flags"": {""bbox_iou"": false}, ""original_bbox"": [389, 982, 495, 1006], ""field_type"": ""amount"", ""field_label"": ""金额"", ""region_no"": 1}]",-0.442275,-0.542275
fixed_regression,fixed_regression,no (7).jpg,/home/quyu/PD_new/PD_max/app/ai_detection/images/normal/no (7).jpg,正常,正常,0.10772467256866744,True,1,48,1495.1,未检出明显篡改痕迹,"[{""result"": ""正常"", ""confidence"": 0.10772467256866744, ""bbox"": [389, 982, 106, 24], ""reason"": ""未检出明显篡改痕迹"", ""bbox_overlap_check"": {""max_iou"": 0.0, ""risk_max_iou"": 0.0, ""overlapping_pairs"": [], ""box_count"": 1, ""anomalies"": []}, ""hard_tamper_flags"": {""bbox_iou"": false}, ""original_bbox"": [389, 982, 495, 1006], ""field_type"": ""amount"", ""field_label"": ""金额"", ""region_no"": 1}]",-0.442275,-0.542275
fixed_regression,fixed_regression,p (40).jpg,/home/quyu/PD_new/PD_max/app/ai_detection/images/tampered/p (40).jpg,篡改,篡改,0.7909823872638047,True,4,37,878.3,全局UI布局异常；存在局部边缘拼接/像素涂抹痕迹,"[{""result"": ""篡改"", ""confidence"": 0.7632020042558922, ""bbox"": [34, 356, 327, 84], ""reason"": ""全局UI布局异常；存在局部边缘拼接/像素涂抹痕迹"", ""bbox_overlap_check"": {""max_iou"": 0.0, ""risk_max_iou"": 0.0, ""overlapping_pairs"": [], ""box_count"": 4, ""anomalies"": []}, ""hard_tamper_flags"": {""bbox_iou"": false}, ""original_bbox"": [34, 356, 361, 440], ""field_type"": ""amount"", ""field_label"": ""金额"", ""region_no"": 1}, {""result"": ""篡改"", ""confidence"": 0.7699850011750202, ""bbox"": [268, 691, 342, 36], ""reason"": ""全局UI布局异常；存在局部边缘拼接/像素涂抹痕迹"", ""bbox_overlap_check"": {""max_iou"": 0.0, ""risk_max_iou"": 0.0, ""overlapping_pairs"": [], ""box_count"": 4, ""anomalies"": []}, ""hard_tamper_flags"": {""bbox_iou"": false}, ""original_bbox"": [268, 691, 610, 727], ""field_type"": ""time"", ""field_label"": ""时间"", ""region_no"": 2}, {""result"": ""篡改"", ""confidence"": 0.7727861980410893, ""bbox"": [269, 796, 343, 35], ""reason"": ""全局UI布局异常；存在局部边缘拼接/像素涂抹痕迹"", ""bbox_overlap_check"": {""max_iou"": 0.0, ""risk_max_iou"": 0.0, ""overlapping_pairs"": [], ""box_count"": 4, ""anomalies"": []}, ""hard_tamper_flags"": {""bbox_iou"": false}, ""original_bbox"": [269, 796, 612, 831], ""field_type"": ""time"", ""field_label"": ""时间"", ""region_no"": 3}, {""result"": ""篡改"", ""confidence"": 0.7909823872638047, ""bbox"": [270, 1002, 217, 43], ""reason"": ""全局UI布局异常；存在局部边缘拼接/像素涂抹痕迹"", ""bbox_overlap_check"": {""max_iou"": 0.0, ""risk_max_iou"": 0.0, ""overlapping_pairs"": [], ""box_count"": 4, ""anomalies"": []}, ""hard_tamper_flags"": {""bbox_iou"": false}, ""original_bbox"": [270, 1002, 487, 1045], ""field_type"": ""amount"", ""field_label"": ""金额"", ""region_no"": 4}]",0.240982,0.140982
fixed_regression,fixed_regression,p (30).jpg,/home/quyu/PD_new/PD_max/app/ai_detection/images/tampered/p (30).jpg,篡改,篡改,0.763209420048372,True,2,28,712.6,全局UI布局异常；存在局部边缘拼接/像素涂抹痕迹,"[{""result"": ""篡改"", ""confidence"": 0.7330026037825609, ""bbox"": [350, 451, 515, 131], ""reason"": ""全局UI布局异常"", ""bbox_overlap_check"": {""max_iou"": 0.0, ""risk_max_iou"": 0.0, ""overlapping_pairs"": [], ""box_count"": 2, ""anomalies"": []}, ""hard_tamper_flags"": {""bbox_iou"": false}, ""original_bbox"": [350, 451, 865, 582], ""field_type"": ""amount"", ""field_label"": ""金额"", ""region_no"": 1}, {""result"": ""篡改"", ""confidence"": 0.763209420048372, ""bbox"": [556, 1577, 440, 53], ""reason"": ""全局UI布局异常；存在局部边缘拼接/像素涂抹痕迹"", ""bbox_overlap_check"": {""max_iou"": 0.0, ""risk_max_iou"": 0.0, ""overlapping_pairs"": [], ""box_count"": 2, ""anomalies"": []}, ""hard_tamper_flags"": {""bbox_iou"": false}, ""original_bbox"": [556, 1577, 996, 1630], ""field_type"": ""time"", ""field_label"": ""时间"", ""region_no"": 2}]",0.213209,0.113209
fixed_regression,fixed_regression,no (10).jpg,/home/quyu/PD_new/PD_max/app/ai_detection/images/normal/no (10).jpg,正常,正常,0.14012169015511836,True,2,57,1622.5,未检出明显篡改痕迹,"[{""result"": ""正常"", ""confidence"": 0.0, ""bbox"": [804, 463, 149, 21], ""reason"": ""未检出明显篡改痕迹"", ""bbox_overlap_check"": {""max_iou"": 0.0, ""risk_max_iou"": 0.0, ""overlapping_pairs"": [], ""box_count"": 2, ""anomalies"": []}, ""hard_tamper_flags"": {""bbox_iou"": false}, ""original_bbox"": [804, 463, 953, 484], ""field_type"": ""amount"", ""field_label"": ""金额"", ""region_no"": 1}, {""result"": ""正常"", ""confidence"": 0.14012169015511836, ""bbox"": [277, 680, 141, 21], ""reason"": ""未检出明显篡改痕迹"", ""bbox_overlap_check"": {""max_iou"": 0.0, ""risk_max_iou"": 0.0, ""overlapping_pairs"": [], ""box_count"": 2, ""anomalies"": []}, ""hard_tamper_flags"": {""bbox_iou"": false}, ""original_bbox"": [277, 680, 418, 701], ""field_type"": ""amount"", ""field_label"": ""金额"", ""region_no"": 2}]",-0.409878,-0.509878
fixed_regression,fixed_regression,no (2).jpg,/home/quyu/PD_new/PD_max/app/ai_detection/images/normal/no (2).jpg,正常,正常,0.13881034822450347,True,3,64,1950.1,未检出明显篡改痕迹,"[{""result"": ""正常"", ""confidence"": 0.0, ""bbox"": [295, 2556, 877, 54], ""reason"": ""未检出明显篡改痕迹"", ""bbox_overlap_check"": {""max_iou"": 0.0, ""risk_max_iou"": 0.0, ""overlapping_pairs"": [], ""box_count"": 3, ""anomalies"": []}, ""hard_tamper_flags"": {""bbox_iou"": false}, ""original_bbox"": [295, 2556, 1172, 2610], ""field_type"": ""amount"", ""field_label"": ""金额"", ""region_no"": 1}, {""result"": ""正常"", ""confidence"": 0.059865445082809804, ""bbox"": [324, 831, 164, 25], ""reason"": ""未检出明显篡改痕迹"", ""bbox_overlap_check"": {""max_iou"": 0.0, ""risk_max_iou"": 0.0, ""overlapping_pairs"": [], ""box_count"": 3, ""anomalies"": []}, ""hard_tamper_flags"": {""bbox_iou"": false}, ""original_bbox"": [324, 831, 488, 856], ""field_type"": ""amount"", ""field_label"": ""金额"", ""region_no"": 2}, {""result"": ""正常"", ""confidence"": 0.13881034822450347, ""bbox"": [715, 682, 123, 23], ""reason"": ""未检出明显篡改痕迹"", ""bbox_overlap_check"": {""max_iou"": 0.0, ""risk_max_iou"": 0.0, ""overlapping_pairs"": [], ""box_count"": 3, ""anomalies"": []}, ""hard_tamper_flags"": {""bbox_iou"": false}, ""original_bbox"": [715, 682, 838, 705], ""field_type"": ""amount"", ""field_label"": ""金额"", ""region_no"": 3}]",-0.41119,-0.51119
fixed_regression,fixed_regression,no (9).jpg,/home/quyu/PD_new/PD_max/app/ai_detection/images/normal/no (9).jpg,正常,正常,0.14012169015511836,True,2,57,1786.7,未检出明显篡改痕迹,"[{""result"": ""正常"", ""confidence"": 0.0, ""bbox"": [804, 463, 149, 21], ""reason"": ""未检出明显篡改痕迹"", ""bbox_overlap_check"": {""max_iou"": 0.0, ""risk_max_iou"": 0.0, ""overlapping_pairs"": [], ""box_count"": 2, ""anomalies"": []}, ""hard_tamper_flags"": {""bbox_iou"": false}, ""original_bbox"": [804, 463, 953, 484], ""field_type"": ""amount"", ""field_label"": ""金额"", ""region_no"": 1}, {""result"": ""正常"", ""confidence"": 0.14012169015511836, ""bbox"": [277, 680, 141, 21], ""reason"": ""未检出明显篡改痕迹"", ""bbox_overlap_check"": {""max_iou"": 0.0, ""risk_max_iou"": 0.0, ""overlapping_pairs"": [], ""box_count"": 2, ""anomalies"": []}, ""hard_tamper_flags"": {""bbox_iou"": false}, ""original_bbox"": [277, 680, 418, 701], ""field_type"": ""amount"", ""field_label"": ""金额"", ""region_no"": 2}]",-0.409878,-0.509878
fixed_regression,fixed_regression,p (4).jpg,/home/quyu/PD_new/PD_max/app/ai_detection/images/tampered/p (4).jpg,篡改,篡改,0.7419248638909351,True,6,37,1565.3,全局UI布局异常,"[{""result"": ""篡改"", ""confidence"": 0.7138918428823802, ""bbox"": [115, 353, 941, 79], ""reason"": ""全局UI布局异常；局部字体风格异常"", ""bbox_overlap_check"": {""max_iou"": 0.0, ""risk_max_iou"": 0.0, ""overlapping_pairs"": [], ""box_count"": 6, ""anomalies"": []}, ""hard_tamper_flags"": {""bbox_iou"": false}, ""original_bbox"": [115, 353, 1056, 432], ""field_type"": ""amount"", ""field_label"": ""金额"", ""region_no"": 1}, {""result"": ""篡改"", ""confidence"": 0.7349132118578896, ""bbox"": [595, 2191, 497, 70], ""reason"": ""全局UI布局异常"", ""bbox_overlap_check"": {""max_iou"": 0.0, ""risk_max_iou"": 0.0, ""overlapping_pairs"": [], ""box_count"": 6, ""anomalies"": []}, ""hard_tamper_flags"": {""bbox_iou"": false}, ""original_bbox"": [595, 2191, 1092, 2261], ""field_type"": ""amount"", ""field_label"": ""金额"", ""region_no"": 2}, {""result"": ""篡改"", ""confidence"": 0.7335879387557244, ""bbox"": [119, 434, 465, 69], ""reason"": ""全局UI布局异常"", ""bbox_overlap_check"": {""max_iou"": 0.0, ""risk_max_iou"": 0.0, ""overlapping_pairs"": [], ""box_count"": 6, ""anomalies"": []}, ""hard_tamper_flags"": {""bbox_iou"": false}, ""original_bbox"": [119, 434, 584, 503], ""field_type"": ""amount"", ""field_label"": ""金额"", ""region_no"": 3}, {""result"": ""篡改"", ""confidence"": 0.736867155588353, ""bbox"": [119, 2191, 444, 68], ""reason"": ""全局UI布局异常"", ""bbox_overlap_check"": {""max_iou"": 0.0, ""risk_max_iou"": 0.0, ""overlapping_pairs"": [], ""box_count"": 6, ""anomalies"": []}, ""hard_tamper_flags"": {""bbox_iou"": false}, ""original_bbox"": [119, 2191, 563, 2259], ""field_type"": ""amount"", ""field_label"": ""金额"", ""region_no"": 4}, {""result"": ""篡改"", ""confidence"": 0.7394429310107256, ""bbox"": [470, 1019, 324, 92], ""reason"": ""全局UI布局异常"", ""bbox_overlap_check"": {""max_iou"": 0.0, ""risk_max_iou"": 0.0, ""overlapping_pairs"": [], ""box_count"": 6, ""anomalies"": []}, ""hard_tamper_flags"": {""bbox_iou"": false}, ""original_bbox"": [470, 1019, 794, 1111], ""field_type"": ""amount"", ""field_label"": ""金额"", ""region_no"": 5}, {""result"": ""篡改"", ""confidence"": 0.7419248638909351, ""bbox"": [116, 1341, 200, 55], ""reason"": ""全局UI布局异常"", ""bbox_overlap_check"": {""max_iou"": 0.0, ""risk_max_iou"": 0.0, ""overlapping_pairs"": [], ""box_count"": 6, ""anomalies"": []}, ""hard_tamper_flags"": {""bbox_iou"": false}, ""original_bbox"": [116, 1341, 316, 1396], ""field_type"": ""amount"", ""field_label"": ""金额"", ""region_no"": 6}]",0.191925,0.091925
fixed_regression,fixed_regression,p (13).jpg,/home/quyu/PD_new/PD_max/app/ai_detection/images/tampered/p (13).jpg,篡改,篡改,0.7160261632581348,True,6,32,1330.7,全局UI布局异常；存在局部边缘拼接/像素涂抹痕迹,"[{""result"": ""篡改"", ""confidence"": 0.66, ""bbox"": [333, 484, 607, 132], ""reason"": ""全局UI布局异常"", ""bbox_overlap_check"": {""max_iou"": 0.0, ""risk_max_iou"": 0.0, ""overlapping_pairs"": [], ""box_count"": 6, ""anomalies"": []}, ""hard_tamper_flags"": {""bbox_iou"": false}, ""original_bbox"": [333, 484, 940, 616], ""field_type"": ""amount"", ""field_label"": ""金额"", ""region_no"": 1}, {""result"": ""篡改"", ""confidence"": 0.7160261632581348, ""bbox"": [782, 822, 448, 54], ""reason"": ""全局UI布局异常；存在局部边缘拼接/像素涂抹痕迹"", ""bbox_overlap_check"": {""max_iou"": 0.0, ""risk_max_iou"": 0.0, ""overlapping_pairs"": [], ""box_count"": 6, ""anomalies"": []}, ""hard_tamper_flags"": {""bbox_iou"": false}, ""original_bbox"": [782, 822, 1230, 876], ""field_type"": ""time"", ""field_label"": ""时间"", ""region_no"": 2}, {""result"": ""篡改"", ""confidence"": 0.66, ""bbox"": [460, 624, 358, 64], ""reason"": ""全局UI布局异常"", ""bbox_overlap_check"": {""max_iou"": 0.0, ""risk_max_iou"": 0.0, ""overlapping_pairs"": [], ""box_count"": 6, ""anomalies"": []}, ""hard_tamper_flags"": {""bbox_iou"": false}, ""original_bbox"": [460, 624, 818, 688], ""field_type"": ""amount"", ""field_label"": ""金额"", ""region_no"": 3}, {""result"": ""篡改"", ""confidence"": 0.6692849456789218, ""bbox"": [983, 1861, 248, 62], ""reason"": ""全局UI布局异常；存在局部边缘拼接/像素涂抹痕迹"", ""bbox_overlap_check"": {""max_iou"": 0.0, ""risk_max_iou"": 0.0, ""overlapping_pairs"": [], ""box_count"": 6, ""anomalies"": []}, ""hard_tamper_flags"": {""bbox_iou"": false}, ""original_bbox"": [983, 1861, 1231, 1923], ""field_type"": ""amount"", ""field_label"": ""金额"", ""region_no"": 4}, {""result"": ""篡改"", ""confidence"": 0.6655582111488796, ""bbox"": [987, 1473, 243, 58], ""reason"": ""全局UI布局异常；存在局部边缘拼接/像素涂抹痕迹"", ""bbox_overlap_check"": {""max_iou"": 0.0, ""risk_max_iou"": 0.0, ""overlapping_pairs"": [], ""box_count"": 6, ""anomalies"": []}, ""hard_tamper_flags"": {""bbox_iou"": false}, ""original_bbox"": [987, 1473, 1230, 1531], ""field_type"": ""amount"", ""field_label"": ""金额"", ""region_no"": 5}, {""result"": ""篡改"", ""confidence"": 0.66, ""bbox"": [1059, 1603, 171, 55], ""reason"": ""全局UI布局异常"", ""bbox_overlap_check"": {""max_iou"": 0.0, ""risk_max_iou"": 0.0, ""overlapping_pairs"": [], ""box_count"": 6, ""anomalies"": []}, ""hard_tamper_flags"": {""bbox_iou"": false}, ""original_bbox"": [1059, 1603, 1230, 1658], ""field_type"": ""amount"", ""field_label"": ""金额"", ""region_no"": 6}]",0.166026,0.066026
fixed_regression,fixed_regression,p (31).jpg,/home/quyu/PD_new/PD_max/app/ai_detection/images/tampered/p (31).jpg,篡改,篡改,0.7274833014957593,True,6,31,1357.6,全局UI布局异常；存在局部边缘拼接/像素涂抹痕迹,"[{""result"": ""篡改"", ""confidence"": 0.66, ""bbox"": [335, 484, 608, 132], ""reason"": ""全局UI布局异常"", ""bbox_overlap_check"": {""max_iou"": 0.0, ""risk_max_iou"": 0.0, ""overlapping_pairs"": [], ""box_count"": 6, ""anomalies"": []}, ""hard_tamper_flags"": {""bbox_iou"": false}, ""original_bbox"": [335, 484, 943, 616], ""field_type"": ""amount"", ""field_label"": ""金额"", ""region_no"": 1}, {""result"": ""篡改"", ""confidence"": 0.7274833014957593, ""bbox"": [782, 822, 448, 54], ""reason"": ""全局UI布局异常；存在局部边缘拼接/像素涂抹痕迹"", ""bbox_overlap_check"": {""max_iou"": 0.0, ""risk_max_iou"": 0.0, ""overlapping_pairs"": [], ""box_count"": 6, ""anomalies"": []}, ""hard_tamper_flags"": {""bbox_iou"": false}, ""original_bbox"": [782, 822, 1230, 876], ""field_type"": ""time"", ""field_label"": ""时间"", ""region_no"": 2}, {""result"": ""篡改"", ""confidence"": 0.66, ""bbox"": [460, 624, 358, 64], ""reason"": ""全局UI布局异常"", ""bbox_overlap_check"": {""max_iou"": 0.0, ""risk_max_iou"": 0.0, ""overlapping_pairs"": [], ""box_count"": 6, ""anomalies"": []}, ""hard_tamper_flags"": {""bbox_iou"": false}, ""original_bbox"": [460, 624, 818, 688], ""field_type"": ""amount"", ""field_label"": ""金额"", ""region_no"": 3}, {""result"": ""篡改"", ""confidence"": 0.6806931272231493, ""bbox"": [986, 1861, 245, 63], ""reason"": ""全局UI布局异常；存在局部边缘拼接/像素涂抹痕迹"", ""bbox_overlap_check"": {""max_iou"": 0.0, ""risk_max_iou"": 0.0, ""overlapping_pairs"": [], ""box_count"": 6, ""anomalies"": []}, ""hard_tamper_flags"": {""bbox_iou"": false}, ""original_bbox"": [986, 1861, 1231, 1924], ""field_type"": ""amount"", ""field_label"": ""金额"", ""region_no"": 4}, {""result"": ""篡改"", ""confidence"": 0.6739497748977541, ""bbox"": [986, 1602, 245, 62], ""reason"": ""全局UI布局异常；存在局部边缘拼接/像素涂抹痕迹"", ""bbox_overlap_check"": {""max_iou"": 0.0, ""risk_max_iou"": 0.0, ""overlapping_pairs"": [], ""box_count"": 6, ""anomalies"": []}, ""hard_tamper_flags"": {""bbox_iou"": false}, ""original_bbox"": [986, 1602, 1231, 1664], ""field_type"": ""amount"", ""field_label"": ""金额"", ""region_no"": 5}, {""result"": ""篡改"", ""confidence"": 0.6665922935796302, ""bbox"": [987, 1473, 243, 58], ""reason"": ""全局UI布局异常；存在局部边缘拼接/像素涂抹痕迹"", ""bbox_overlap_check"": {""max_iou"": 0.0, ""risk_max_iou"": 0.0, ""overlapping_pairs"": [], ""box_count"": 6, ""anomalies"": []}, ""hard_tamper_flags"": {""bbox_iou"": false}, ""original_bbox"": [987, 1473, 1230, 1531], ""field_type"": ""amount"", ""field_label"": ""金额"", ""region_no"": 6}]",0.177483,0.077483
fixed_regression,fixed_regression,no (4).jpg,/home/quyu/PD_new/PD_max/app/ai_detection/images/normal/no (4).jpg,正常,正常,0.4419823549645165,True,2,23,640.2,存在局部边缘拼接/像素涂抹痕迹,"[{""result"": ""正常"", ""confidence"": 0.36290783226786566, ""bbox"": [308, 382, 509, 105], ""reason"": ""存在局部边缘拼接/像素涂抹痕迹"", ""bbox_overlap_check"": {""max_iou"": 0.0, ""risk_max_iou"": 0.0, ""overlapping_pairs"": [], ""box_count"": 2, ""anomalies"": []}, ""hard_tamper_flags"": {""bbox_iou"": false}, ""original_bbox"": [308, 382, 817, 487], ""field_type"": ""amount"", ""field_label"": ""金额"", ""region_no"": 1}, {""result"": ""正常"", ""confidence"": 0.4419823549645165, ""bbox"": [625, 999, 408, 42], ""reason"": ""存在局部边缘拼接/像素涂抹痕迹"", ""bbox_overlap_check"": {""max_iou"": 0.0, ""risk_max_iou"": 0.0, ""overlapping_pairs"": [], ""box_count"": 2, ""anomalies"": []}, ""hard_tamper_flags"": {""bbox_iou"": false}, ""original_bbox"": [625, 999, 1033, 1041], ""field_type"": ""time"", ""field_label"": ""时间"", ""region_no"": 2}]",-0.108018,-0.208018
fixed_regression,fixed_regression,no (3).jpg,/home/quyu/PD_new/PD_max/app/ai_detection/images/normal/no (3).jpg,正常,正常,0.15316059282168526,True,2,59,1771.5,未检出明显篡改痕迹,"[{""result"": ""正常"", ""confidence"": 0.15316059282168526, ""bbox"": [312, 895, 160, 26], ""reason"": ""未检出明显篡改痕迹"", ""bbox_overlap_check"": {""max_iou"": 0.0, ""risk_max_iou"": 0.0, ""overlapping_pairs"": [], ""box_count"": 2, ""anomalies"": []}, ""hard_tamper_flags"": {""bbox_iou"": false}, ""original_bbox"": [312, 895, 472, 921], ""field_type"": ""amount"", ""field_label"": ""金额"", ""region_no"": 1}, {""result"": ""正常"", ""confidence"": 0.06548171519674721, ""bbox"": [312, 964, 175, 23], ""reason"": ""未检出明显篡改痕迹"", ""bbox_overlap_check"": {""max_iou"": 0.0, ""risk_max_iou"": 0.0, ""overlapping_pairs"": [], ""box_count"": 2, ""anomalies"": []}, ""hard_tamper_flags"": {""bbox_iou"": false}, ""original_bbox"": [312, 964, 487, 987], ""field_type"": ""amount"", ""field_label"": ""金额"", ""region_no"": 2}]",-0.396839,-0.496839
fixed_regression,fixed_regression,p (24).jpg,/home/quyu/PD_new/PD_max/app/ai_detection/images/tampered/p (24).jpg,篡改,篡改,0.7855953671221348,True,3,22,785.7,全局UI布局异常；存在局部边缘拼接/像素涂抹痕迹,"[{""result"": ""篡改"", ""confidence"": 0.7855953671221348, ""bbox"": [483, 527, 432, 109], ""reason"": ""全局UI布局异常；存在局部边缘拼接/像素涂抹痕迹"", ""bbox_overlap_check"": {""max_iou"": 0.0, ""risk_max_iou"": 0.0, ""overlapping_pairs"": [], ""box_count"": 3, ""anomalies"": []}, ""hard_tamper_flags"": {""bbox_iou"": false}, ""original_bbox"": [483, 527, 915, 636], ""field_type"": ""amount"", ""field_label"": ""金额"", ""region_no"": 1}, {""result"": ""篡改"", ""confidence"": 0.7516417241409337, ""bbox"": [584, 1138, 547, 54], ""reason"": ""全局UI布局异常；存在局部边缘拼接/像素涂抹痕迹"", ""bbox_overlap_check"": {""max_iou"": 0.0, ""risk_max_iou"": 0.0, ""overlapping_pairs"": [], ""box_count"": 3, ""anomalies"": []}, ""hard_tamper_flags"": {""bbox_iou"": false}, ""original_bbox"": [584, 1138, 1131, 1192], ""field_type"": ""time"", ""field_label"": ""时间"", ""region_no"": 2}, {""result"": ""篡改"", ""confidence"": 0.7847682207115729, ""bbox"": [445, 678, 336, 54], ""reason"": ""全局UI布局异常；存在局部边缘拼接/像素涂抹痕迹"", ""bbox_overlap_check"": {""max_iou"": 0.0, ""risk_max_iou"": 0.0, ""overlapping_pairs"": [], ""box_count"": 3, ""anomalies"": []}, ""hard_tamper_flags"": {""bbox_iou"": false}, ""original_bbox"": [445, 678, 781, 732], ""field_type"": ""amount"", ""field_label"": ""金额"", ""region_no"": 3}]",0.235595,0.135595
fixed_regression,fixed_regression,no (11).jpg,/home/quyu/PD_new/PD_max/app/ai_detection/images/normal/no (11).jpg,正常,正常,0.17263905716996772,True,4,54,1917.7,未检出明显篡改痕迹,"[{""result"": ""正常"", ""confidence"": 0.10933844077773207, ""bbox"": [254, 695, 654, 33], ""reason"": ""未检出明显篡改痕迹"", ""bbox_overlap_check"": {""max_iou"": 0.0, ""risk_max_iou"": 0.0, ""overlapping_pairs"": [], ""box_count"": 4, ""anomalies"": []}, ""hard_tamper_flags"": {""bbox_iou"": false}, ""original_bbox"": [254, 695, 908, 728], ""field_type"": ""name"", ""field_label"": ""姓名"", ""region_no"": 1}, {""result"": ""正常"", ""confidence"": 0.08694490165422739, ""bbox"": [222, 885, 215, 34], ""reason"": ""局部字体风格异常"", ""bbox_overlap_check"": {""max_iou"": 0.0, ""risk_max_iou"": 0.0, ""overlapping_pairs"": [], ""box_count"": 4, ""anomalies"": []}, ""hard_tamper_flags"": {""bbox_iou"": false}, ""original_bbox"": [222, 885, 437, 919], ""field_type"": ""amount"", ""field_label"": ""金额"", ""region_no"": 2}, {""result"": ""正常"", ""confidence"": 0.11305578920003827, ""bbox"": [222, 1022, 234, 31], ""reason"": ""未检出明显篡改痕迹"", ""bbox_overlap_check"": {""max_iou"": 0.0, ""risk_max_iou"": 0.0, ""overlapping_pairs"": [], ""box_count"": 4, ""anomalies"": []}, ""hard_tamper_flags"": {""bbox_iou"": false}, ""original_bbox"": [222, 1022, 456, 1053], ""field_type"": ""time"", ""field_label"": ""时间"", ""region_no"": 3}, {""result"": ""正常"", ""confidence"": 0.17263905716996772, ""bbox"": [223, 977, 232, 27], ""reason"": ""未检出明显篡改痕迹"", ""bbox_overlap_check"": {""max_iou"": 0.0, ""risk_max_iou"": 0.0, ""overlapping_pairs"": [], ""box_count"": 4, ""anomalies"": []}, ""hard_tamper_flags"": {""bbox_iou"": false}, ""original_bbox"": [223, 977, 455, 1004], ""field_type"": ""time"", ""field_label"": ""时间"", ""region_no"": 4}]",-0.377361,-0.477361
fixed_regression,fixed_regression,p (12).jpg,/home/quyu/PD_new/PD_max/app/ai_detection/images/tampered/p (12).jpg,篡改,篡改,0.8630873971871403,True,6,39,1587.1,全局UI布局异常；存在局部边缘拼接/像素涂抹痕迹,"[{""result"": ""篡改"", ""confidence"": 0.7367072814349798, ""bbox"": [541, 2113, 560, 71], ""reason"": ""全局UI布局异常"", ""bbox_overlap_check"": {""max_iou"": 0.0, ""risk_max_iou"": 0.0, ""overlapping_pairs"": [], ""box_count"": 6, ""anomalies"": []}, ""hard_tamper_flags"": {""bbox_iou"": false}, ""original_bbox"": [541, 2113, 1101, 2184], ""field_type"": ""amount"", ""field_label"": ""金额"", ""region_no"": 1}, {""result"": ""篡改"", ""confidence"": 0.7342914957139073, ""bbox"": [466, 940, 321, 93], ""reason"": ""全局UI布局异常"", ""bbox_overlap_check"": {""max_iou"": 0.0, ""risk_max_iou"": 0.0, ""overlapping_pairs"": [], ""box_count"": 6, ""anomalies"": []}, ""hard_tamper_flags"": {""bbox_iou"": false}, ""original_bbox"": [466, 940, 787, 1033], ""field_type"": ""amount"", ""field_label"": ""金额"", ""region_no"": 2}, {""result"": ""篡改"", ""confidence"": 0.7262272841248405, ""bbox"": [116, 2113, 393, 68], ""reason"": ""全局UI布局异常"", ""bbox_overlap_check"": {""max_iou"": 0.0, ""risk_max_iou"": 0.0, ""overlapping_pairs"": [], ""box_count"": 6, ""anomalies"": []}, ""hard_tamper_flags"": {""bbox_iou"": false}, ""original_bbox"": [116, 2113, 509, 2181], ""field_type"": ""amount"", ""field_label"": ""金额"", ""region_no"": 3}, {""result"": ""篡改"", ""confidence"": 0.727374719037524, ""bbox"": [115, 1259, 199, 60], ""reason"": ""全局UI布局异常"", ""bbox_overlap_check"": {""max_iou"": 0.0, ""risk_max_iou"": 0.0, ""overlapping_pairs"": [], ""box_count"": 6, ""anomalies"": []}, ""hard_tamper_flags"": {""bbox_iou"": false}, ""original_bbox"": [115, 1259, 314, 1319], ""field_type"": ""amount"", ""field_label"": ""金额"", ""region_no"": 4}, {""result"": ""篡改"", ""confidence"": 0.7447446988271623, ""bbox"": [632, 1130, 179, 53], ""reason"": ""全局UI布局异常"", ""bbox_overlap_check"": {""max_iou"": 0.0, ""risk_max_iou"": 0.0, ""overlapping_pairs"": [], ""box_count"": 6, ""anomalies"": []}, ""hard_tamper_flags"": {""bbox_iou"": false}, ""original_bbox"": [632, 1130, 811, 1183], ""field_type"": ""amount"", ""field_label"": ""金额"", ""region_no"": 5}, {""result"": ""篡改"", ""confidence"": 0.8630873971871403, ""bbox"": [372, 249, 146, 52], ""reason"": ""全局UI布局异常；存在局部边缘拼接/像素涂抹痕迹"", ""bbox_overlap_check"": {""max_iou"": 0.0, ""risk_max_iou"": 0.0, ""overlapping_pairs"": [], ""box_count"": 6, ""anomalies"": []}, ""hard_tamper_flags"": {""bbox_iou"": false}, ""original_bbox"": [372, 249, 518, 301], ""field_type"": ""amount"", ""field_label"": ""金额"", ""region_no"": 6}]",0.313087,0.213087
fixed_regression,fixed_regression,p (14).jpg,/home/quyu/PD_new/PD_max/app/ai_detection/images/tampered/p (14).jpg,篡改,篡改,0.7291361288247761,True,1,4,227.5,全局UI布局异常；局部字体风格异常,"[{""result"": ""篡改"", ""confidence"": 0.7291361288247761, ""bbox"": [82, 192, 265, 51], ""reason"": ""全局UI布局异常；局部字体风格异常"", ""bbox_overlap_check"": {""max_iou"": 0.0, ""risk_max_iou"": 0.0, ""overlapping_pairs"": [], ""box_count"": 1, ""anomalies"": []}, ""hard_tamper_flags"": {""bbox_iou"": false}, ""original_bbox"": [82, 192, 347, 243], ""field_type"": ""amount"", ""field_label"": ""金额"", ""region_no"": 1}]",0.179136,0.079136
fixed_regression,fixed_regression,p (43).jpg,/home/quyu/PD_new/PD_max/app/ai_detection/images/tampered/p (43).jpg,篡改,篡改,0.7312735874101509,True,1,4,220.0,全局UI布局异常；局部字体风格异常,"[{""result"": ""篡改"", ""confidence"": 0.7312735874101509, ""bbox"": [82, 193, 264, 49], ""reason"": ""全局UI布局异常；局部字体风格异常"", ""bbox_overlap_check"": {""max_iou"": 0.0, ""risk_max_iou"": 0.0, ""overlapping_pairs"": [], ""box_count"": 1, ""anomalies"": []}, ""hard_tamper_flags"": {""bbox_iou"": false}, ""original_bbox"": [82, 193, 346, 242], ""field_type"": ""amount"", ""field_label"": ""金额"", ""region_no"": 1}]",0.181274,0.081274
fixed_regression,fixed_regression,no (12).jpg,/home/quyu/PD_new/PD_max/app/ai_detection/images/normal/no (12).jpg,正常,正常,0.459504222235671,True,4,34,1086.7,存在局部边缘拼接/像素涂抹痕迹,"[{""result"": ""正常"", ""confidence"": 0.39430849570873194, ""bbox"": [322, 565, 435, 97], ""reason"": ""存在局部边缘拼接/像素涂抹痕迹"", ""bbox_overlap_check"": {""max_iou"": 0.0, ""risk_max_iou"": 0.0, ""overlapping_pairs"": [], ""box_count"": 4, ""anomalies"": []}, ""hard_tamper_flags"": {""bbox_iou"": false}, ""original_bbox"": [322, 565, 757, 662], ""field_type"": ""amount"", ""field_label"": ""金额"", ""region_no"": 1}, {""result"": ""正常"", ""confidence"": 0.459504222235671, ""bbox"": [88, 1387, 568, 49], ""reason"": ""存在局部边缘拼接/像素涂抹痕迹"", ""bbox_overlap_check"": {""max_iou"": 0.0, ""risk_max_iou"": 0.0, ""overlapping_pairs"": [], ""box_count"": 4, ""anomalies"": []}, ""hard_tamper_flags"": {""bbox_iou"": false}, ""original_bbox"": [88, 1387, 656, 1436], ""field_type"": ""amount"", ""field_label"": ""金额"", ""region_no"": 2}, {""result"": ""正常"", ""confidence"": 0.0840435176043658, ""bbox"": [334, 896, 382, 53], ""reason"": ""未检出明显篡改痕迹"", ""bbox_overlap_check"": {""max_iou"": 0.0, ""risk_max_iou"": 0.0, ""overlapping_pairs"": [], ""box_count"": 4, ""anomalies"": []}, ""hard_tamper_flags"": {""bbox_iou"": false}, ""original_bbox"": [334, 896, 716, 949], ""field_type"": ""name"", ""field_label"": ""姓名"", ""region_no"": 3}, {""result"": ""正常"", ""confidence"": 0.38589724395740466, ""bbox"": [333, 811, 352, 41], ""reason"": ""存在局部边缘拼接/像素涂抹痕迹"", ""bbox_overlap_check"": {""max_iou"": 0.0, ""risk_max_iou"": 0.0, ""overlapping_pairs"": [], ""box_count"": 4, ""anomalies"": []}, ""hard_tamper_flags"": {""bbox_iou"": false}, ""original_bbox"": [333, 811, 685, 852], ""field_type"": ""time"", ""field_label"": ""时间"", ""region_no"": 4}]",-0.090496,-0.190496
fixed_regression,fixed_regression,no (5).jpg,/home/quyu/PD_new/PD_max/app/ai_detection/images/normal/no (5).jpg,正常,正常,0.3931866503978404,True,3,25,928.0,存在局部边缘拼接/像素涂抹痕迹,"[{""result"": ""正常"", ""confidence"": 0.35598287392270506, ""bbox"": [140, 1119, 992, 65], ""reason"": ""存在局部边缘拼接/像素涂抹痕迹"", ""bbox_overlap_check"": {""max_iou"": 0.2056, ""risk_max_iou"": 0.0, ""overlapping_pairs"": [], ""box_count"": 3, ""anomalies"": []}, ""hard_tamper_flags"": {""bbox_iou"": false}, ""original_bbox"": [140, 1119, 1132, 1184], ""field_type"": ""amount"", ""field_label"": ""金额"", ""region_no"": 1}, {""result"": ""正常"", ""confidence"": 0.3931866503978404, ""bbox"": [876, 1757, 256, 54], ""reason"": ""存在局部边缘拼接/像素涂抹痕迹"", ""bbox_overlap_check"": {""max_iou"": 0.2056, ""risk_max_iou"": 0.0, ""overlapping_pairs"": [], ""box_count"": 3, ""anomalies"": []}, ""hard_tamper_flags"": {""bbox_iou"": false}, ""original_bbox"": [876, 1757, 1132, 1811], ""field_type"": ""amount"", ""field_label"": ""金额"", ""region_no"": 2}, {""result"": ""正常"", ""confidence"": 0.3706267960303174, ""bbox"": [891, 1125, 241, 55], ""reason"": ""存在局部边缘拼接/像素涂抹痕迹"", ""bbox_overlap_check"": {""max_iou"": 0.2056, ""risk_max_iou"": 0.0, ""overlapping_pairs"": [], ""box_count"": 3, ""anomalies"": []}, ""hard_tamper_flags"": {""bbox_iou"": false}, ""original_bbox"": [891, 1125, 1132, 1180], ""field_type"": ""amount"", ""field_label"": ""金额"", ""region_no"": 3}]",-0.156813,-0.256813
fixed_regression,fixed_regression,p (2).jpg,/home/quyu/PD_new/PD_max/app/ai_detection/images/tampered/p (2).jpg,篡改,篡改,0.6999689953317176,True,3,25,1028.9,全局UI布局异常；存在局部边缘拼接/像素涂抹痕迹,"[{""result"": ""篡改"", ""confidence"": 0.6999689953317176, ""bbox"": [140, 1119, 992, 65], ""reason"": ""全局UI布局异常；存在局部边缘拼接/像素涂抹痕迹"", ""bbox_overlap_check"": {""max_iou"": 0.2056, ""risk_max_iou"": 0.0, ""overlapping_pairs"": [], ""box_count"": 3, ""anomalies"": []}, ""hard_tamper_flags"": {""bbox_iou"": false}, ""original_bbox"": [140, 1119, 1132, 1184], ""field_type"": ""amount"", ""field_label"": ""金额"", ""region_no"": 1}, {""result"": ""篡改"", ""confidence"": 0.6917798603504886, ""bbox"": [876, 1755, 256, 56], ""reason"": ""全局UI布局异常；存在局部边缘拼接/像素涂抹痕迹"", ""bbox_overlap_check"": {""max_iou"": 0.2056, ""risk_max_iou"": 0.0, ""overlapping_pairs"": [], ""box_count"": 3, ""anomalies"": []}, ""hard_tamper_flags"": {""bbox_iou"": false}, ""original_bbox"": [876, 1755, 1132, 1811], ""field_type"": ""amount"", ""field_label"": ""金额"", ""region_no"": 2}, {""result"": ""篡改"", ""confidence"": 0.6925278533278472, ""bbox"": [891, 1125, 241, 55], ""reason"": ""全局UI布局异常；存在局部边缘拼接/像素涂抹痕迹"", ""bbox_overlap_check"": {""max_iou"": 0.2056, ""risk_max_iou"": 0.0, ""overlapping_pairs"": [], ""box_count"": 3, ""anomalies"": []}, ""hard_tamper_flags"": {""bbox_iou"": false}, ""original_bbox"": [891, 1125, 1132, 1180], ""field_type"": ""amount"", ""field_label"": ""金额"", ""region_no"": 3}]",0.149969,0.049969
fixed_regression,fixed_regression,p (16).jpg,/home/quyu/PD_new/PD_max/app/ai_detection/images/tampered/p (16).jpg,篡改,篡改,0.8301756191619365,True,2,27,774.9,全局UI布局异常；存在局部边缘拼接/像素涂抹痕迹,"[{""result"": ""篡改"", ""confidence"": 0.7304167540637921, ""bbox"": [406, 489, 554, 135], ""reason"": ""全局UI布局异常"", ""bbox_overlap_check"": {""max_iou"": 0.0, ""risk_max_iou"": 0.0, ""overlapping_pairs"": [], ""box_count"": 2, ""anomalies"": []}, ""hard_tamper_flags"": {""bbox_iou"": false}, ""original_bbox"": [406, 489, 960, 624], ""field_type"": ""amount"", ""field_label"": ""金额"", ""region_no"": 1}, {""result"": ""篡改"", ""confidence"": 0.8301756191619365, ""bbox"": [745, 1206, 485, 51], ""reason"": ""全局UI布局异常；存在局部边缘拼接/像素涂抹痕迹"", ""bbox_overlap_check"": {""max_iou"": 0.0, ""risk_max_iou"": 0.0, ""overlapping_pairs"": [], ""box_count"": 2, ""anomalies"": []}, ""hard_tamper_flags"": {""bbox_iou"": false}, ""original_bbox"": [745, 1206, 1230, 1257], ""field_type"": ""time"", ""field_label"": ""时间"", ""region_no"": 2}]",0.280176,0.180176
fixed_regression,fixed_regression,p (20).jpg,/home/quyu/PD_new/PD_max/app/ai_detection/images/tampered/p (20).jpg,篡改,篡改,0.7698655956793985,True,2,26,746.9,全局UI布局异常；存在局部边缘拼接/像素涂抹痕迹,"[{""result"": ""篡改"", ""confidence"": 0.7181484041196035, ""bbox"": [393, 490, 566, 133], ""reason"": ""全局UI布局异常"", ""bbox_overlap_check"": {""max_iou"": 0.0, ""risk_max_iou"": 0.0, ""overlapping_pairs"": [], ""box_count"": 2, ""anomalies"": []}, ""hard_tamper_flags"": {""bbox_iou"": false}, ""original_bbox"": [393, 490, 959, 623], ""field_type"": ""amount"", ""field_label"": ""金额"", ""region_no"": 1}, {""result"": ""篡改"", ""confidence"": 0.7698655956793985, ""bbox"": [745, 1206, 488, 51], ""reason"": ""全局UI布局异常；存在局部边缘拼接/像素涂抹痕迹"", ""bbox_overlap_check"": {""max_iou"": 0.0, ""risk_max_iou"": 0.0, ""overlapping_pairs"": [], ""box_count"": 2, ""anomalies"": []}, ""hard_tamper_flags"": {""bbox_iou"": false}, ""original_bbox"": [745, 1206, 1233, 1257], ""field_type"": ""time"", ""field_label"": ""时间"", ""region_no"": 2}]",0.219866,0.119866
fixed_regression,fixed_regression,p (22).jpg,/home/quyu/PD_new/PD_max/app/ai_detection/images/tampered/p (22).jpg,篡改,篡改,0.8235665578883273,True,2,27,744.2,全局UI布局异常；存在局部边缘拼接/像素涂抹痕迹,"[{""result"": ""篡改"", ""confidence"": 0.723527132596452, ""bbox"": [406, 475, 558, 154], ""reason"": ""全局UI布局异常"", ""bbox_overlap_check"": {""max_iou"": 0.0, ""risk_max_iou"": 0.0, ""overlapping_pairs"": [], ""box_count"": 2, ""anomalies"": []}, ""hard_tamper_flags"": {""bbox_iou"": false}, ""original_bbox"": [406, 475, 964, 629], ""field_type"": ""amount"", ""field_label"": ""金额"", ""region_no"": 1}, {""result"": ""篡改"", ""confidence"": 0.8235665578883273, ""bbox"": [745, 1206, 485, 51], ""reason"": ""全局UI布局异常；存在局部边缘拼接/像素涂抹痕迹"", ""bbox_overlap_check"": {""max_iou"": 0.0, ""risk_max_iou"": 0.0, ""overlapping_pairs"": [], ""box_count"": 2, ""anomalies"": []}, ""hard_tamper_flags"": {""bbox_iou"": false}, ""original_bbox"": [745, 1206, 1230, 1257], ""field_type"": ""time"", ""field_label"": ""时间"", ""region_no"": 2}]",0.273567,0.173567
fixed_regression,fixed_regression,p (26).jpg,/home/quyu/PD_new/PD_max/app/ai_detection/images/tampered/p (26).jpg,篡改,篡改,0.8122351144746724,True,2,26,705.1,全局UI布局异常；存在局部边缘拼接/像素涂抹痕迹,"[{""result"": ""篡改"", ""confidence"": 0.7178881276610452, ""bbox"": [402, 489, 557, 139], ""reason"": ""全局UI布局异常"", ""bbox_overlap_check"": {""max_iou"": 0.0, ""risk_max_iou"": 0.0, ""overlapping_pairs"": [], ""box_count"": 2, ""anomalies"": []}, ""hard_tamper_flags"": {""bbox_iou"": false}, ""original_bbox"": [402, 489, 959, 628], ""field_type"": ""amount"", ""field_label"": ""金额"", ""region_no"": 1}, {""result"": ""篡改"", ""confidence"": 0.8122351144746724, ""bbox"": [745, 1206, 485, 51], ""reason"": ""全局UI布局异常；存在局部边缘拼接/像素涂抹痕迹"", ""bbox_overlap_check"": {""max_iou"": 0.0, ""risk_max_iou"": 0.0, ""overlapping_pairs"": [], ""box_count"": 2, ""anomalies"": []}, ""hard_tamper_flags"": {""bbox_iou"": false}, ""original_bbox"": [745, 1206, 1230, 1257], ""field_type"": ""time"", ""field_label"": ""时间"", ""region_no"": 2}]",0.262235,0.162235
fixed_regression,fixed_regression,p (32).jpg,/home/quyu/PD_new/PD_max/app/ai_detection/images/tampered/p (32).jpg,篡改,篡改,0.7497840017950057,True,2,26,763.1,全局UI布局异常；存在局部边缘拼接/像素涂抹痕迹,"[{""result"": ""篡改"", ""confidence"": 0.722111816251584, ""bbox"": [395, 449, 511, 124], ""reason"": ""全局UI布局异常"", ""bbox_overlap_check"": {""max_iou"": 0.0, ""risk_max_iou"": 0.0, ""overlapping_pairs"": [], ""box_count"": 2, ""anomalies"": []}, ""hard_tamper_flags"": {""bbox_iou"": false}, ""original_bbox"": [395, 449, 906, 573], ""field_type"": ""amount"", ""field_label"": ""金额"", ""region_no"": 1}, {""result"": ""篡改"", ""confidence"": 0.7497840017950057, ""bbox"": [719, 1110, 456, 54], ""reason"": ""全局UI布局异常；存在局部边缘拼接/像素涂抹痕迹"", ""bbox_overlap_check"": {""max_iou"": 0.0, ""risk_max_iou"": 0.0, ""overlapping_pairs"": [], ""box_count"": 2, ""anomalies"": []}, ""hard_tamper_flags"": {""bbox_iou"": false}, ""original_bbox"": [719, 1110, 1175, 1164], ""field_type"": ""time"", ""field_label"": ""时间"", ""region_no"": 2}]",0.199784,0.099784
fixed_regression,fixed_regression,p (9).jpg,/home/quyu/PD_new/PD_max/app/ai_detection/images/tampered/p (9).jpg,篡改,篡改,0.8083981733973733,True,2,27,764.0,全局UI布局异常；存在局部边缘拼接/像素涂抹痕迹,"[{""result"": ""篡改"", ""confidence"": 0.7131940302485493, ""bbox"": [404, 478, 558, 150], ""reason"": ""全局UI布局异常"", ""bbox_overlap_check"": {""max_iou"": 0.0, ""risk_max_iou"": 0.0, ""overlapping_pairs"": [], ""box_count"": 2, ""anomalies"": []}, ""hard_tamper_flags"": {""bbox_iou"": false}, ""original_bbox"": [404, 478, 962, 628], ""field_type"": ""amount"", ""field_label"": ""金额"", ""region_no"": 1}, {""result"": ""篡改"", ""confidence"": 0.8083981733973733, ""bbox"": [745, 1203, 484, 54], ""reason"": ""全局UI布局异常；存在局部边缘拼接/像素涂抹痕迹"", ""bbox_overlap_check"": {""max_iou"": 0.0, ""risk_max_iou"": 0.0, ""overlapping_pairs"": [], ""box_count"": 2, ""anomalies"": []}, ""hard_tamper_flags"": {""bbox_iou"": false}, ""original_bbox"": [745, 1203, 1229, 1257], ""field_type"": ""time"", ""field_label"": ""时间"", ""region_no"": 2}]",0.258398,0.158398
fixed_regression,fixed_regression,p (10).jpg,/home/quyu/PD_new/PD_max/app/ai_detection/images/tampered/p (10).jpg,篡改,篡改,0.66,True,2,23,582.8,全局UI布局异常,"[{""result"": ""篡改"", ""confidence"": 0.66, ""bbox"": [253, 143, 160, 35], ""reason"": ""全局UI布局异常"", ""bbox_overlap_check"": {""max_iou"": 0.0, ""risk_max_iou"": 0.0, ""overlapping_pairs"": [], ""box_count"": 2, ""anomalies"": []}, ""hard_tamper_flags"": {""bbox_iou"": false}, ""original_bbox"": [253, 143, 413, 178], ""field_type"": ""amount"", ""field_label"": ""金额"", ""region_no"": 1}, {""result"": ""篡改"", ""confidence"": 0.66, ""bbox"": [492, 492, 150, 16], ""reason"": ""全局UI布局异常"", ""bbox_overlap_check"": {""max_iou"": 0.0, ""risk_max_iou"": 0.0, ""overlapping_pairs"": [], ""box_count"": 2, ""anomalies"": []}, ""hard_tamper_flags"": {""bbox_iou"": false}, ""original_bbox"": [492, 492, 642, 508], ""field_type"": ""time"", ""field_label"": ""时间"", ""region_no"": 2}]",0.11,0.01
fixed_regression,fixed_regression,p (11).jpg,/home/quyu/PD_new/PD_max/app/ai_detection/images/tampered/p (11).jpg,篡改,篡改,0.66,True,2,23,582.2,全局UI布局异常,"[{""result"": ""篡改"", ""confidence"": 0.66, ""bbox"": [252, 140, 158, 39], ""reason"": ""全局UI布局异常"", ""bbox_overlap_check"": {""max_iou"": 0.0, ""risk_max_iou"": 0.0, ""overlapping_pairs"": [], ""box_count"": 2, ""anomalies"": []}, ""hard_tamper_flags"": {""bbox_iou"": false}, ""original_bbox"": [252, 140, 410, 179], ""field_type"": ""amount"", ""field_label"": ""金额"", ""region_no"": 1}, {""result"": ""篡改"", ""confidence"": 0.66, ""bbox"": [489, 488, 151, 16], ""reason"": ""全局UI布局异常"", ""bbox_overlap_check"": {""max_iou"": 0.0, ""risk_max_iou"": 0.0, ""overlapping_pairs"": [], ""box_count"": 2, ""anomalies"": []}, ""hard_tamper_flags"": {""bbox_iou"": false}, ""original_bbox"": [489, 488, 640, 504], ""field_type"": ""time"", ""field_label"": ""时间"", ""region_no"": 2}]",0.11,0.01
fixed_regression,fixed_regression,p (18).jpg,/home/quyu/PD_new/PD_max/app/ai_detection/images/tampered/p (18).jpg,篡改,篡改,0.66,True,2,23,612.8,全局UI布局异常,"[{""result"": ""篡改"", ""confidence"": 0.66, ""bbox"": [254, 141, 157, 37], ""reason"": ""全局UI布局异常"", ""bbox_overlap_check"": {""max_iou"": 0.0, ""risk_max_iou"": 0.0, ""overlapping_pairs"": [], ""box_count"": 2, ""anomalies"": []}, ""hard_tamper_flags"": {""bbox_iou"": false}, ""original_bbox"": [254, 141, 411, 178], ""field_type"": ""amount"", ""field_label"": ""金额"", ""region_no"": 1}, {""result"": ""篡改"", ""confidence"": 0.66, ""bbox"": [491, 488, 149, 16], ""reason"": ""全局UI布局异常"", ""bbox_overlap_check"": {""max_iou"": 0.0, ""risk_max_iou"": 0.0, ""overlapping_pairs"": [], ""box_count"": 2, ""anomalies"": []}, ""hard_tamper_flags"": {""bbox_iou"": false}, ""original_bbox"": [491, 488, 640, 504], ""field_type"": ""time"", ""field_label"": ""时间"", ""region_no"": 2}]",0.11,0.01
fixed_regression,fixed_regression,p (41).jpg,/home/quyu/PD_new/PD_max/app/ai_detection/images/tampered/p (41).jpg,篡改,篡改,0.66,True,2,22,571.7,全局UI布局异常,"[{""result"": ""篡改"", ""confidence"": 0.66, ""bbox"": [269, 140, 140, 36], ""reason"": ""全局UI布局异常"", ""bbox_overlap_check"": {""max_iou"": 0.0, ""risk_max_iou"": 0.0, ""overlapping_pairs"": [], ""box_count"": 2, ""anomalies"": []}, ""hard_tamper_flags"": {""bbox_iou"": false}, ""original_bbox"": [269, 140, 409, 176], ""field_type"": ""amount"", ""field_label"": ""金额"", ""region_no"": 1}, {""result"": ""篡改"", ""confidence"": 0.66, ""bbox"": [488, 484, 147, 18], ""reason"": ""全局UI布局异常；局部字体风格异常"", ""bbox_overlap_check"": {""max_iou"": 0.0, ""risk_max_iou"": 0.0, ""overlapping_pairs"": [], ""box_count"": 2, ""anomalies"": []}, ""hard_tamper_flags"": {""bbox_iou"": false}, ""original_bbox"": [488, 484, 635, 502], ""field_type"": ""time"", ""field_label"": ""时间"", ""region_no"": 2}]",0.11,0.01
fixed_regression,fixed_regression,p (5).jpg,/home/quyu/PD_new/PD_max/app/ai_detection/images/tampered/p (5).jpg,篡改,篡改,0.66,True,2,23,568.9,全局UI布局异常,"[{""result"": ""篡改"", ""confidence"": 0.66, ""bbox"": [270, 141, 108, 36], ""reason"": ""全局UI布局异常"", ""bbox_overlap_check"": {""max_iou"": 0.0, ""risk_max_iou"": 0.0, ""overlapping_pairs"": [], ""box_count"": 2, ""anomalies"": []}, ""hard_tamper_flags"": {""bbox_iou"": false}, ""original_bbox"": [270, 141, 378, 177], ""field_type"": ""amount"", ""field_label"": ""金额"", ""region_no"": 1}, {""result"": ""篡改"", ""confidence"": 0.66, ""bbox"": [490, 487, 149, 16], ""reason"": ""全局UI布局异常；局部字体风格异常"", ""bbox_overlap_check"": {""max_iou"": 0.0, ""risk_max_iou"": 0.0, ""overlapping_pairs"": [], ""box_count"": 2, ""anomalies"": []}, ""hard_tamper_flags"": {""bbox_iou"": false}, ""original_bbox"": [490, 487, 639, 503], ""field_type"": ""time"", ""field_label"": ""时间"", ""region_no"": 2}]",0.11,0.01
fixed_regression,fixed_regression,p (6).jpg,/home/quyu/PD_new/PD_max/app/ai_detection/images/tampered/p (6).jpg,篡改,篡改,0.66,True,2,24,577.6,全局UI布局异常,"[{""result"": ""篡改"", ""confidence"": 0.66, ""bbox"": [255, 143, 160, 36], ""reason"": ""全局UI布局异常"", ""bbox_overlap_check"": {""max_iou"": 0.0, ""risk_max_iou"": 0.0, ""overlapping_pairs"": [], ""box_count"": 2, ""anomalies"": []}, ""hard_tamper_flags"": {""bbox_iou"": false}, ""original_bbox"": [255, 143, 415, 179], ""field_type"": ""amount"", ""field_label"": ""金额"", ""region_no"": 1}, {""result"": ""篡改"", ""confidence"": 0.66, ""bbox"": [495, 493, 151, 17], ""reason"": ""全局UI布局异常"", ""bbox_overlap_check"": {""max_iou"": 0.0, ""risk_max_iou"": 0.0, ""overlapping_pairs"": [], ""box_count"": 2, ""anomalies"": []}, ""hard_tamper_flags"": {""bbox_iou"": false}, ""original_bbox"": [495, 493, 646, 510], ""field_type"": ""time"", ""field_label"": ""时间"", ""region_no"": 2}]",0.11,0.01
fixed_regression,fixed_regression,p (7).jpg,/home/quyu/PD_new/PD_max/app/ai_detection/images/tampered/p (7).jpg,篡改,篡改,0.66,True,2,26,589.5,全局UI布局异常,"[{""result"": ""篡改"", ""confidence"": 0.66, ""bbox"": [252, 140, 127, 39], ""reason"": ""全局UI布局异常"", ""bbox_overlap_check"": {""max_iou"": 0.0, ""risk_max_iou"": 0.0, ""overlapping_pairs"": [], ""box_count"": 2, ""anomalies"": []}, ""hard_tamper_flags"": {""bbox_iou"": false}, ""original_bbox"": [252, 140, 379, 179], ""field_type"": ""amount"", ""field_label"": ""金额"", ""region_no"": 1}, {""result"": ""篡改"", ""confidence"": 0.66, ""bbox"": [491, 488, 149, 16], ""reason"": ""全局UI布局异常"", ""bbox_overlap_check"": {""max_iou"": 0.0, ""risk_max_iou"": 0.0, ""overlapping_pairs"": [], ""box_count"": 2, ""anomalies"": []}, ""hard_tamper_flags"": {""bbox_iou"": false}, ""original_bbox"": [491, 488, 640, 504], ""field_type"": ""time"", ""field_label"": ""时间"", ""region_no"": 2}]",0.11,0.01
fixed_regression,fixed_regression,p (21).jpg,/home/quyu/PD_new/PD_max/app/ai_detection/images/tampered/p (21).jpg,篡改,篡改,0.7122510842832385,True,1,28,655.2,全局UI布局异常,"[{""result"": ""篡改"", ""confidence"": 0.7122510842832385, ""bbox"": [286, 126, 126, 35], ""reason"": ""全局UI布局异常"", ""bbox_overlap_check"": {""max_iou"": 0.0, ""risk_max_iou"": 0.0, ""overlapping_pairs"": [], ""box_count"": 1, ""anomalies"": []}, ""hard_tamper_flags"": {""bbox_iou"": false}, ""original_bbox"": [286, 126, 412, 161], ""field_type"": ""amount"", ""field_label"": ""金额"", ""region_no"": 1}]",0.162251,0.062251
fixed_regression,fixed_regression,no (8).jpg,/home/quyu/PD_new/PD_max/app/ai_detection/images/normal/no (8).jpg,正常,正常,0.09797082711141689,True,2,54,1514.2,未检出明显篡改痕迹,"[{""result"": ""正常"", ""confidence"": 0.09797082711141689, ""bbox"": [176, 522, 118, 19], ""reason"": ""未检出明显篡改痕迹"", ""bbox_overlap_check"": {""max_iou"": 0.0, ""risk_max_iou"": 0.0, ""overlapping_pairs"": [], ""box_count"": 2, ""anomalies"": []}, ""hard_tamper_flags"": {""bbox_iou"": false}, ""original_bbox"": [176, 522, 294, 541], ""field_type"": ""amount"", ""field_label"": ""金额"", ""region_no"": 1}, {""result"": ""正常"", ""confidence"": 0.07729436561404734, ""bbox"": [176, 597, 128, 16], ""reason"": ""未检出明显篡改痕迹"", ""bbox_overlap_check"": {""max_iou"": 0.0, ""risk_max_iou"": 0.0, ""overlapping_pairs"": [], ""box_count"": 2, ""anomalies"": []}, ""hard_tamper_flags"": {""bbox_iou"": false}, ""original_bbox"": [176, 597, 304, 613], ""field_type"": ""time"", ""field_label"": ""时间"", ""region_no"": 2}]",-0.452029,-0.552029
fixed_regression,fixed_regression,no (1).jpg,/home/quyu/PD_new/PD_max/app/ai_detection/images/normal/no (1).jpg,正常,正常,0.459504222235671,True,4,32,883.1,存在局部边缘拼接/像素涂抹痕迹,"[{""result"": ""正常"", ""confidence"": 0.07494332777541535, ""bbox"": [342, 558, 398, 107], ""reason"": ""未检出明显篡改痕迹"", ""bbox_overlap_check"": {""max_iou"": 0.0, ""risk_max_iou"": 0.0, ""overlapping_pairs"": [], ""box_count"": 4, ""anomalies"": []}, ""hard_tamper_flags"": {""bbox_iou"": false}, ""original_bbox"": [342, 558, 740, 665], ""field_type"": ""amount"", ""field_label"": ""金额"", ""region_no"": 1}, {""result"": ""正常"", ""confidence"": 0.459504222235671, ""bbox"": [88, 1387, 568, 49], ""reason"": ""存在局部边缘拼接/像素涂抹痕迹"", ""bbox_overlap_check"": {""max_iou"": 0.0, ""risk_max_iou"": 0.0, ""overlapping_pairs"": [], ""box_count"": 4, ""anomalies"": []}, ""hard_tamper_flags"": {""bbox_iou"": false}, ""original_bbox"": [88, 1387, 656, 1436], ""field_type"": ""amount"", ""field_label"": ""金额"", ""region_no"": 2}, {""result"": ""正常"", ""confidence"": 0.38152013458386597, ""bbox"": [333, 811, 354, 41], ""reason"": ""存在局部边缘拼接/像素涂抹痕迹"", ""bbox_overlap_check"": {""max_iou"": 0.0, ""risk_max_iou"": 0.0, ""overlapping_pairs"": [], ""box_count"": 4, ""anomalies"": []}, ""hard_tamper_flags"": {""bbox_iou"": false}, ""original_bbox"": [333, 811, 687, 852], ""field_type"": ""time"", ""field_label"": ""时间"", ""region_no"": 3}, {""result"": ""正常"", ""confidence"": 0.45800913835316026, ""bbox"": [336, 897, 152, 46], ""reason"": ""存在局部边缘拼接/像素涂抹痕迹"", ""bbox_overlap_check"": {""max_iou"": 0.0, ""risk_max_iou"": 0.0, ""overlapping_pairs"": [], ""box_count"": 4, ""anomalies"": []}, ""hard_tamper_flags"": {""bbox_iou"": false}, ""original_bbox"": [336, 897, 488, 943], ""field_type"": ""name"", ""field_label"": ""姓名"", ""region_no"": 4}]",-0.090496,-0.190496
fixed_regression,fixed_regression,p (1).jpg,/home/quyu/PD_new/PD_max/app/ai_detection/images/tampered/p (1).jpg,篡改,篡改,0.7351412405024504,True,3,17,520.6,全局UI布局异常,"[{""result"": ""篡改"", ""confidence"": 0.7223428471385046, ""bbox"": [38, 384, 398, 36], ""reason"": ""全局UI布局异常；局部字体风格异常"", ""bbox_overlap_check"": {""max_iou"": 0.0264, ""risk_max_iou"": 0.0264, ""overlapping_pairs"": [], ""box_count"": 3, ""anomalies"": []}, ""hard_tamper_flags"": {""bbox_iou"": false}, ""original_bbox"": [38, 384, 436, 420], ""field_type"": ""amount"", ""field_label"": ""金额"", ""region_no"": 1}, {""result"": ""篡改"", ""confidence"": 0.7351412405024504, ""bbox"": [38, 418, 344, 36], ""reason"": ""全局UI布局异常"", ""bbox_overlap_check"": {""max_iou"": 0.0264, ""risk_max_iou"": 0.0264, ""overlapping_pairs"": [], ""box_count"": 3, ""anomalies"": []}, ""hard_tamper_flags"": {""bbox_iou"": false}, ""original_bbox"": [38, 418, 382, 454], ""field_type"": ""amount"", ""field_label"": ""金额"", ""region_no"": 2}, {""result"": ""篡改"", ""confidence"": 0.7334582631964652, ""bbox"": [230, 4, 265, 37], ""reason"": ""全局UI布局异常"", ""bbox_overlap_check"": {""max_iou"": 0.0264, ""risk_max_iou"": 0.0264, ""overlapping_pairs"": [], ""box_count"": 3, ""anomalies"": []}, ""hard_tamper_flags"": {""bbox_iou"": false}, ""original_bbox"": [230, 4, 495, 41], ""field_type"": ""amount"", ""field_label"": ""金额"", ""region_no"": 3}]",0.185141,0.085141
fixed_regression,fixed_regression,p (17).jpg,/home/quyu/PD_new/PD_max/app/ai_detection/images/tampered/p (17).jpg,篡改,篡改,0.7339667333019518,True,2,15,487.9,全局UI布局异常,"[{""result"": ""篡改"", ""confidence"": 0.7270789817060297, ""bbox"": [43, 379, 441, 41], ""reason"": ""全局UI布局异常；局部字体风格异常"", ""bbox_overlap_check"": {""max_iou"": 0.0153, ""risk_max_iou"": 0.0153, ""overlapping_pairs"": [], ""box_count"": 2, ""anomalies"": []}, ""hard_tamper_flags"": {""bbox_iou"": false}, ""original_bbox"": [43, 379, 484, 420], ""field_type"": ""amount"", ""field_label"": ""金额"", ""region_no"": 1}, {""result"": ""篡改"", ""confidence"": 0.7339667333019518, ""bbox"": [44, 418, 198, 41], ""reason"": ""全局UI布局异常"", ""bbox_overlap_check"": {""max_iou"": 0.0153, ""risk_max_iou"": 0.0153, ""overlapping_pairs"": [], ""box_count"": 2, ""anomalies"": []}, ""hard_tamper_flags"": {""bbox_iou"": false}, ""original_bbox"": [44, 418, 242, 459], ""field_type"": ""amount"", ""field_label"": ""金额"", ""region_no"": 2}]",0.183967,0.083967
fixed_regression,fixed_regression,p (25).jpg,/home/quyu/PD_new/PD_max/app/ai_detection/images/tampered/p (25).jpg,篡改,篡改,0.78768964262242,True,3,36,818.8,全局UI布局异常；存在局部边缘拼接/像素涂抹痕迹,"[{""result"": ""篡改"", ""confidence"": 0.78768964262242, ""bbox"": [550, 671, 143, 31], ""reason"": ""全局UI布局异常；存在局部边缘拼接/像素涂抹痕迹"", ""bbox_overlap_check"": {""max_iou"": 0.0, ""risk_max_iou"": 0.0, ""overlapping_pairs"": [], ""box_count"": 3, ""anomalies"": []}, ""hard_tamper_flags"": {""bbox_iou"": false}, ""original_bbox"": [550, 671, 693, 702], ""field_type"": ""amount"", ""field_label"": ""金额"", ""region_no"": 1}, {""result"": ""篡改"", ""confidence"": 0.71306758582592, ""bbox"": [604, 737, 92, 38], ""reason"": ""全局UI布局异常"", ""bbox_overlap_check"": {""max_iou"": 0.0, ""risk_max_iou"": 0.0, ""overlapping_pairs"": [], ""box_count"": 3, ""anomalies"": []}, ""hard_tamper_flags"": {""bbox_iou"": false}, ""original_bbox"": [604, 737, 696, 775], ""field_type"": ""name"", ""field_label"": ""姓名"", ""region_no"": 2}, {""result"": ""篡改"", ""confidence"": 0.740701556219202, ""bbox"": [427, 600, 63, 29], ""reason"": ""全局UI布局异常"", ""bbox_overlap_check"": {""max_iou"": 0.0, ""risk_max_iou"": 0.0, ""overlapping_pairs"": [], ""box_count"": 3, ""anomalies"": []}, ""hard_tamper_flags"": {""bbox_iou"": false}, ""original_bbox"": [427, 600, 490, 629], ""field_type"": ""amount"", ""field_label"": ""金额"", ""region_no"": 3}]",0.23769,0.13769
fixed_regression,fixed_regression,p (15).jpg,/home/quyu/PD_new/PD_max/app/ai_detection/images/tampered/p (15).jpg,篡改,篡改,0.7606259161486334,True,6,26,717.1,全局UI布局异常；检测到多个高度重叠的疑似数字区域(疑似复制贴图),"[{""result"": ""篡改"", ""confidence"": 0.7427245062756246, ""bbox"": [38, 168, 453, 39], ""reason"": ""全局UI布局异常；检测到多个高度重叠的疑似数字区域(疑似复制贴图)"", ""bbox_overlap_check"": {""max_iou"": 0.7925, ""risk_max_iou"": 0.7925, ""overlapping_pairs"": [{""bbox_a"": [38, 168, 491, 207], ""bbox_b"": [38, 168, 397, 207], ""iou"": 0.7925, ""same_row_fragment"": false}], ""box_count"": 6, ""anomalies"": [""bbox_iou_hard_overlap""]}, ""hard_tamper_flags"": {""bbox_iou"": true}, ""original_bbox"": [38, 168, 491, 207], ""field_type"": ""amount"", ""field_label"": ""金额"", ""region_no"": 1}, {""result"": ""篡改"", ""confidence"": 0.720612305058429, ""bbox"": [37, 546, 397, 38], ""reason"": ""全局UI布局异常；检测到多个高度重叠的疑似数字区域(疑似复制贴图)；局部字体风格异常"", ""bbox_overlap_check"": {""max_iou"": 0.7925, ""risk_max_iou"": 0.7925, ""overlapping_pairs"": [{""bbox_a"": [38, 168, 491, 207], ""bbox_b"": [38, 168, 397, 207], ""iou"": 0.7925, ""same_row_fragment"": false}], ""box_count"": 6, ""anomalies"": [""bbox_iou_hard_overlap""]}, ""hard_tamper_flags"": {""bbox_iou"": true}, ""original_bbox"": [37, 546, 434, 584], ""field_type"": ""amount"", ""field_label"": ""金额"", ""region_no"": 2}, {""result"": ""篡改"", ""confidence"": 0.7433507861705377, ""bbox"": [38, 168, 359, 39], ""reason"": ""全局UI布局异常；检测到多个高度重叠的疑似数字区域(疑似复制贴图)"", ""bbox_overlap_check"": {""max_iou"": 0.7925, ""risk_max_iou"": 0.7925, ""overlapping_pairs"": [{""bbox_a"": [38, 168, 491, 207], ""bbox_b"": [38, 168, 397, 207], ""iou"": 0.7925, ""same_row_fragment"": false}], ""box_count"": 6, ""anomalies"": [""bbox_iou_hard_overlap""]}, ""hard_tamper_flags"": {""bbox_iou"": true}, ""original_bbox"": [38, 168, 397, 207], ""field_type"": ""amount"", ""field_label"": ""金额"", ""region_no"": 3}, {""result"": ""篡改"", ""confidence"": 0.7339442065988542, ""bbox"": [38, 581, 372, 37], ""reason"": ""全局UI布局异常；检测到多个高度重叠的疑似数字区域(疑似复制贴图)"", ""bbox_overlap_check"": {""max_iou"": 0.7925, ""risk_max_iou"": 0.7925, ""overlapping_pairs"": [{""bbox_a"": [38, 168, 491, 207], ""bbox_b"": [38, 168, 397, 207], ""iou"": 0.7925, ""same_row_fragment"": false}], ""box_count"": 6, ""anomalies"": [""bbox_iou_hard_overlap""]}, ""hard_tamper_flags"": {""bbox_iou"": true}, ""original_bbox"": [38, 581, 410, 618], ""field_type"": ""amount"", ""field_label"": ""金额"", ""region_no"": 4}, {""result"": ""篡改"", ""confidence"": 0.7129630714654922, ""bbox"": [407, 171, 84, 32], ""reason"": ""全局UI布局异常；检测到多个高度重叠的疑似数字区域(疑似复制贴图)"", ""bbox_overlap_check"": {""max_iou"": 0.7925, ""risk_max_iou"": 0.7925, ""overlapping_pairs"": [{""bbox_a"": [38, 168, 491, 207], ""bbox_b"": [38, 168, 397, 207], ""iou"": 0.7925, ""same_row_fragment"": false}], ""box_count"": 6, ""anomalies"": [""bbox_iou_hard_overlap""]}, ""hard_tamper_flags"": {""bbox_iou"": true}, ""original_bbox"": [407, 171, 491, 203], ""field_type"": ""amount"", ""field_label"": ""金额"", ""region_no"": 5}, {""result"": ""篡改"", ""confidence"": 0.7606259161486334, ""bbox"": [190, 127, 75, 28], ""reason"": ""全局UI布局异常；检测到多个高度重叠的疑似数字区域(疑似复制贴图)"", ""bbox_overlap_check"": {""max_iou"": 0.7925, ""risk_max_iou"": 0.7925, ""overlapping_pairs"": [{""bbox_a"": [38, 168, 491, 207], ""bbox_b"": [38, 168, 397, 207], ""iou"": 0.7925, ""same_row_fragment"": false}], ""box_count"": 6, ""anomalies"": [""bbox_iou_hard_overlap""]}, ""hard_tamper_flags"": {""bbox_iou"": true}, ""original_bbox"": [190, 127, 265, 155], ""field_type"": ""amount"", ""field_label"": ""金额"", ""region_no"": 6}]",0.210626,0.110626
fixed_regression,fixed_regression,p (44).jpg,/home/quyu/PD_new/PD_max/app/ai_detection/images/tampered/p (44).jpg,篡改,篡改,0.8741608547383981,True,6,39,1509.4,全局UI布局异常；存在局部边缘拼接/像素涂抹痕迹,"[{""result"": ""篡改"", ""confidence"": 0.7410980138220329, ""bbox"": [540, 2049, 532, 76], ""reason"": ""全局UI布局异常"", ""bbox_overlap_check"": {""max_iou"": 0.0, ""risk_max_iou"": 0.0, ""overlapping_pairs"": [], ""box_count"": 6, ""anomalies"": []}, ""hard_tamper_flags"": {""bbox_iou"": false}, ""original_bbox"": [540, 2049, 1072, 2125], ""field_type"": ""amount"", ""field_label"": ""金额"", ""region_no"": 1}, {""result"": ""篡改"", ""confidence"": 0.7516537243188722, ""bbox"": [467, 878, 322, 93], ""reason"": ""全局UI布局异常"", ""bbox_overlap_check"": {""max_iou"": 0.0, ""risk_max_iou"": 0.0, ""overlapping_pairs"": [], ""box_count"": 6, ""anomalies"": []}, ""hard_tamper_flags"": {""bbox_iou"": false}, ""original_bbox"": [467, 878, 789, 971], ""field_type"": ""amount"", ""field_label"": ""金额"", ""region_no"": 2}, {""result"": ""篡改"", ""confidence"": 0.7505239073205235, ""bbox"": [116, 2053, 393, 67], ""reason"": ""全局UI布局异常"", ""bbox_overlap_check"": {""max_iou"": 0.0, ""risk_max_iou"": 0.0, ""overlapping_pairs"": [], ""box_count"": 6, ""anomalies"": []}, ""hard_tamper_flags"": {""bbox_iou"": false}, ""original_bbox"": [116, 2053, 509, 2120], ""field_type"": ""amount"", ""field_label"": ""金额"", ""region_no"": 3}, {""result"": ""篡改"", ""confidence"": 0.7600952583156995, ""bbox"": [117, 1200, 209, 55], ""reason"": ""全局UI布局异常"", ""bbox_overlap_check"": {""max_iou"": 0.0, ""risk_max_iou"": 0.0, ""overlapping_pairs"": [], ""box_count"": 6, ""anomalies"": []}, ""hard_tamper_flags"": {""bbox_iou"": false}, ""original_bbox"": [117, 1200, 326, 1255], ""field_type"": ""amount"", ""field_label"": ""金额"", ""region_no"": 4}, {""result"": ""篡改"", ""confidence"": 0.7591731984311836, ""bbox"": [633, 1068, 178, 52], ""reason"": ""全局UI布局异常"", ""bbox_overlap_check"": {""max_iou"": 0.0, ""risk_max_iou"": 0.0, ""overlapping_pairs"": [], ""box_count"": 6, ""anomalies"": []}, ""hard_tamper_flags"": {""bbox_iou"": false}, ""original_bbox"": [633, 1068, 811, 1120], ""field_type"": ""amount"", ""field_label"": ""金额"", ""region_no"": 5}, {""result"": ""篡改"", ""confidence"": 0.8741608547383981, ""bbox"": [372, 249, 146, 52], ""reason"": ""全局UI布局异常；存在局部边缘拼接/像素涂抹痕迹"", ""bbox_overlap_check"": {""max_iou"": 0.0, ""risk_max_iou"": 0.0, ""overlapping_pairs"": [], ""box_count"": 6, ""anomalies"": []}, ""hard_tamper_flags"": {""bbox_iou"": false}, ""original_bbox"": [372, 249, 518, 301], ""field_type"": ""amount"", ""field_label"": ""金额"", ""region_no"": 6}]",0.324161,0.224161
fixed_regression,fixed_regression,p (19).jpg,/home/quyu/PD_new/PD_max/app/ai_detection/images/tampered/p (19).jpg,篡改,篡改,0.8822688316626202,True,5,31,865.0,全局UI布局异常；存在局部边缘拼接/像素涂抹痕迹,"[{""result"": ""篡改"", ""confidence"": 0.7438389790637725, ""bbox"": [299, 407, 264, 54], ""reason"": ""全局UI布局异常"", ""bbox_overlap_check"": {""max_iou"": 0.0, ""risk_max_iou"": 0.0, ""overlapping_pairs"": [], ""box_count"": 5, ""anomalies"": []}, ""hard_tamper_flags"": {""bbox_iou"": false}, ""original_bbox"": [299, 407, 563, 461], ""field_type"": ""amount"", ""field_label"": ""金额"", ""region_no"": 1}, {""result"": ""篡改"", ""confidence"": 0.8033585654542656, ""bbox"": [477, 1000, 293, 32], ""reason"": ""全局UI布局异常；存在局部边缘拼接/像素涂抹痕迹"", ""bbox_overlap_check"": {""max_iou"": 0.0, ""risk_max_iou"": 0.0, ""overlapping_pairs"": [], ""box_count"": 5, ""anomalies"": []}, ""hard_tamper_flags"": {""bbox_iou"": false}, ""original_bbox"": [477, 1000, 770, 1032], ""field_type"": ""time"", ""field_label"": ""时间"", ""region_no"": 2}, {""result"": ""篡改"", ""confidence"": 0.8822688316626202, ""bbox"": [632, 940, 139, 33], ""reason"": ""全局UI布局异常；存在局部边缘拼接/像素涂抹痕迹"", ""bbox_overlap_check"": {""max_iou"": 0.0, ""risk_max_iou"": 0.0, ""overlapping_pairs"": [], ""box_count"": 5, ""anomalies"": []}, ""hard_tamper_flags"": {""bbox_iou"": false}, ""original_bbox"": [632, 940, 771, 973], ""field_type"": ""amount"", ""field_label"": ""金额"", ""region_no"": 3}, {""result"": ""篡改"", ""confidence"": 0.8293161114783023, ""bbox"": [670, 757, 101, 39], ""reason"": ""全局UI布局异常；存在局部边缘拼接/像素涂抹痕迹"", ""bbox_overlap_check"": {""max_iou"": 0.0, ""risk_max_iou"": 0.0, ""overlapping_pairs"": [], ""box_count"": 5, ""anomalies"": []}, ""hard_tamper_flags"": {""bbox_iou"": false}, ""original_bbox"": [670, 757, 771, 796], ""field_type"": ""name"", ""field_label"": ""姓名"", ""region_no"": 4}, {""result"": ""篡改"", ""confidence"": 0.8340483316315372, ""bbox"": [700, 638, 70, 36], ""reason"": ""全局UI布局异常；存在局部边缘拼接/像素涂抹痕迹"", ""bbox_overlap_check"": {""max_iou"": 0.0, ""risk_max_iou"": 0.0, ""overlapping_pairs"": [], ""box_count"": 5, ""anomalies"": []}, ""hard_tamper_flags"": {""bbox_iou"": false}, ""original_bbox"": [700, 638, 770, 674], ""field_type"": ""name"", ""field_label"": ""姓名"", ""region_no"": 5}]",0.332269,0.232269
fixed_regression,fixed_regression,p (23).jpg,/home/quyu/PD_new/PD_max/app/ai_detection/images/tampered/p (23).jpg,篡改,篡改,0.8575914073357238,True,5,29,937.7,全局UI布局异常；存在局部边缘拼接/像素涂抹痕迹,"[{""result"": ""篡改"", ""confidence"": 0.7453542307360553, ""bbox"": [298, 407, 265, 55], ""reason"": ""全局UI布局异常；局部字体风格异常"", ""bbox_overlap_check"": {""max_iou"": 0.0, ""risk_max_iou"": 0.0, ""overlapping_pairs"": [], ""box_count"": 5, ""anomalies"": []}, ""hard_tamper_flags"": {""bbox_iou"": false}, ""original_bbox"": [298, 407, 563, 462], ""field_type"": ""amount"", ""field_label"": ""金额"", ""region_no"": 1}, {""result"": ""篡改"", ""confidence"": 0.8369893434343573, ""bbox"": [477, 1000, 293, 32], ""reason"": ""全局UI布局异常；存在局部边缘拼接/像素涂抹痕迹"", ""bbox_overlap_check"": {""max_iou"": 0.0, ""risk_max_iou"": 0.0, ""overlapping_pairs"": [], ""box_count"": 5, ""anomalies"": []}, ""hard_tamper_flags"": {""bbox_iou"": false}, ""original_bbox"": [477, 1000, 770, 1032], ""field_type"": ""time"", ""field_label"": ""时间"", ""region_no"": 2}, {""result"": ""篡改"", ""confidence"": 0.8575914073357238, ""bbox"": [631, 939, 139, 34], ""reason"": ""全局UI布局异常；存在局部边缘拼接/像素涂抹痕迹"", ""bbox_overlap_check"": {""max_iou"": 0.0, ""risk_max_iou"": 0.0, ""overlapping_pairs"": [], ""box_count"": 5, ""anomalies"": []}, ""hard_tamper_flags"": {""bbox_iou"": false}, ""original_bbox"": [631, 939, 770, 973], ""field_type"": ""amount"", ""field_label"": ""金额"", ""region_no"": 3}, {""result"": ""篡改"", ""confidence"": 0.828742642399945, ""bbox"": [670, 757, 101, 39], ""reason"": ""全局UI布局异常；存在局部边缘拼接/像素涂抹痕迹"", ""bbox_overlap_check"": {""max_iou"": 0.0, ""risk_max_iou"": 0.0, ""overlapping_pairs"": [], ""box_count"": 5, ""anomalies"": []}, ""hard_tamper_flags"": {""bbox_iou"": false}, ""original_bbox"": [670, 757, 771, 796], ""field_type"": ""name"", ""field_label"": ""姓名"", ""region_no"": 4}, {""result"": ""篡改"", ""confidence"": 0.8332393668316614, ""bbox"": [701, 638, 70, 37], ""reason"": ""全局UI布局异常；存在局部边缘拼接/像素涂抹痕迹"", ""bbox_overlap_check"": {""max_iou"": 0.0, ""risk_max_iou"": 0.0, ""overlapping_pairs"": [], ""box_count"": 5, ""anomalies"": []}, ""hard_tamper_flags"": {""bbox_iou"": false}, ""original_bbox"": [701, 638, 771, 675], ""field_type"": ""name"", ""field_label"": ""姓名"", ""region_no"": 5}]",0.307591,0.207591
fixed_regression,fixed_regression,p (27).jpg,/home/quyu/PD_new/PD_max/app/ai_detection/images/tampered/p (27).jpg,篡改,篡改,0.8370755961862495,True,5,30,774.6,全局UI布局异常；存在局部边缘拼接/像素涂抹痕迹,"[{""result"": ""篡改"", ""confidence"": 0.7439932527722877, ""bbox"": [294, 407, 275, 57], ""reason"": ""全局UI布局异常"", ""bbox_overlap_check"": {""max_iou"": 0.0, ""risk_max_iou"": 0.0, ""overlapping_pairs"": [], ""box_count"": 5, ""anomalies"": []}, ""hard_tamper_flags"": {""bbox_iou"": false}, ""original_bbox"": [294, 407, 569, 464], ""field_type"": ""amount"", ""field_label"": ""金额"", ""region_no"": 1}, {""result"": ""篡改"", ""confidence"": 0.8370755961862495, ""bbox"": [477, 1000, 290, 32], ""reason"": ""全局UI布局异常；存在局部边缘拼接/像素涂抹痕迹"", ""bbox_overlap_check"": {""max_iou"": 0.0, ""risk_max_iou"": 0.0, ""overlapping_pairs"": [], ""box_count"": 5, ""anomalies"": []}, ""hard_tamper_flags"": {""bbox_iou"": false}, ""original_bbox"": [477, 1000, 767, 1032], ""field_type"": ""time"", ""field_label"": ""时间"", ""region_no"": 2}, {""result"": ""篡改"", ""confidence"": 0.8033415878309291, ""bbox"": [626, 940, 144, 35], ""reason"": ""全局UI布局异常；存在局部边缘拼接/像素涂抹痕迹"", ""bbox_overlap_check"": {""max_iou"": 0.0, ""risk_max_iou"": 0.0, ""overlapping_pairs"": [], ""box_count"": 5, ""anomalies"": []}, ""hard_tamper_flags"": {""bbox_iou"": false}, ""original_bbox"": [626, 940, 770, 975], ""field_type"": ""amount"", ""field_label"": ""金额"", ""region_no"": 3}, {""result"": ""篡改"", ""confidence"": 0.8287629675838133, ""bbox"": [670, 757, 101, 39], ""reason"": ""全局UI布局异常；存在局部边缘拼接/像素涂抹痕迹"", ""bbox_overlap_check"": {""max_iou"": 0.0, ""risk_max_iou"": 0.0, ""overlapping_pairs"": [], ""box_count"": 5, ""anomalies"": []}, ""hard_tamper_flags"": {""bbox_iou"": false}, ""original_bbox"": [670, 757, 771, 796], ""field_type"": ""name"", ""field_label"": ""姓名"", ""region_no"": 4}, {""result"": ""篡改"", ""confidence"": 0.8332596920155297, ""bbox"": [701, 638, 70, 37], ""reason"": ""全局UI布局异常；存在局部边缘拼接/像素涂抹痕迹"", ""bbox_overlap_check"": {""max_iou"": 0.0, ""risk_max_iou"": 0.0, ""overlapping_pairs"": [], ""box_count"": 5, ""anomalies"": []}, ""hard_tamper_flags"": {""bbox_iou"": false}, ""original_bbox"": [701, 638, 771, 675], ""field_type"": ""name"", ""field_label"": ""姓名"", ""region_no"": 5}]",0.287076,0.187076
fixed_regression,fixed_regression,p (28).jpg,/home/quyu/PD_new/PD_max/app/ai_detection/images/tampered/p (28).jpg,篡改,篡改,0.8538838397034203,True,5,29,757.0,全局UI布局异常；存在局部边缘拼接/像素涂抹痕迹,"[{""result"": ""篡改"", ""confidence"": 0.7420095505670504, ""bbox"": [298, 405, 265, 56], ""reason"": ""全局UI布局异常"", ""bbox_overlap_check"": {""max_iou"": 0.0, ""risk_max_iou"": 0.0, ""overlapping_pairs"": [], ""box_count"": 5, ""anomalies"": []}, ""hard_tamper_flags"": {""bbox_iou"": false}, ""original_bbox"": [298, 405, 563, 461], ""field_type"": ""amount"", ""field_label"": ""金额"", ""region_no"": 1}, {""result"": ""篡改"", ""confidence"": 0.7803588549477177, ""bbox"": [477, 999, 293, 33], ""reason"": ""全局UI布局异常；存在局部边缘拼接/像素涂抹痕迹"", ""bbox_overlap_check"": {""max_iou"": 0.0, ""risk_max_iou"": 0.0, ""overlapping_pairs"": [], ""box_count"": 5, ""anomalies"": []}, ""hard_tamper_flags"": {""bbox_iou"": false}, ""original_bbox"": [477, 999, 770, 1032], ""field_type"": ""time"", ""field_label"": ""时间"", ""region_no"": 2}, {""result"": ""篡改"", ""confidence"": 0.8538838397034203, ""bbox"": [632, 939, 138, 34], ""reason"": ""全局UI布局异常；存在局部边缘拼接/像素涂抹痕迹"", ""bbox_overlap_check"": {""max_iou"": 0.0, ""risk_max_iou"": 0.0, ""overlapping_pairs"": [], ""box_count"": 5, ""anomalies"": []}, ""hard_tamper_flags"": {""bbox_iou"": false}, ""original_bbox"": [632, 939, 770, 973], ""field_type"": ""amount"", ""field_label"": ""金额"", ""region_no"": 3}, {""result"": ""篡改"", ""confidence"": 0.8277970871062015, ""bbox"": [670, 757, 101, 39], ""reason"": ""全局UI布局异常；存在局部边缘拼接/像素涂抹痕迹"", ""bbox_overlap_check"": {""max_iou"": 0.0, ""risk_max_iou"": 0.0, ""overlapping_pairs"": [], ""box_count"": 5, ""anomalies"": []}, ""hard_tamper_flags"": {""bbox_iou"": false}, ""original_bbox"": [670, 757, 771, 796], ""field_type"": ""name"", ""field_label"": ""姓名"", ""region_no"": 4}, {""result"": ""篡改"", ""confidence"": 0.8325293072594364, ""bbox"": [700, 638, 70, 36], ""reason"": ""全局UI布局异常；存在局部边缘拼接/像素涂抹痕迹"", ""bbox_overlap_check"": {""max_iou"": 0.0, ""risk_max_iou"": 0.0, ""overlapping_pairs"": [], ""box_count"": 5, ""anomalies"": []}, ""hard_tamper_flags"": {""bbox_iou"": false}, ""original_bbox"": [700, 638, 770, 674], ""field_type"": ""name"", ""field_label"": ""姓名"", ""region_no"": 5}]",0.303884,0.203884
fixed_regression,fixed_regression,p (3).jpg,/home/quyu/PD_new/PD_max/app/ai_detection/images/tampered/p (3).jpg,篡改,篡改,0.8333979151867639,True,5,30,872.8,全局UI布局异常；存在局部边缘拼接/像素涂抹痕迹,"[{""result"": ""篡改"", ""confidence"": 0.7346940402257297, ""bbox"": [298, 407, 265, 54], ""reason"": ""全局UI布局异常；局部字体风格异常"", ""bbox_overlap_check"": {""max_iou"": 0.0, ""risk_max_iou"": 0.0, ""overlapping_pairs"": [], ""box_count"": 5, ""anomalies"": []}, ""hard_tamper_flags"": {""bbox_iou"": false}, ""original_bbox"": [298, 407, 563, 461], ""field_type"": ""amount"", ""field_label"": ""金额"", ""region_no"": 1}, {""result"": ""篡改"", ""confidence"": 0.8100757939826468, ""bbox"": [477, 999, 293, 33], ""reason"": ""全局UI布局异常；存在局部边缘拼接/像素涂抹痕迹"", ""bbox_overlap_check"": {""max_iou"": 0.0, ""risk_max_iou"": 0.0, ""overlapping_pairs"": [], ""box_count"": 5, ""anomalies"": []}, ""hard_tamper_flags"": {""bbox_iou"": false}, ""original_bbox"": [477, 999, 770, 1032], ""field_type"": ""time"", ""field_label"": ""时间"", ""region_no"": 2}, {""result"": ""篡改"", ""confidence"": 0.7835184999413938, ""bbox"": [632, 940, 138, 33], ""reason"": ""全局UI布局异常；存在局部边缘拼接/像素涂抹痕迹"", ""bbox_overlap_check"": {""max_iou"": 0.0, ""risk_max_iou"": 0.0, ""overlapping_pairs"": [], ""box_count"": 5, ""anomalies"": []}, ""hard_tamper_flags"": {""bbox_iou"": false}, ""original_bbox"": [632, 940, 770, 973], ""field_type"": ""amount"", ""field_label"": ""金额"", ""region_no"": 3}, {""result"": ""篡改"", ""confidence"": 0.8289011907550474, ""bbox"": [670, 757, 101, 39], ""reason"": ""全局UI布局异常；存在局部边缘拼接/像素涂抹痕迹"", ""bbox_overlap_check"": {""max_iou"": 0.0, ""risk_max_iou"": 0.0, ""overlapping_pairs"": [], ""box_count"": 5, ""anomalies"": []}, ""hard_tamper_flags"": {""bbox_iou"": false}, ""original_bbox"": [670, 757, 771, 796], ""field_type"": ""name"", ""field_label"": ""姓名"", ""region_no"": 4}, {""result"": ""篡改"", ""confidence"": 0.8333979151867639, ""bbox"": [701, 638, 70, 37], ""reason"": ""全局UI布局异常；存在局部边缘拼接/像素涂抹痕迹"", ""bbox_overlap_check"": {""max_iou"": 0.0, ""risk_max_iou"": 0.0, ""overlapping_pairs"": [], ""box_count"": 5, ""anomalies"": []}, ""hard_tamper_flags"": {""bbox_iou"": false}, ""original_bbox"": [701, 638, 771, 675], ""field_type"": ""name"", ""field_label"": ""姓名"", ""region_no"": 5}]",0.283398,0.183398
fixed_regression,fixed_regression,p (33).jpg,/home/quyu/PD_new/PD_max/app/ai_detection/images/tampered/p (33).jpg,篡改,篡改,0.8581711785895305,True,5,31,1062.7,全局UI布局异常；存在局部边缘拼接/像素涂抹痕迹,"[{""result"": ""篡改"", ""confidence"": 0.7538728977534559, ""bbox"": [299, 407, 264, 54], ""reason"": ""全局UI布局异常"", ""bbox_overlap_check"": {""max_iou"": 0.0, ""risk_max_iou"": 0.0, ""overlapping_pairs"": [], ""box_count"": 5, ""anomalies"": []}, ""hard_tamper_flags"": {""bbox_iou"": false}, ""original_bbox"": [299, 407, 563, 461], ""field_type"": ""amount"", ""field_label"": ""金额"", ""region_no"": 1}, {""result"": ""篡改"", ""confidence"": 0.7737598287374123, ""bbox"": [477, 1000, 294, 32], ""reason"": ""全局UI布局异常；存在局部边缘拼接/像素涂抹痕迹"", ""bbox_overlap_check"": {""max_iou"": 0.0, ""risk_max_iou"": 0.0, ""overlapping_pairs"": [], ""box_count"": 5, ""anomalies"": []}, ""hard_tamper_flags"": {""bbox_iou"": false}, ""original_bbox"": [477, 1000, 771, 1032], ""field_type"": ""time"", ""field_label"": ""时间"", ""region_no"": 2}, {""result"": ""篡改"", ""confidence"": 0.8581711785895305, ""bbox"": [632, 940, 139, 33], ""reason"": ""全局UI布局异常；存在局部边缘拼接/像素涂抹痕迹"", ""bbox_overlap_check"": {""max_iou"": 0.0, ""risk_max_iou"": 0.0, ""overlapping_pairs"": [], ""box_count"": 5, ""anomalies"": []}, ""hard_tamper_flags"": {""bbox_iou"": false}, ""original_bbox"": [632, 940, 771, 973], ""field_type"": ""amount"", ""field_label"": ""金额"", ""region_no"": 3}, {""result"": ""篡改"", ""confidence"": 0.8330305717610134, ""bbox"": [701, 638, 70, 37], ""reason"": ""全局UI布局异常；存在局部边缘拼接/像素涂抹痕迹"", ""bbox_overlap_check"": {""max_iou"": 0.0, ""risk_max_iou"": 0.0, ""overlapping_pairs"": [], ""box_count"": 5, ""anomalies"": []}, ""hard_tamper_flags"": {""bbox_iou"": false}, ""original_bbox"": [701, 638, 771, 675], ""field_type"": ""name"", ""field_label"": ""姓名"", ""region_no"": 4}, {""result"": ""篡改"", ""confidence"": 0.8331817072028593, ""bbox"": [700, 759, 68, 37], ""reason"": ""全局UI布局异常；存在局部边缘拼接/像素涂抹痕迹"", ""bbox_overlap_check"": {""max_iou"": 0.0, ""risk_max_iou"": 0.0, ""overlapping_pairs"": [], ""box_count"": 5, ""anomalies"": []}, ""hard_tamper_flags"": {""bbox_iou"": false}, ""original_bbox"": [700, 759, 768, 796], ""field_type"": ""name"", ""field_label"": ""姓名"", ""region_no"": 5}]",0.308171,0.208171
fixed_regression,fixed_regression,p (34).jpg,/home/quyu/PD_new/PD_max/app/ai_detection/images/tampered/p (34).jpg,篡改,篡改,0.8581711785895305,True,5,31,845.7,全局UI布局异常；存在局部边缘拼接/像素涂抹痕迹,"[{""result"": ""篡改"", ""confidence"": 0.7538728977534559, ""bbox"": [299, 407, 264, 54], ""reason"": ""全局UI布局异常"", ""bbox_overlap_check"": {""max_iou"": 0.0, ""risk_max_iou"": 0.0, ""overlapping_pairs"": [], ""box_count"": 5, ""anomalies"": []}, ""hard_tamper_flags"": {""bbox_iou"": false}, ""original_bbox"": [299, 407, 563, 461], ""field_type"": ""amount"", ""field_label"": ""金额"", ""region_no"": 1}, {""result"": ""篡改"", ""confidence"": 0.7737598287374123, ""bbox"": [477, 1000, 294, 32], ""reason"": ""全局UI布局异常；存在局部边缘拼接/像素涂抹痕迹"", ""bbox_overlap_check"": {""max_iou"": 0.0, ""risk_max_iou"": 0.0, ""overlapping_pairs"": [], ""box_count"": 5, ""anomalies"": []}, ""hard_tamper_flags"": {""bbox_iou"": false}, ""original_bbox"": [477, 1000, 771, 1032], ""field_type"": ""time"", ""field_label"": ""时间"", ""region_no"": 2}, {""result"": ""篡改"", ""confidence"": 0.8581711785895305, ""bbox"": [632, 940, 139, 33], ""reason"": ""全局UI布局异常；存在局部边缘拼接/像素涂抹痕迹"", ""bbox_overlap_check"": {""max_iou"": 0.0, ""risk_max_iou"": 0.0, ""overlapping_pairs"": [], ""box_count"": 5, ""anomalies"": []}, ""hard_tamper_flags"": {""bbox_iou"": false}, ""original_bbox"": [632, 940, 771, 973], ""field_type"": ""amount"", ""field_label"": ""金额"", ""region_no"": 3}, {""result"": ""篡改"", ""confidence"": 0.8330305717610134, ""bbox"": [701, 638, 70, 37], ""reason"": ""全局UI布局异常；存在局部边缘拼接/像素涂抹痕迹"", ""bbox_overlap_check"": {""max_iou"": 0.0, ""risk_max_iou"": 0.0, ""overlapping_pairs"": [], ""box_count"": 5, ""anomalies"": []}, ""hard_tamper_flags"": {""bbox_iou"": false}, ""original_bbox"": [701, 638, 771, 675], ""field_type"": ""name"", ""field_label"": ""姓名"", ""region_no"": 4}, {""result"": ""篡改"", ""confidence"": 0.8331817072028593, ""bbox"": [700, 759, 68, 37], ""reason"": ""全局UI布局异常；存在局部边缘拼接/像素涂抹痕迹"", ""bbox_overlap_check"": {""max_iou"": 0.0, ""risk_max_iou"": 0.0, ""overlapping_pairs"": [], ""box_count"": 5, ""anomalies"": []}, ""hard_tamper_flags"": {""bbox_iou"": false}, ""original_bbox"": [700, 759, 768, 796], ""field_type"": ""name"", ""field_label"": ""姓名"", ""region_no"": 5}]",0.308171,0.208171
fixed_regression,fixed_regression,p (35).jpg,/home/quyu/PD_new/PD_max/app/ai_detection/images/tampered/p (35).jpg,篡改,篡改,0.8339686104191502,True,5,32,997.8,全局UI布局异常；存在局部边缘拼接/像素涂抹痕迹,"[{""result"": ""篡改"", ""confidence"": 0.7452707968847151, ""bbox"": [298, 407, 265, 54], ""reason"": ""全局UI布局异常"", ""bbox_overlap_check"": {""max_iou"": 0.0, ""risk_max_iou"": 0.0, ""overlapping_pairs"": [], ""box_count"": 5, ""anomalies"": []}, ""hard_tamper_flags"": {""bbox_iou"": false}, ""original_bbox"": [298, 407, 563, 461], ""field_type"": ""amount"", ""field_label"": ""金额"", ""region_no"": 1}, {""result"": ""篡改"", ""confidence"": 0.7848842437596815, ""bbox"": [477, 999, 294, 33], ""reason"": ""全局UI布局异常；存在局部边缘拼接/像素涂抹痕迹"", ""bbox_overlap_check"": {""max_iou"": 0.0, ""risk_max_iou"": 0.0, ""overlapping_pairs"": [], ""box_count"": 5, ""anomalies"": []}, ""hard_tamper_flags"": {""bbox_iou"": false}, ""original_bbox"": [477, 999, 771, 1032], ""field_type"": ""time"", ""field_label"": ""时间"", ""region_no"": 2}, {""result"": ""篡改"", ""confidence"": 0.8262600867347429, ""bbox"": [632, 940, 139, 33], ""reason"": ""全局UI布局异常；存在局部边缘拼接/像素涂抹痕迹"", ""bbox_overlap_check"": {""max_iou"": 0.0, ""risk_max_iou"": 0.0, ""overlapping_pairs"": [], ""box_count"": 5, ""anomalies"": []}, ""hard_tamper_flags"": {""bbox_iou"": false}, ""original_bbox"": [632, 940, 771, 973], ""field_type"": ""amount"", ""field_label"": ""金额"", ""region_no"": 3}, {""result"": ""篡改"", ""confidence"": 0.8332582033692462, ""bbox"": [701, 759, 69, 37], ""reason"": ""全局UI布局异常；存在局部边缘拼接/像素涂抹痕迹"", ""bbox_overlap_check"": {""max_iou"": 0.0, ""risk_max_iou"": 0.0, ""overlapping_pairs"": [], ""box_count"": 5, ""anomalies"": []}, ""hard_tamper_flags"": {""bbox_iou"": false}, ""original_bbox"": [701, 759, 770, 796], ""field_type"": ""name"", ""field_label"": ""姓名"", ""region_no"": 4}, {""result"": ""篡改"", ""confidence"": 0.8339686104191502, ""bbox"": [700, 638, 70, 36], ""reason"": ""全局UI布局异常；存在局部边缘拼接/像素涂抹痕迹"", ""bbox_overlap_check"": {""max_iou"": 0.0, ""risk_max_iou"": 0.0, ""overlapping_pairs"": [], ""box_count"": 5, ""anomalies"": []}, ""hard_tamper_flags"": {""bbox_iou"": false}, ""original_bbox"": [700, 638, 770, 674], ""field_type"": ""name"", ""field_label"": ""姓名"", ""region_no"": 5}]",0.283969,0.183969
fixed_regression,fixed_regression,p (36).jpg,/home/quyu/PD_new/PD_max/app/ai_detection/images/tampered/p (36).jpg,篡改,篡改,0.8418156809471903,True,5,30,1114.7,全局UI布局异常；存在局部边缘拼接/像素涂抹痕迹,"[{""result"": ""篡改"", ""confidence"": 0.744212953476056, ""bbox"": [298, 407, 265, 54], ""reason"": ""全局UI布局异常"", ""bbox_overlap_check"": {""max_iou"": 0.0, ""risk_max_iou"": 0.0, ""overlapping_pairs"": [], ""box_count"": 5, ""anomalies"": []}, ""hard_tamper_flags"": {""bbox_iou"": false}, ""original_bbox"": [298, 407, 563, 461], ""field_type"": ""amount"", ""field_label"": ""金额"", ""region_no"": 1}, {""result"": ""篡改"", ""confidence"": 0.8418156809471903, ""bbox"": [477, 1000, 294, 32], ""reason"": ""全局UI布局异常；存在局部边缘拼接/像素涂抹痕迹"", ""bbox_overlap_check"": {""max_iou"": 0.0, ""risk_max_iou"": 0.0, ""overlapping_pairs"": [], ""box_count"": 5, ""anomalies"": []}, ""hard_tamper_flags"": {""bbox_iou"": false}, ""original_bbox"": [477, 1000, 771, 1032], ""field_type"": ""time"", ""field_label"": ""时间"", ""region_no"": 2}, {""result"": ""篡改"", ""confidence"": 0.8221656147717497, ""bbox"": [632, 940, 138, 33], ""reason"": ""全局UI布局异常；存在局部边缘拼接/像素涂抹痕迹"", ""bbox_overlap_check"": {""max_iou"": 0.0, ""risk_max_iou"": 0.0, ""overlapping_pairs"": [], ""box_count"": 5, ""anomalies"": []}, ""hard_tamper_flags"": {""bbox_iou"": false}, ""original_bbox"": [632, 940, 770, 973], ""field_type"": ""amount"", ""field_label"": ""金额"", ""region_no"": 3}, {""result"": ""篡改"", ""confidence"": 0.8284990680190704, ""bbox"": [670, 757, 101, 39], ""reason"": ""全局UI布局异常；存在局部边缘拼接/像素涂抹痕迹"", ""bbox_overlap_check"": {""max_iou"": 0.0, ""risk_max_iou"": 0.0, ""overlapping_pairs"": [], ""box_count"": 5, ""anomalies"": []}, ""hard_tamper_flags"": {""bbox_iou"": false}, ""original_bbox"": [670, 757, 771, 796], ""field_type"": ""name"", ""field_label"": ""姓名"", ""region_no"": 4}, {""result"": ""篡改"", ""confidence"": 0.8329957924507868, ""bbox"": [701, 638, 70, 37], ""reason"": ""全局UI布局异常；存在局部边缘拼接/像素涂抹痕迹"", ""bbox_overlap_check"": {""max_iou"": 0.0, ""risk_max_iou"": 0.0, ""overlapping_pairs"": [], ""box_count"": 5, ""anomalies"": []}, ""hard_tamper_flags"": {""bbox_iou"": false}, ""original_bbox"": [701, 638, 771, 675], ""field_type"": ""name"", ""field_label"": ""姓名"", ""region_no"": 5}]",0.291816,0.191816
fixed_regression,fixed_regression,p (37).jpg,/home/quyu/PD_new/PD_max/app/ai_detection/images/tampered/p (37).jpg,篡改,篡改,0.8600858599548442,True,5,31,971.0,全局UI布局异常；存在局部边缘拼接/像素涂抹痕迹,"[{""result"": ""篡改"", ""confidence"": 0.7440155968023281, ""bbox"": [298, 407, 265, 54], ""reason"": ""全局UI布局异常"", ""bbox_overlap_check"": {""max_iou"": 0.0, ""risk_max_iou"": 0.0, ""overlapping_pairs"": [], ""box_count"": 5, ""anomalies"": []}, ""hard_tamper_flags"": {""bbox_iou"": false}, ""original_bbox"": [298, 407, 563, 461], ""field_type"": ""amount"", ""field_label"": ""金额"", ""region_no"": 1}, {""result"": ""篡改"", ""confidence"": 0.7790112869245012, ""bbox"": [477, 1000, 293, 32], ""reason"": ""全局UI布局异常；存在局部边缘拼接/像素涂抹痕迹"", ""bbox_overlap_check"": {""max_iou"": 0.0, ""risk_max_iou"": 0.0, ""overlapping_pairs"": [], ""box_count"": 5, ""anomalies"": []}, ""hard_tamper_flags"": {""bbox_iou"": false}, ""original_bbox"": [477, 1000, 770, 1032], ""field_type"": ""time"", ""field_label"": ""时间"", ""region_no"": 2}, {""result"": ""篡改"", ""confidence"": 0.8600858599548442, ""bbox"": [631, 940, 139, 33], ""reason"": ""全局UI布局异常；存在局部边缘拼接/像素涂抹痕迹"", ""bbox_overlap_check"": {""max_iou"": 0.0, ""risk_max_iou"": 0.0, ""overlapping_pairs"": [], ""box_count"": 5, ""anomalies"": []}, ""hard_tamper_flags"": {""bbox_iou"": false}, ""original_bbox"": [631, 940, 770, 973], ""field_type"": ""amount"", ""field_label"": ""金额"", ""region_no"": 3}, {""result"": ""篡改"", ""confidence"": 0.8319044763589111, ""bbox"": [701, 638, 70, 39], ""reason"": ""全局UI布局异常；存在局部边缘拼接/像素涂抹痕迹"", ""bbox_overlap_check"": {""max_iou"": 0.0, ""risk_max_iou"": 0.0, ""overlapping_pairs"": [], ""box_count"": 5, ""anomalies"": []}, ""hard_tamper_flags"": {""bbox_iou"": false}, ""original_bbox"": [701, 638, 771, 677], ""field_type"": ""name"", ""field_label"": ""姓名"", ""region_no"": 4}, {""result"": ""篡改"", ""confidence"": 0.8324209074436064, ""bbox"": [701, 759, 70, 37], ""reason"": ""全局UI布局异常；存在局部边缘拼接/像素涂抹痕迹"", ""bbox_overlap_check"": {""max_iou"": 0.0, ""risk_max_iou"": 0.0, ""overlapping_pairs"": [], ""box_count"": 5, ""anomalies"": []}, ""hard_tamper_flags"": {""bbox_iou"": false}, ""original_bbox"": [701, 759, 771, 796], ""field_type"": ""name"", ""field_label"": ""姓名"", ""region_no"": 5}]",0.310086,0.210086
fixed_regression,fixed_regression,p (38).jpg,/home/quyu/PD_new/PD_max/app/ai_detection/images/tampered/p (38).jpg,篡改,篡改,0.8370242462925033,True,5,31,801.7,全局UI布局异常；存在局部边缘拼接/像素涂抹痕迹,"[{""result"": ""篡改"", ""confidence"": 0.7431260283732135, ""bbox"": [299, 407, 264, 54], ""reason"": ""全局UI布局异常"", ""bbox_overlap_check"": {""max_iou"": 0.0, ""risk_max_iou"": 0.0, ""overlapping_pairs"": [], ""box_count"": 5, ""anomalies"": []}, ""hard_tamper_flags"": {""bbox_iou"": false}, ""original_bbox"": [299, 407, 563, 461], ""field_type"": ""amount"", ""field_label"": ""金额"", ""region_no"": 1}, {""result"": ""篡改"", ""confidence"": 0.8342179246443919, ""bbox"": [477, 1000, 294, 32], ""reason"": ""全局UI布局异常；存在局部边缘拼接/像素涂抹痕迹"", ""bbox_overlap_check"": {""max_iou"": 0.0, ""risk_max_iou"": 0.0, ""overlapping_pairs"": [], ""box_count"": 5, ""anomalies"": []}, ""hard_tamper_flags"": {""bbox_iou"": false}, ""original_bbox"": [477, 1000, 771, 1032], ""field_type"": ""time"", ""field_label"": ""时间"", ""region_no"": 2}, {""result"": ""篡改"", ""confidence"": 0.8370242462925033, ""bbox"": [632, 940, 139, 33], ""reason"": ""全局UI布局异常；存在局部边缘拼接/像素涂抹痕迹"", ""bbox_overlap_check"": {""max_iou"": 0.0, ""risk_max_iou"": 0.0, ""overlapping_pairs"": [], ""box_count"": 5, ""anomalies"": []}, ""hard_tamper_flags"": {""bbox_iou"": false}, ""original_bbox"": [632, 940, 771, 973], ""field_type"": ""amount"", ""field_label"": ""金额"", ""region_no"": 3}, {""result"": ""篡改"", ""confidence"": 0.8329361878060114, ""bbox"": [701, 638, 70, 37], ""reason"": ""全局UI布局异常；存在局部边缘拼接/像素涂抹痕迹"", ""bbox_overlap_check"": {""max_iou"": 0.0, ""risk_max_iou"": 0.0, ""overlapping_pairs"": [], ""box_count"": 5, ""anomalies"": []}, ""hard_tamper_flags"": {""bbox_iou"": false}, ""original_bbox"": [701, 638, 771, 675], ""field_type"": ""name"", ""field_label"": ""姓名"", ""region_no"": 4}, {""result"": ""篡改"", ""confidence"": 0.8330873232478574, ""bbox"": [700, 759, 68, 37], ""reason"": ""全局UI布局异常；存在局部边缘拼接/像素涂抹痕迹"", ""bbox_overlap_check"": {""max_iou"": 0.0, ""risk_max_iou"": 0.0, ""overlapping_pairs"": [], ""box_count"": 5, ""anomalies"": []}, ""hard_tamper_flags"": {""bbox_iou"": false}, ""original_bbox"": [700, 759, 768, 796], ""field_type"": ""name"", ""field_label"": ""姓名"", ""region_no"": 5}]",0.287024,0.187024
fixed_regression,fixed_regression,p (39).jpg,/home/quyu/PD_new/PD_max/app/ai_detection/images/tampered/p (39).jpg,篡改,篡改,0.8739104568553069,True,5,31,763.5,全局UI布局异常；存在局部边缘拼接/像素涂抹痕迹,"[{""result"": ""篡改"", ""confidence"": 0.7545954056723332, ""bbox"": [299, 407, 264, 54], ""reason"": ""全局UI布局异常"", ""bbox_overlap_check"": {""max_iou"": 0.0, ""risk_max_iou"": 0.0, ""overlapping_pairs"": [], ""box_count"": 5, ""anomalies"": []}, ""hard_tamper_flags"": {""bbox_iou"": false}, ""original_bbox"": [299, 407, 563, 461], ""field_type"": ""amount"", ""field_label"": ""金额"", ""region_no"": 1}, {""result"": ""篡改"", ""confidence"": 0.8239524476946603, ""bbox"": [477, 1000, 294, 32], ""reason"": ""全局UI布局异常；存在局部边缘拼接/像素涂抹痕迹"", ""bbox_overlap_check"": {""max_iou"": 0.0, ""risk_max_iou"": 0.0, ""overlapping_pairs"": [], ""box_count"": 5, ""anomalies"": []}, ""hard_tamper_flags"": {""bbox_iou"": false}, ""original_bbox"": [477, 1000, 771, 1032], ""field_type"": ""time"", ""field_label"": ""时间"", ""region_no"": 2}, {""result"": ""篡改"", ""confidence"": 0.8739104568553069, ""bbox"": [632, 940, 138, 33], ""reason"": ""全局UI布局异常；存在局部边缘拼接/像素涂抹痕迹"", ""bbox_overlap_check"": {""max_iou"": 0.0, ""risk_max_iou"": 0.0, ""overlapping_pairs"": [], ""box_count"": 5, ""anomalies"": []}, ""hard_tamper_flags"": {""bbox_iou"": false}, ""original_bbox"": [632, 940, 770, 973], ""field_type"": ""amount"", ""field_label"": ""金额"", ""region_no"": 3}, {""result"": ""篡改"", ""confidence"": 0.8329653955517871, ""bbox"": [701, 759, 69, 37], ""reason"": ""全局UI布局异常；存在局部边缘拼接/像素涂抹痕迹"", ""bbox_overlap_check"": {""max_iou"": 0.0, ""risk_max_iou"": 0.0, ""overlapping_pairs"": [], ""box_count"": 5, ""anomalies"": []}, ""hard_tamper_flags"": {""bbox_iou"": false}, ""original_bbox"": [701, 759, 770, 796], ""field_type"": ""name"", ""field_label"": ""姓名"", ""region_no"": 4}, {""result"": ""篡改"", ""confidence"": 0.833675802601691, ""bbox"": [700, 638, 70, 36], ""reason"": ""全局UI布局异常；存在局部边缘拼接/像素涂抹痕迹"", ""bbox_overlap_check"": {""max_iou"": 0.0, ""risk_max_iou"": 0.0, ""overlapping_pairs"": [], ""box_count"": 5, ""anomalies"": []}, ""hard_tamper_flags"": {""bbox_iou"": false}, ""original_bbox"": [700, 638, 770, 674], ""field_type"": ""name"", ""field_label"": ""姓名"", ""region_no"": 5}]",0.32391,0.22391
fixed_regression,fixed_regression,p (42).jpg,/home/quyu/PD_new/PD_max/app/ai_detection/images/tampered/p (42).jpg,篡改,篡改,0.8332875581713177,True,5,32,796.3,全局UI布局异常；存在局部边缘拼接/像素涂抹痕迹,"[{""result"": ""篡改"", ""confidence"": 0.7448078767463114, ""bbox"": [298, 407, 265, 54], ""reason"": ""全局UI布局异常"", ""bbox_overlap_check"": {""max_iou"": 0.0, ""risk_max_iou"": 0.0, ""overlapping_pairs"": [], ""box_count"": 5, ""anomalies"": []}, ""hard_tamper_flags"": {""bbox_iou"": false}, ""original_bbox"": [298, 407, 563, 461], ""field_type"": ""amount"", ""field_label"": ""金额"", ""region_no"": 1}, {""result"": ""篡改"", ""confidence"": 0.8109692779531599, ""bbox"": [477, 999, 293, 33], ""reason"": ""全局UI布局异常；存在局部边缘拼接/像素涂抹痕迹"", ""bbox_overlap_check"": {""max_iou"": 0.0, ""risk_max_iou"": 0.0, ""overlapping_pairs"": [], ""box_count"": 5, ""anomalies"": []}, ""hard_tamper_flags"": {""bbox_iou"": false}, ""original_bbox"": [477, 999, 770, 1032], ""field_type"": ""time"", ""field_label"": ""时间"", ""region_no"": 2}, {""result"": ""篡改"", ""confidence"": 0.7982361112724694, ""bbox"": [632, 940, 138, 33], ""reason"": ""全局UI布局异常；存在局部边缘拼接/像素涂抹痕迹"", ""bbox_overlap_check"": {""max_iou"": 0.0, ""risk_max_iou"": 0.0, ""overlapping_pairs"": [], ""box_count"": 5, ""anomalies"": []}, ""hard_tamper_flags"": {""bbox_iou"": false}, ""original_bbox"": [632, 940, 770, 973], ""field_type"": ""amount"", ""field_label"": ""金额"", ""region_no"": 3}, {""result"": ""篡改"", ""confidence"": 0.8332875581713177, ""bbox"": [700, 638, 70, 37], ""reason"": ""全局UI布局异常；存在局部边缘拼接/像素涂抹痕迹"", ""bbox_overlap_check"": {""max_iou"": 0.0, ""risk_max_iou"": 0.0, ""overlapping_pairs"": [], ""box_count"": 5, ""anomalies"": []}, ""hard_tamper_flags"": {""bbox_iou"": false}, ""original_bbox"": [700, 638, 770, 675], ""field_type"": ""name"", ""field_label"": ""姓名"", ""region_no"": 4}, {""result"": ""篡改"", ""confidence"": 0.8328444580493803, ""bbox"": [701, 759, 70, 37], ""reason"": ""全局UI布局异常；存在局部边缘拼接/像素涂抹痕迹"", ""bbox_overlap_check"": {""max_iou"": 0.0, ""risk_max_iou"": 0.0, ""overlapping_pairs"": [], ""box_count"": 5, ""anomalies"": []}, ""hard_tamper_flags"": {""bbox_iou"": false}, ""original_bbox"": [701, 759, 771, 796], ""field_type"": ""name"", ""field_label"": ""姓名"", ""region_no"": 5}]",0.283288,0.183288
fixed_regression,fixed_regression,p (8).jpg,/home/quyu/PD_new/PD_max/app/ai_detection/images/tampered/p (8).jpg,篡改,篡改,0.8770566206942169,True,5,29,895.0,全局UI布局异常；存在局部边缘拼接/像素涂抹痕迹,"[{""result"": ""篡改"", ""confidence"": 0.7439843746195876, ""bbox"": [298, 407, 265, 54], ""reason"": ""全局UI布局异常"", ""bbox_overlap_check"": {""max_iou"": 0.0, ""risk_max_iou"": 0.0, ""overlapping_pairs"": [], ""box_count"": 5, ""anomalies"": []}, ""hard_tamper_flags"": {""bbox_iou"": false}, ""original_bbox"": [298, 407, 563, 461], ""field_type"": ""amount"", ""field_label"": ""金额"", ""region_no"": 1}, {""result"": ""篡改"", ""confidence"": 0.7759593607664765, ""bbox"": [477, 1000, 293, 32], ""reason"": ""全局UI布局异常；存在局部边缘拼接/像素涂抹痕迹"", ""bbox_overlap_check"": {""max_iou"": 0.0, ""risk_max_iou"": 0.0, ""overlapping_pairs"": [], ""box_count"": 5, ""anomalies"": []}, ""hard_tamper_flags"": {""bbox_iou"": false}, ""original_bbox"": [477, 1000, 770, 1032], ""field_type"": ""time"", ""field_label"": ""时间"", ""region_no"": 2}, {""result"": ""篡改"", ""confidence"": 0.8770566206942169, ""bbox"": [632, 940, 139, 33], ""reason"": ""全局UI布局异常；存在局部边缘拼接/像素涂抹痕迹"", ""bbox_overlap_check"": {""max_iou"": 0.0, ""risk_max_iou"": 0.0, ""overlapping_pairs"": [], ""box_count"": 5, ""anomalies"": []}, ""hard_tamper_flags"": {""bbox_iou"": false}, ""original_bbox"": [632, 940, 771, 973], ""field_type"": ""amount"", ""field_label"": ""金额"", ""region_no"": 3}, {""result"": ""篡改"", ""confidence"": 0.8290828487009738, ""bbox"": [670, 757, 101, 39], ""reason"": ""全局UI布局异常；存在局部边缘拼接/像素涂抹痕迹"", ""bbox_overlap_check"": {""max_iou"": 0.0, ""risk_max_iou"": 0.0, ""overlapping_pairs"": [], ""box_count"": 5, ""anomalies"": []}, ""hard_tamper_flags"": {""bbox_iou"": false}, ""original_bbox"": [670, 757, 771, 796], ""field_type"": ""name"", ""field_label"": ""姓名"", ""region_no"": 4}, {""result"": ""篡改"", ""confidence"": 0.8338150688542088, ""bbox"": [700, 638, 70, 36], ""reason"": ""全局UI布局异常；存在局部边缘拼接/像素涂抹痕迹"", ""bbox_overlap_check"": {""max_iou"": 0.0, ""risk_max_iou"": 0.0, ""overlapping_pairs"": [], ""box_count"": 5, ""anomalies"": []}, ""hard_tamper_flags"": {""bbox_iou"": false}, ""original_bbox"": [700, 638, 770, 674], ""field_type"": ""name"", ""field_label"": ""姓名"", ""region_no"": 5}]",0.327057,0.227057
training_replay,train,pptest__ebe78fef76ed__111.png,/home/quyu/PD_new/PD_max/app/ai_detection/images/tampered/pptest__ebe78fef76ed__111.png,篡改,篡改,0.6939313087938098,True,5,40,8863.3,文件体积/像素比异常(疑似工具导出)；全局UI布局异常；局部字体风格异常,"[{""result"": ""篡改"", ""confidence"": 0.6939313087938098, ""bbox"": [753, 1170, 473, 59], ""reason"": ""文件体积/像素比异常(疑似工具导出)；全局UI布局异常；局部字体风格异常"", ""bbox_overlap_check"": {""max_iou"": 0.0, ""risk_max_iou"": 0.0, ""overlapping_pairs"": [], ""box_count"": 5, ""anomalies"": []}, ""hard_tamper_flags"": {""bbox_iou"": false}, ""original_bbox"": [753, 1170, 1226, 1229], ""field_type"": ""time"", ""field_label"": ""时间"", ""region_no"": 1}, {""result"": ""篡改"", ""confidence"": 0.6938669655889176, ""bbox"": [745, 987, 395, 70], ""reason"": ""文件体积/像素比异常(疑似工具导出)；全局UI布局异常；局部字体风格异常"", ""bbox_overlap_check"": {""max_iou"": 0.0, ""risk_max_iou"": 0.0, ""overlapping_pairs"": [], ""box_count"": 5, ""anomalies"": []}, ""hard_tamper_flags"": {""bbox_iou"": false}, ""original_bbox"": [745, 987, 1140, 1057], ""field_type"": ""amount"", ""field_label"": ""金额"", ""region_no"": 2}, {""result"": ""篡改"", ""confidence"": 0.6895272970199584, ""bbox"": [754, 1241, 475, 55], ""reason"": ""文件体积/像素比异常(疑似工具导出)；全局UI布局异常"", ""bbox_overlap_check"": {""max_iou"": 0.0, ""risk_max_iou"": 0.0, ""overlapping_pairs"": [], ""box_count"": 5, ""anomalies"": []}, ""hard_tamper_flags"": {""bbox_iou"": false}, ""original_bbox"": [754, 1241, 1229, 1296], ""field_type"": ""time"", ""field_label"": ""时间"", ""region_no"": 3}, {""result"": ""篡改"", ""confidence"": 0.6895272970199584, ""bbox"": [1740, 672, 255, 70], ""reason"": ""文件体积/像素比异常(疑似工具导出)；全局UI布局异常"", ""bbox_overlap_check"": {""max_iou"": 0.0, ""risk_max_iou"": 0.0, ""overlapping_pairs"": [], ""box_count"": 5, ""anomalies"": []}, ""hard_tamper_flags"": {""bbox_iou"": false}, ""original_bbox"": [1740, 672, 1995, 742], ""field_type"": ""amount"", ""field_label"": ""金额"", ""region_no"": 4}, {""result"": ""篡改"", ""confidence"": 0.6895272970199584, ""bbox"": [1812, 756, 106, 63], ""reason"": ""文件体积/像素比异常(疑似工具导出)；全局UI布局异常"", ""bbox_overlap_check"": {""max_iou"": 0.0, ""risk_max_iou"": 0.0, ""overlapping_pairs"": [], ""box_count"": 5, ""anomalies"": []}, ""hard_tamper_flags"": {""bbox_iou"": false}, ""original_bbox"": [1812, 756, 1918, 819], ""field_type"": ""name"", ""field_label"": ""姓名"", ""region_no"": 5}]",0.143931,0.043931
training_replay,train,pptest__21a9066bff6a__92e595cffb63d039f10b271f23b180dd.png,/home/quyu/PD_new/PD_max/app/ai_detection/images/tampered/pptest__21a9066bff6a__92e595cffb63d039f10b271f23b180dd.png,篡改,篡改,0.7020924105474086,True,3,45,2222.4,缺少EXIF且图像结构异常(疑似生成图)；全局UI布局异常,"[{""result"": ""篡改"", ""confidence"": 0.6884174327649405, ""bbox"": [315, 361, 114, 23], ""reason"": ""缺少EXIF且图像结构异常(疑似生成图)；全局UI布局异常"", ""bbox_overlap_check"": {""max_iou"": 0.0, ""risk_max_iou"": 0.0, ""overlapping_pairs"": [], ""box_count"": 3, ""anomalies"": []}, ""hard_tamper_flags"": {""bbox_iou"": false}, ""original_bbox"": [315, 361, 429, 384], ""field_type"": ""amount"", ""field_label"": ""金额"", ""region_no"": 1}, {""result"": ""篡改"", ""confidence"": 0.6843187634874023, ""bbox"": [317, 414, 144, 18], ""reason"": ""缺少EXIF且图像结构异常(疑似生成图)；全局UI布局异常"", ""bbox_overlap_check"": {""max_iou"": 0.0, ""risk_max_iou"": 0.0, ""overlapping_pairs"": [], ""box_count"": 3, ""anomalies"": []}, ""hard_tamper_flags"": {""bbox_iou"": false}, ""original_bbox"": [317, 414, 461, 432], ""field_type"": ""time"", ""field_label"": ""时间"", ""region_no"": 2}, {""result"": ""篡改"", ""confidence"": 0.7020924105474086, ""bbox"": [611, 264, 82, 26], ""reason"": ""缺少EXIF且图像结构异常(疑似生成图)；全局UI布局异常"", ""bbox_overlap_check"": {""max_iou"": 0.0, ""risk_max_iou"": 0.0, ""overlapping_pairs"": [], ""box_count"": 3, ""anomalies"": []}, ""hard_tamper_flags"": {""bbox_iou"": false}, ""original_bbox"": [611, 264, 693, 290], ""field_type"": ""amount"", ""field_label"": ""金额"", ""region_no"": 3}]",0.152092,0.052092
independent,test,1.png,/home/quyu/PD_new/PD_max/app/ai_detection/images/normal/1.png,正常,篡改,0.66,False,1,42,1490.1,全局UI布局异常,"[{""result"": ""篡改"", ""confidence"": 0.66, ""bbox"": [146, 220, 74, 13], ""reason"": ""全局UI布局异常"", ""bbox_overlap_check"": {""max_iou"": 0.0, ""risk_max_iou"": 0.0, ""overlapping_pairs"": [], ""box_count"": 1, ""anomalies"": []}, ""hard_tamper_flags"": {""bbox_iou"": false}, ""original_bbox"": [146, 220, 220, 233], ""field_type"": ""amount"", ""field_label"": ""金额"", ""region_no"": 1}]",0.11,0.01
independent,test,13.jpg,/home/quyu/PD_new/PD_max/app/ai_detection/images/normal/13.jpg,正常,正常,0.44097032615162096,True,6,30,1137.7,存在局部边缘拼接/像素涂抹痕迹,"[{""result"": ""正常"", ""confidence"": 0.3352829098856177, ""bbox"": [458, 387, 403, 103], ""reason"": ""存在局部边缘拼接/像素涂抹痕迹；局部字体风格异常"", ""bbox_overlap_check"": {""max_iou"": 0.0, ""risk_max_iou"": 0.0, ""overlapping_pairs"": [], ""box_count"": 6, ""anomalies"": []}, ""hard_tamper_flags"": {""bbox_iou"": false}, ""original_bbox"": [458, 387, 861, 490], ""field_type"": ""amount"", ""field_label"": ""金额"", ""region_no"": 1}, {""result"": ""正常"", ""confidence"": 0.3864932789170944, ""bbox"": [932, 664, 348, 47], ""reason"": ""存在局部边缘拼接/像素涂抹痕迹"", ""bbox_overlap_check"": {""max_iou"": 0.0, ""risk_max_iou"": 0.0, ""overlapping_pairs"": [], ""box_count"": 6, ""anomalies"": []}, ""hard_tamper_flags"": {""bbox_iou"": false}, ""original_bbox"": [932, 664, 1280, 711], ""field_type"": ""time"", ""field_label"": ""时间"", ""region_no"": 2}, {""result"": ""正常"", ""confidence"": 0.4089331897712546, ""bbox"": [530, 511, 257, 52], ""reason"": ""存在局部边缘拼接/像素涂抹痕迹"", ""bbox_overlap_check"": {""max_iou"": 0.0, ""risk_max_iou"": 0.0, ""overlapping_pairs"": [], ""box_count"": 6, ""anomalies"": []}, ""hard_tamper_flags"": {""bbox_iou"": false}, ""original_bbox"": [530, 511, 787, 563], ""field_type"": ""amount"", ""field_label"": ""金额"", ""region_no"": 3}, {""result"": ""正常"", ""confidence"": 0.43401915274209946, ""bbox"": [1098, 1198, 183, 52], ""reason"": ""存在局部边缘拼接/像素涂抹痕迹"", ""bbox_overlap_check"": {""max_iou"": 0.0, ""risk_max_iou"": 0.0, ""overlapping_pairs"": [], ""box_count"": 6, ""anomalies"": []}, ""hard_tamper_flags"": {""bbox_iou"": false}, ""original_bbox"": [1098, 1198, 1281, 1250], ""field_type"": ""amount"", ""field_label"": ""金额"", ""region_no"": 4}, {""result"": ""正常"", ""confidence"": 0.44097032615162096, ""bbox"": [1100, 1413, 180, 50], ""reason"": ""存在局部边缘拼接/像素涂抹痕迹"", ""bbox_overlap_check"": {""max_iou"": 0.0, ""risk_max_iou"": 0.0, ""overlapping_pairs"": [], ""box_count"": 6, ""anomalies"": []}, ""hard_tamper_flags"": {""bbox_iou"": false}, ""original_bbox"": [1100, 1413, 1280, 1463], ""field_type"": ""amount"", ""field_label"": ""金额"", ""region_no"": 5}, {""result"": ""正常"", ""confidence"": 0.4089197950197716, ""bbox"": [1110, 1626, 170, 50], ""reason"": ""存在局部边缘拼接/像素涂抹痕迹"", ""bbox_overlap_check"": {""max_iou"": 0.0, ""risk_max_iou"": 0.0, ""overlapping_pairs"": [], ""box_count"": 6, ""anomalies"": []}, ""hard_tamper_flags"": {""bbox_iou"": false}, ""original_bbox"": [1110, 1626, 1280, 1676], ""field_type"": ""amount"", ""field_label"": ""金额"", ""region_no"": 6}]",-0.10903,-0.20903
independent,test,10.png,/home/quyu/PD_new/PD_max/app/ai_detection/images/normal/10.png,正常,正常,0.15822102754902032,True,3,37,2043.9,缺少EXIF且图像结构异常(疑似生成图),"[{""result"": ""正常"", ""confidence"": 0.10177669394672682, ""bbox"": [147, 89, 107, 14], ""reason"": ""缺少EXIF且图像结构异常(疑似生成图)"", ""bbox_overlap_check"": {""max_iou"": 0.0, ""risk_max_iou"": 0.0, ""overlapping_pairs"": [], ""box_count"": 3, ""anomalies"": []}, ""hard_tamper_flags"": {""bbox_iou"": false}, ""original_bbox"": [147, 89, 254, 103], ""field_type"": ""time"", ""field_label"": ""时间"", ""region_no"": 1}, {""result"": ""正常"", ""confidence"": 0.15822102754902032, ""bbox"": [147, 246, 107, 13], ""reason"": ""缺少EXIF且图像结构异常(疑似生成图)"", ""bbox_overlap_check"": {""max_iou"": 0.0, ""risk_max_iou"": 0.0, ""overlapping_pairs"": [], ""box_count"": 3, ""anomalies"": []}, ""hard_tamper_flags"": {""bbox_iou"": false}, ""original_bbox"": [147, 246, 254, 259], ""field_type"": ""time"", ""field_label"": ""时间"", ""region_no"": 2}, {""result"": ""正常"", ""confidence"": 0.13597478651437667, ""bbox"": [146, 224, 79, 16], ""reason"": ""缺少EXIF且图像结构异常(疑似生成图)"", ""bbox_overlap_check"": {""max_iou"": 0.0, ""risk_max_iou"": 0.0, ""overlapping_pairs"": [], ""box_count"": 3, ""anomalies"": []}, ""hard_tamper_flags"": {""bbox_iou"": false}, ""original_bbox"": [146, 224, 225, 240], ""field_type"": ""amount"", ""field_label"": ""金额"", ""region_no"": 3}]",-0.391779,-0.491779
independent,test,16.png,/home/quyu/PD_new/PD_max/app/ai_detection/images/normal/16.png,正常,正常,0.10977516176945568,True,2,39,2424.3,缺少EXIF且图像结构异常(疑似生成图),"[{""result"": ""正常"", ""confidence"": 0.0, ""bbox"": [26, 456, 252, 13], ""reason"": ""缺少EXIF且图像结构异常(疑似生成图)"", ""bbox_overlap_check"": {""max_iou"": 0.0, ""risk_max_iou"": 0.0, ""overlapping_pairs"": [], ""box_count"": 2, ""anomalies"": []}, ""hard_tamper_flags"": {""bbox_iou"": false}, ""original_bbox"": [26, 456, 278, 469], ""field_type"": ""amount"", ""field_label"": ""金额"", ""region_no"": 1}, {""result"": ""正常"", ""confidence"": 0.10977516176945568, ""bbox"": [112, 257, 86, 11], ""reason"": ""缺少EXIF且图像结构异常(疑似生成图)"", ""bbox_overlap_check"": {""max_iou"": 0.0, ""risk_max_iou"": 0.0, ""overlapping_pairs"": [], ""box_count"": 2, ""anomalies"": []}, ""hard_tamper_flags"": {""bbox_iou"": false}, ""original_bbox"": [112, 257, 198, 268], ""field_type"": ""amount"", ""field_label"": ""金额"", ""region_no"": 2}]",-0.440225,-0.540225
independent,test,2.png,/home/quyu/PD_new/PD_max/app/ai_detection/images/normal/2.png,正常,正常,0.17572144073142507,True,3,39,2352.5,缺少EXIF且图像结构异常(疑似生成图),"[{""result"": ""正常"", ""confidence"": 0.10310880397710592, ""bbox"": [98, 245, 88, 12], ""reason"": ""缺少EXIF且图像结构异常(疑似生成图)"", ""bbox_overlap_check"": {""max_iou"": 0.0, ""risk_max_iou"": 0.0, ""overlapping_pairs"": [], ""box_count"": 3, ""anomalies"": []}, ""hard_tamper_flags"": {""bbox_iou"": false}, ""original_bbox"": [98, 245, 186, 257], ""field_type"": ""time"", ""field_label"": ""时间"", ""region_no"": 1}, {""result"": ""正常"", ""confidence"": 0.0, ""bbox"": [99, 121, 85, 10], ""reason"": ""缺少EXIF且图像结构异常(疑似生成图)"", ""bbox_overlap_check"": {""max_iou"": 0.0, ""risk_max_iou"": 0.0, ""overlapping_pairs"": [], ""box_count"": 3, ""anomalies"": []}, ""hard_tamper_flags"": {""bbox_iou"": false}, ""original_bbox"": [99, 121, 184, 131], ""field_type"": ""time"", ""field_label"": ""时间"", ""region_no"": 2}, {""result"": ""正常"", ""confidence"": 0.17572144073142507, ""bbox"": [99, 228, 63, 12], ""reason"": ""缺少EXIF且图像结构异常(疑似生成图)"", ""bbox_overlap_check"": {""max_iou"": 0.0, ""risk_max_iou"": 0.0, ""overlapping_pairs"": [], ""box_count"": 3, ""anomalies"": []}, ""hard_tamper_flags"": {""bbox_iou"": false}, ""original_bbox"": [99, 228, 162, 240], ""field_type"": ""amount"", ""field_label"": ""金额"", ""region_no"": 3}]",-0.374279,-0.474279
independent,test,31.png,/home/quyu/PD_new/PD_max/app/ai_detection/images/normal/31.png,正常,篡改,0.66,False,2,38,2313.5,缺少EXIF且图像结构异常(疑似生成图)；全局UI布局异常,"[{""result"": ""篡改"", ""confidence"": 0.66, ""bbox"": [109, 113, 85, 10], ""reason"": ""缺少EXIF且图像结构异常(疑似生成图)；全局UI布局异常"", ""bbox_overlap_check"": {""max_iou"": 0.0, ""risk_max_iou"": 0.0, ""overlapping_pairs"": [], ""box_count"": 2, ""anomalies"": []}, ""hard_tamper_flags"": {""bbox_iou"": false}, ""original_bbox"": [109, 113, 194, 123], ""field_type"": ""time"", ""field_label"": ""时间"", ""region_no"": 1}, {""result"": ""篡改"", ""confidence"": 0.66, ""bbox"": [109, 221, 63, 12], ""reason"": ""缺少EXIF且图像结构异常(疑似生成图)；全局UI布局异常"", ""bbox_overlap_check"": {""max_iou"": 0.0, ""risk_max_iou"": 0.0, ""overlapping_pairs"": [], ""box_count"": 2, ""anomalies"": []}, ""hard_tamper_flags"": {""bbox_iou"": false}, ""original_bbox"": [109, 221, 172, 233], ""field_type"": ""amount"", ""field_label"": ""金额"", ""region_no"": 2}]",0.11,0.01
independent,test,32.png,/home/quyu/PD_new/PD_max/app/ai_detection/images/normal/32.png,正常,篡改,0.66,False,2,39,2394.0,缺少EXIF且图像结构异常(疑似生成图)；全局UI布局异常,"[{""result"": ""篡改"", ""confidence"": 0.66, ""bbox"": [108, 128, 88, 12], ""reason"": ""缺少EXIF且图像结构异常(疑似生成图)；全局UI布局异常"", ""bbox_overlap_check"": {""max_iou"": 0.0, ""risk_max_iou"": 0.0, ""overlapping_pairs"": [], ""box_count"": 2, ""anomalies"": []}, ""hard_tamper_flags"": {""bbox_iou"": false}, ""original_bbox"": [108, 128, 196, 140], ""field_type"": ""time"", ""field_label"": ""时间"", ""region_no"": 1}, {""result"": ""篡改"", ""confidence"": 0.66, ""bbox"": [108, 253, 88, 12], ""reason"": ""缺少EXIF且图像结构异常(疑似生成图)；全局UI布局异常"", ""bbox_overlap_check"": {""max_iou"": 0.0, ""risk_max_iou"": 0.0, ""overlapping_pairs"": [], ""box_count"": 2, ""anomalies"": []}, ""hard_tamper_flags"": {""bbox_iou"": false}, ""original_bbox"": [108, 253, 196, 265], ""field_type"": ""time"", ""field_label"": ""时间"", ""region_no"": 2}]",0.11,0.01
independent,test,33.png,/home/quyu/PD_new/PD_max/app/ai_detection/images/normal/33.png,正常,正常,0.07152179869025592,True,3,39,2034.7,缺少EXIF且图像结构异常(疑似生成图),"[{""result"": ""正常"", ""confidence"": 0.07152179869025592, ""bbox"": [97, 116, 82, 13], ""reason"": ""缺少EXIF且图像结构异常(疑似生成图)"", ""bbox_overlap_check"": {""max_iou"": 0.0, ""risk_max_iou"": 0.0, ""overlapping_pairs"": [], ""box_count"": 3, ""anomalies"": []}, ""hard_tamper_flags"": {""bbox_iou"": false}, ""original_bbox"": [97, 116, 179, 129], ""field_type"": ""time"", ""field_label"": ""时间"", ""region_no"": 1}, {""result"": ""正常"", ""confidence"": 0.0, ""bbox"": [97, 217, 60, 12], ""reason"": ""缺少EXIF且图像结构异常(疑似生成图)"", ""bbox_overlap_check"": {""max_iou"": 0.0, ""risk_max_iou"": 0.0, ""overlapping_pairs"": [], ""box_count"": 3, ""anomalies"": []}, ""hard_tamper_flags"": {""bbox_iou"": false}, ""original_bbox"": [97, 217, 157, 229], ""field_type"": ""amount"", ""field_label"": ""金额"", ""region_no"": 2}, {""result"": ""正常"", ""confidence"": 0.0, ""bbox"": [98, 235, 79, 9], ""reason"": ""缺少EXIF且图像结构异常(疑似生成图)"", ""bbox_overlap_check"": {""max_iou"": 0.0, ""risk_max_iou"": 0.0, ""overlapping_pairs"": [], ""box_count"": 3, ""anomalies"": []}, ""hard_tamper_flags"": {""bbox_iou"": false}, ""original_bbox"": [98, 235, 177, 244], ""field_type"": ""time"", ""field_label"": ""时间"", ""region_no"": 3}]",-0.478478,-0.578478
independent,test,34.png,/home/quyu/PD_new/PD_max/app/ai_detection/images/normal/34.png,正常,无法自动检测,0.0,False,0,38,1584.2,未识别到金额、姓名、时间关键区域，无法自动检测,[],-0.55,-0.65
independent,test,11.jpg,/home/quyu/PD_new/PD_max/app/ai_detection/images/normal/11.jpg,正常,篡改,0.7233901650919413,False,2,32,799.8,全局UI布局异常；存在局部边缘拼接/像素涂抹痕迹,"[{""result"": ""篡改"", ""confidence"": 0.66, ""bbox"": [359, 537, 511, 121], ""reason"": ""全局UI布局异常"", ""bbox_overlap_check"": {""max_iou"": 0.0, ""risk_max_iou"": 0.0, ""overlapping_pairs"": [], ""box_count"": 2, ""anomalies"": []}, ""hard_tamper_flags"": {""bbox_iou"": false}, ""original_bbox"": [359, 537, 870, 658], ""field_type"": ""amount"", ""field_label"": ""金额"", ""region_no"": 1}, {""result"": ""篡改"", ""confidence"": 0.7233901650919413, ""bbox"": [44, 1669, 412, 44], ""reason"": ""全局UI布局异常；存在局部边缘拼接/像素涂抹痕迹"", ""bbox_overlap_check"": {""max_iou"": 0.0, ""risk_max_iou"": 0.0, ""overlapping_pairs"": [], ""box_count"": 2, ""anomalies"": []}, ""hard_tamper_flags"": {""bbox_iou"": false}, ""original_bbox"": [44, 1669, 456, 1713], ""field_type"": ""time"", ""field_label"": ""时间"", ""region_no"": 2}]",0.17339,0.07339
independent,test,21.jpg,/home/quyu/PD_new/PD_max/app/ai_detection/images/normal/21.jpg,正常,篡改,0.715426044042089,False,2,32,727.7,全局UI布局异常；存在局部边缘拼接/像素涂抹痕迹,"[{""result"": ""篡改"", ""confidence"": 0.66, ""bbox"": [357, 537, 515, 121], ""reason"": ""全局UI布局异常"", ""bbox_overlap_check"": {""max_iou"": 0.0, ""risk_max_iou"": 0.0, ""overlapping_pairs"": [], ""box_count"": 2, ""anomalies"": []}, ""hard_tamper_flags"": {""bbox_iou"": false}, ""original_bbox"": [357, 537, 872, 658], ""field_type"": ""amount"", ""field_label"": ""金额"", ""region_no"": 1}, {""result"": ""篡改"", ""confidence"": 0.715426044042089, ""bbox"": [44, 1669, 421, 44], ""reason"": ""全局UI布局异常；存在局部边缘拼接/像素涂抹痕迹"", ""bbox_overlap_check"": {""max_iou"": 0.0, ""risk_max_iou"": 0.0, ""overlapping_pairs"": [], ""box_count"": 2, ""anomalies"": []}, ""hard_tamper_flags"": {""bbox_iou"": false}, ""original_bbox"": [44, 1669, 465, 1713], ""field_type"": ""time"", ""field_label"": ""时间"", ""region_no"": 2}]",0.165426,0.065426
independent,test,8.jpg,/home/quyu/PD_new/PD_max/app/ai_detection/images/normal/8.jpg,正常,篡改,0.7275497969135865,False,2,29,673.1,全局UI布局异常；存在局部边缘拼接/像素涂抹痕迹,"[{""result"": ""篡改"", ""confidence"": 0.7275497969135865, ""bbox"": [367, 542, 459, 105], ""reason"": ""全局UI布局异常；存在局部边缘拼接/像素涂抹痕迹"", ""bbox_overlap_check"": {""max_iou"": 0.0, ""risk_max_iou"": 0.0, ""overlapping_pairs"": [], ""box_count"": 2, ""anomalies"": []}, ""hard_tamper_flags"": {""bbox_iou"": false}, ""original_bbox"": [367, 542, 826, 647], ""field_type"": ""amount"", ""field_label"": ""金额"", ""region_no"": 1}, {""result"": ""篡改"", ""confidence"": 0.7134259292704757, ""bbox"": [44, 1669, 426, 44], ""reason"": ""全局UI布局异常；存在局部边缘拼接/像素涂抹痕迹"", ""bbox_overlap_check"": {""max_iou"": 0.0, ""risk_max_iou"": 0.0, ""overlapping_pairs"": [], ""box_count"": 2, ""anomalies"": []}, ""hard_tamper_flags"": {""bbox_iou"": false}, ""original_bbox"": [44, 1669, 470, 1713], ""field_type"": ""time"", ""field_label"": ""时间"", ""region_no"": 2}]",0.17755,0.07755
independent,test,p (10).jpg,/home/quyu/PD_new/PD_max/app/ai_detection/images/tampered/p (10).jpg,篡改,篡改,0.66,True,2,23,543.7,全局UI布局异常,"[{""result"": ""篡改"", ""confidence"": 0.66, ""bbox"": [253, 143, 160, 35], ""reason"": ""全局UI布局异常"", ""bbox_overlap_check"": {""max_iou"": 0.0, ""risk_max_iou"": 0.0, ""overlapping_pairs"": [], ""box_count"": 2, ""anomalies"": []}, ""hard_tamper_flags"": {""bbox_iou"": false}, ""original_bbox"": [253, 143, 413, 178], ""field_type"": ""amount"", ""field_label"": ""金额"", ""region_no"": 1}, {""result"": ""篡改"", ""confidence"": 0.66, ""bbox"": [492, 492, 150, 16], ""reason"": ""全局UI布局异常"", ""bbox_overlap_check"": {""max_iou"": 0.0, ""risk_max_iou"": 0.0, ""overlapping_pairs"": [], ""box_count"": 2, ""anomalies"": []}, ""hard_tamper_flags"": {""bbox_iou"": false}, ""original_bbox"": [492, 492, 642, 508], ""field_type"": ""time"", ""field_label"": ""时间"", ""region_no"": 2}]",0.11,0.01
independent,test,p (11).jpg,/home/quyu/PD_new/PD_max/app/ai_detection/images/tampered/p (11).jpg,篡改,篡改,0.66,True,2,23,456.6,全局UI布局异常,"[{""result"": ""篡改"", ""confidence"": 0.66, ""bbox"": [252, 140, 158, 39], ""reason"": ""全局UI布局异常"", ""bbox_overlap_check"": {""max_iou"": 0.0, ""risk_max_iou"": 0.0, ""overlapping_pairs"": [], ""box_count"": 2, ""anomalies"": []}, ""hard_tamper_flags"": {""bbox_iou"": false}, ""original_bbox"": [252, 140, 410, 179], ""field_type"": ""amount"", ""field_label"": ""金额"", ""region_no"": 1}, {""result"": ""篡改"", ""confidence"": 0.66, ""bbox"": [489, 488, 151, 16], ""reason"": ""全局UI布局异常"", ""bbox_overlap_check"": {""max_iou"": 0.0, ""risk_max_iou"": 0.0, ""overlapping_pairs"": [], ""box_count"": 2, ""anomalies"": []}, ""hard_tamper_flags"": {""bbox_iou"": false}, ""original_bbox"": [489, 488, 640, 504], ""field_type"": ""time"", ""field_label"": ""时间"", ""region_no"": 2}]",0.11,0.01
independent,test,p (18).jpg,/home/quyu/PD_new/PD_max/app/ai_detection/images/tampered/p (18).jpg,篡改,篡改,0.66,True,2,23,475.4,全局UI布局异常,"[{""result"": ""篡改"", ""confidence"": 0.66, ""bbox"": [254, 141, 157, 37], ""reason"": ""全局UI布局异常"", ""bbox_overlap_check"": {""max_iou"": 0.0, ""risk_max_iou"": 0.0, ""overlapping_pairs"": [], ""box_count"": 2, ""anomalies"": []}, ""hard_tamper_flags"": {""bbox_iou"": false}, ""original_bbox"": [254, 141, 411, 178], ""field_type"": ""amount"", ""field_label"": ""金额"", ""region_no"": 1}, {""result"": ""篡改"", ""confidence"": 0.66, ""bbox"": [491, 488, 149, 16], ""reason"": ""全局UI布局异常"", ""bbox_overlap_check"": {""max_iou"": 0.0, ""risk_max_iou"": 0.0, ""overlapping_pairs"": [], ""box_count"": 2, ""anomalies"": []}, ""hard_tamper_flags"": {""bbox_iou"": false}, ""original_bbox"": [491, 488, 640, 504], ""field_type"": ""time"", ""field_label"": ""时间"", ""region_no"": 2}]",0.11,0.01
independent,test,p (41).jpg,/home/quyu/PD_new/PD_max/app/ai_detection/images/tampered/p (41).jpg,篡改,篡改,0.66,True,2,22,475.5,全局UI布局异常,"[{""result"": ""篡改"", ""confidence"": 0.66, ""bbox"": [269, 140, 140, 36], ""reason"": ""全局UI布局异常"", ""bbox_overlap_check"": {""max_iou"": 0.0, ""risk_max_iou"": 0.0, ""overlapping_pairs"": [], ""box_count"": 2, ""anomalies"": []}, ""hard_tamper_flags"": {""bbox_iou"": false}, ""original_bbox"": [269, 140, 409, 176], ""field_type"": ""amount"", ""field_label"": ""金额"", ""region_no"": 1}, {""result"": ""篡改"", ""confidence"": 0.66, ""bbox"": [488, 484, 147, 18], ""reason"": ""全局UI布局异常；局部字体风格异常"", ""bbox_overlap_check"": {""max_iou"": 0.0, ""risk_max_iou"": 0.0, ""overlapping_pairs"": [], ""box_count"": 2, ""anomalies"": []}, ""hard_tamper_flags"": {""bbox_iou"": false}, ""original_bbox"": [488, 484, 635, 502], ""field_type"": ""time"", ""field_label"": ""时间"", ""region_no"": 2}]",0.11,0.01
independent,test,p (5).jpg,/home/quyu/PD_new/PD_max/app/ai_detection/images/tampered/p (5).jpg,篡改,篡改,0.66,True,2,23,489.3,全局UI布局异常,"[{""result"": ""篡改"", ""confidence"": 0.66, ""bbox"": [270, 141, 108, 36], ""reason"": ""全局UI布局异常"", ""bbox_overlap_check"": {""max_iou"": 0.0, ""risk_max_iou"": 0.0, ""overlapping_pairs"": [], ""box_count"": 2, ""anomalies"": []}, ""hard_tamper_flags"": {""bbox_iou"": false}, ""original_bbox"": [270, 141, 378, 177], ""field_type"": ""amount"", ""field_label"": ""金额"", ""region_no"": 1}, {""result"": ""篡改"", ""confidence"": 0.66, ""bbox"": [490, 487, 149, 16], ""reason"": ""全局UI布局异常；局部字体风格异常"", ""bbox_overlap_check"": {""max_iou"": 0.0, ""risk_max_iou"": 0.0, ""overlapping_pairs"": [], ""box_count"": 2, ""anomalies"": []}, ""hard_tamper_flags"": {""bbox_iou"": false}, ""original_bbox"": [490, 487, 639, 503], ""field_type"": ""time"", ""field_label"": ""时间"", ""region_no"": 2}]",0.11,0.01
independent,test,p (6).jpg,/home/quyu/PD_new/PD_max/app/ai_detection/images/tampered/p (6).jpg,篡改,篡改,0.66,True,2,24,504.1,全局UI布局异常,"[{""result"": ""篡改"", ""confidence"": 0.66, ""bbox"": [255, 143, 160, 36], ""reason"": ""全局UI布局异常"", ""bbox_overlap_check"": {""max_iou"": 0.0, ""risk_max_iou"": 0.0, ""overlapping_pairs"": [], ""box_count"": 2, ""anomalies"": []}, ""hard_tamper_flags"": {""bbox_iou"": false}, ""original_bbox"": [255, 143, 415, 179], ""field_type"": ""amount"", ""field_label"": ""金额"", ""region_no"": 1}, {""result"": ""篡改"", ""confidence"": 0.66, ""bbox"": [495, 493, 151, 17], ""reason"": ""全局UI布局异常"", ""bbox_overlap_check"": {""max_iou"": 0.0, ""risk_max_iou"": 0.0, ""overlapping_pairs"": [], ""box_count"": 2, ""anomalies"": []}, ""hard_tamper_flags"": {""bbox_iou"": false}, ""original_bbox"": [495, 493, 646, 510], ""field_type"": ""time"", ""field_label"": ""时间"", ""region_no"": 2}]",0.11,0.01
independent,test,p (7).jpg,/home/quyu/PD_new/PD_max/app/ai_detection/images/tampered/p (7).jpg,篡改,篡改,0.66,True,2,26,515.2,全局UI布局异常,"[{""result"": ""篡改"", ""confidence"": 0.66, ""bbox"": [252, 140, 127, 39], ""reason"": ""全局UI布局异常"", ""bbox_overlap_check"": {""max_iou"": 0.0, ""risk_max_iou"": 0.0, ""overlapping_pairs"": [], ""box_count"": 2, ""anomalies"": []}, ""hard_tamper_flags"": {""bbox_iou"": false}, ""original_bbox"": [252, 140, 379, 179], ""field_type"": ""amount"", ""field_label"": ""金额"", ""region_no"": 1}, {""result"": ""篡改"", ""confidence"": 0.66, ""bbox"": [491, 488, 149, 16], ""reason"": ""全局UI布局异常"", ""bbox_overlap_check"": {""max_iou"": 0.0, ""risk_max_iou"": 0.0, ""overlapping_pairs"": [], ""box_count"": 2, ""anomalies"": []}, ""hard_tamper_flags"": {""bbox_iou"": false}, ""original_bbox"": [491, 488, 640, 504], ""field_type"": ""time"", ""field_label"": ""时间"", ""region_no"": 2}]",0.11,0.01
independent,test,p (1).jpg,/home/quyu/PD_new/PD_max/app/ai_detection/images/tampered/p (1).jpg,篡改,篡改,0.7351412405024504,True,3,17,449.5,全局UI布局异常,"[{""result"": ""篡改"", ""confidence"": 0.7223428471385046, ""bbox"": [38, 384, 398, 36], ""reason"": ""全局UI布局异常；局部字体风格异常"", ""bbox_overlap_check"": {""max_iou"": 0.0264, ""risk_max_iou"": 0.0264, ""overlapping_pairs"": [], ""box_count"": 3, ""anomalies"": []}, ""hard_tamper_flags"": {""bbox_iou"": false}, ""original_bbox"": [38, 384, 436, 420], ""field_type"": ""amount"", ""field_label"": ""金额"", ""region_no"": 1}, {""result"": ""篡改"", ""confidence"": 0.7351412405024504, ""bbox"": [38, 418, 344, 36], ""reason"": ""全局UI布局异常"", ""bbox_overlap_check"": {""max_iou"": 0.0264, ""risk_max_iou"": 0.0264, ""overlapping_pairs"": [], ""box_count"": 3, ""anomalies"": []}, ""hard_tamper_flags"": {""bbox_iou"": false}, ""original_bbox"": [38, 418, 382, 454], ""field_type"": ""amount"", ""field_label"": ""金额"", ""region_no"": 2}, {""result"": ""篡改"", ""confidence"": 0.7334582631964652, ""bbox"": [230, 4, 265, 37], ""reason"": ""全局UI布局异常"", ""bbox_overlap_check"": {""max_iou"": 0.0264, ""risk_max_iou"": 0.0264, ""overlapping_pairs"": [], ""box_count"": 3, ""anomalies"": []}, ""hard_tamper_flags"": {""bbox_iou"": false}, ""original_bbox"": [230, 4, 495, 41], ""field_type"": ""amount"", ""field_label"": ""金额"", ""region_no"": 3}]",0.185141,0.085141
independent,test,p (17).jpg,/home/quyu/PD_new/PD_max/app/ai_detection/images/tampered/p (17).jpg,篡改,篡改,0.7339667333019518,True,2,15,450.0,全局UI布局异常,"[{""result"": ""篡改"", ""confidence"": 0.7270789817060297, ""bbox"": [43, 379, 441, 41], ""reason"": ""全局UI布局异常；局部字体风格异常"", ""bbox_overlap_check"": {""max_iou"": 0.0153, ""risk_max_iou"": 0.0153, ""overlapping_pairs"": [], ""box_count"": 2, ""anomalies"": []}, ""hard_tamper_flags"": {""bbox_iou"": false}, ""original_bbox"": [43, 379, 484, 420], ""field_type"": ""amount"", ""field_label"": ""金额"", ""region_no"": 1}, {""result"": ""篡改"", ""confidence"": 0.7339667333019518, ""bbox"": [44, 418, 198, 41], ""reason"": ""全局UI布局异常"", ""bbox_overlap_check"": {""max_iou"": 0.0153, ""risk_max_iou"": 0.0153, ""overlapping_pairs"": [], ""box_count"": 2, ""anomalies"": []}, ""hard_tamper_flags"": {""bbox_iou"": false}, ""original_bbox"": [44, 418, 242, 459], ""field_type"": ""amount"", ""field_label"": ""金额"", ""region_no"": 2}]",0.183967,0.083967
independent,test,14.png,/home/quyu/PD_new/PD_max/app/ai_detection/images/tampered/14.png,篡改,篡改,0.66,True,3,21,1806.2,文件体积/像素比异常(疑似工具导出)；全局UI布局异常,"[{""result"": ""篡改"", ""confidence"": 0.66, ""bbox"": [1215, 415, 724, 162], ""reason"": ""文件体积/像素比异常(疑似工具导出)；全局UI布局异常"", ""bbox_overlap_check"": {""max_iou"": 0.0, ""risk_max_iou"": 0.0, ""overlapping_pairs"": [], ""box_count"": 3, ""anomalies"": []}, ""hard_tamper_flags"": {""bbox_iou"": false}, ""original_bbox"": [1215, 415, 1939, 577], ""field_type"": ""amount"", ""field_label"": ""金额"", ""region_no"": 1}, {""result"": ""篡改"", ""confidence"": 0.66, ""bbox"": [1182, 820, 751, 76], ""reason"": ""文件体积/像素比异常(疑似工具导出)；全局UI布局异常"", ""bbox_overlap_check"": {""max_iou"": 0.0, ""risk_max_iou"": 0.0, ""overlapping_pairs"": [], ""box_count"": 3, ""anomalies"": []}, ""hard_tamper_flags"": {""bbox_iou"": false}, ""original_bbox"": [1182, 820, 1933, 896], ""field_type"": ""time"", ""field_label"": ""时间"", ""region_no"": 2}, {""result"": ""篡改"", ""confidence"": 0.66, ""bbox"": [667, 250, 214, 86], ""reason"": ""文件体积/像素比异常(疑似工具导出)；全局UI布局异常"", ""bbox_overlap_check"": {""max_iou"": 0.0, ""risk_max_iou"": 0.0, ""overlapping_pairs"": [], ""box_count"": 3, ""anomalies"": []}, ""hard_tamper_flags"": {""bbox_iou"": false}, ""original_bbox"": [667, 250, 881, 336], ""field_type"": ""amount"", ""field_label"": ""金额"", ""region_no"": 3}]",0.11,0.01
independent,test,17.png,/home/quyu/PD_new/PD_max/app/ai_detection/images/tampered/17.png,篡改,正常,0.4446547566398264,False,3,20,436.0,缺少EXIF且图像结构异常(疑似生成图)；存在局部边缘拼接/像素涂抹痕迹,"[{""result"": ""正常"", ""confidence"": 0.3999738194970751, ""bbox"": [423, 125, 206, 57], ""reason"": ""缺少EXIF且图像结构异常(疑似生成图)；存在局部边缘拼接/像素涂抹痕迹"", ""bbox_overlap_check"": {""max_iou"": 0.0, ""risk_max_iou"": 0.0, ""overlapping_pairs"": [], ""box_count"": 3, ""anomalies"": []}, ""hard_tamper_flags"": {""bbox_iou"": false}, ""original_bbox"": [423, 125, 629, 182], ""field_type"": ""amount"", ""field_label"": ""金额"", ""region_no"": 1}, {""result"": ""正常"", ""confidence"": 0.4446547566398264, ""bbox"": [379, 261, 246, 24], ""reason"": ""缺少EXIF且图像结构异常(疑似生成图)；存在局部边缘拼接/像素涂抹痕迹"", ""bbox_overlap_check"": {""max_iou"": 0.0, ""risk_max_iou"": 0.0, ""overlapping_pairs"": [], ""box_count"": 3, ""anomalies"": []}, ""hard_tamper_flags"": {""bbox_iou"": false}, ""original_bbox"": [379, 261, 625, 285], ""field_type"": ""time"", ""field_label"": ""时间"", ""region_no"": 2}, {""result"": ""正常"", ""confidence"": 0.15163624874780324, ""bbox"": [209, 73, 72, 28], ""reason"": ""缺少EXIF且图像结构异常(疑似生成图)"", ""bbox_overlap_check"": {""max_iou"": 0.0, ""risk_max_iou"": 0.0, ""overlapping_pairs"": [], ""box_count"": 3, ""anomalies"": []}, ""hard_tamper_flags"": {""bbox_iou"": false}, ""original_bbox"": [209, 73, 281, 101], ""field_type"": ""amount"", ""field_label"": ""金额"", ""region_no"": 3}]",-0.105345,-0.205345
independent,test,19.png,/home/quyu/PD_new/PD_max/app/ai_detection/images/tampered/19.png,篡改,篡改,0.7160978878425444,True,5,35,878.8,文件体积/像素比异常(疑似工具导出)；全局UI布局异常,"[{""result"": ""篡改"", ""confidence"": 0.6928615160816256, ""bbox"": [51, 401, 310, 18], ""reason"": ""文件体积/像素比异常(疑似工具导出)；全局UI布局异常"", ""bbox_overlap_check"": {""max_iou"": 0.2806, ""risk_max_iou"": 0.0, ""overlapping_pairs"": [], ""box_count"": 5, ""anomalies"": []}, ""hard_tamper_flags"": {""bbox_iou"": false}, ""original_bbox"": [51, 401, 361, 419], ""field_type"": ""amount"", ""field_label"": ""金额"", ""region_no"": 1}, {""result"": ""篡改"", ""confidence"": 0.7160978878425444, ""bbox"": [274, 401, 87, 18], ""reason"": ""文件体积/像素比异常(疑似工具导出)；全局UI布局异常"", ""bbox_overlap_check"": {""max_iou"": 0.2806, ""risk_max_iou"": 0.0, ""overlapping_pairs"": [], ""box_count"": 5, ""anomalies"": []}, ""hard_tamper_flags"": {""bbox_iou"": false}, ""original_bbox"": [274, 401, 361, 419], ""field_type"": ""amount"", ""field_label"": ""金额"", ""region_no"": 2}, {""result"": ""篡改"", ""confidence"": 0.678474473953247, ""bbox"": [348, 61, 57, 18], ""reason"": ""文件体积/像素比异常(疑似工具导出)；全局UI布局异常"", ""bbox_overlap_check"": {""max_iou"": 0.2806, ""risk_max_iou"": 0.0, ""overlapping_pairs"": [], ""box_count"": 5, ""anomalies"": []}, ""hard_tamper_flags"": {""bbox_iou"": false}, ""original_bbox"": [348, 61, 405, 79], ""field_type"": ""name"", ""field_label"": ""姓名"", ""region_no"": 3}, {""result"": ""篡改"", ""confidence"": 0.678474473953247, ""bbox"": [317, 325, 44, 17], ""reason"": ""文件体积/像素比异常(疑似工具导出)；全局UI布局异常"", ""bbox_overlap_check"": {""max_iou"": 0.2806, ""risk_max_iou"": 0.0, ""overlapping_pairs"": [], ""box_count"": 5, ""anomalies"": []}, ""hard_tamper_flags"": {""bbox_iou"": false}, ""original_bbox"": [317, 325, 361, 342], ""field_type"": ""name"", ""field_label"": ""姓名"", ""region_no"": 4}, {""result"": ""篡改"", ""confidence"": 0.678474473953247, ""bbox"": [318, 426, 43, 17], ""reason"": ""文件体积/像素比异常(疑似工具导出)；全局UI布局异常"", ""bbox_overlap_check"": {""max_iou"": 0.2806, ""risk_max_iou"": 0.0, ""overlapping_pairs"": [], ""box_count"": 5, ""anomalies"": []}, ""hard_tamper_flags"": {""bbox_iou"": false}, ""original_bbox"": [318, 426, 361, 443], ""field_type"": ""name"", ""field_label"": ""姓名"", ""region_no"": 5}]",0.166098,0.066098
