cohort,split,filename,image_path,expected,result,confidence,strict_correct,roi_count,ocr_token_count,elapsed_ms,reason,regions_json,distance_to_suspicious,distance_to_tampered
independent,train,5.png,/home/quyu/PD_new/PD_max/app/ai_detection/images/normal/5.png,正常,正常,0.23515745455989703,True,1,40,2196.7,缺少EXIF且图像结构异常(疑似生成图),"[{""result"": ""正常"", ""confidence"": 0.23515745455989703, ""bbox"": [140, 210, 68, 12], ""reason"": ""缺少EXIF且图像结构异常(疑似生成图)"", ""bbox_overlap_check"": {""max_iou"": 0.0, ""risk_max_iou"": 0.0, ""overlapping_pairs"": [], ""box_count"": 1, ""anomalies"": []}, ""hard_tamper_flags"": {""bbox_iou"": false}, ""original_bbox"": [140, 210, 208, 222], ""field_type"": ""amount"", ""field_label"": ""金额"", ""region_no"": 1}]",-0.314843,-0.414843
independent,train,p (29).jpg,/home/quyu/PD_new/PD_max/app/ai_detection/images/tampered/p (29).jpg,篡改,篡改,0.66,True,2,11,490.7,全局UI布局异常,"[{""result"": ""篡改"", ""confidence"": 0.66, ""bbox"": [365, 205, 325, 45], ""reason"": ""全局UI布局异常"", ""bbox_overlap_check"": {""max_iou"": 0.0, ""risk_max_iou"": 0.0, ""overlapping_pairs"": [], ""box_count"": 2, ""anomalies"": []}, ""hard_tamper_flags"": {""bbox_iou"": false}, ""original_bbox"": [365, 205, 690, 250], ""field_type"": ""amount"", ""field_label"": ""金额"", ""region_no"": 1}, {""result"": ""篡改"", ""confidence"": 0.66, ""bbox"": [72, 204, 280, 46], ""reason"": ""全局UI布局异常"", ""bbox_overlap_check"": {""max_iou"": 0.0, ""risk_max_iou"": 0.0, ""overlapping_pairs"": [], ""box_count"": 2, ""anomalies"": []}, ""hard_tamper_flags"": {""bbox_iou"": false}, ""original_bbox"": [72, 204, 352, 250], ""field_type"": ""amount"", ""field_label"": ""金额"", ""region_no"": 2}]",0.11,0.01
independent,train,no (6).jpg,/home/quyu/PD_new/PD_max/app/ai_detection/images/normal/no (6).jpg,正常,正常,0.0976359737046843,True,1,48,1840.9,未检出明显篡改痕迹,"[{""result"": ""正常"", ""confidence"": 0.0976359737046843, ""bbox"": [389, 982, 106, 24], ""reason"": ""未检出明显篡改痕迹"", ""bbox_overlap_check"": {""max_iou"": 0.0, ""risk_max_iou"": 0.0, ""overlapping_pairs"": [], ""box_count"": 1, ""anomalies"": []}, ""hard_tamper_flags"": {""bbox_iou"": false}, ""original_bbox"": [389, 982, 495, 1006], ""field_type"": ""amount"", ""field_label"": ""金额"", ""region_no"": 1}]",-0.452364,-0.552364
independent,train,no (7).jpg,/home/quyu/PD_new/PD_max/app/ai_detection/images/normal/no (7).jpg,正常,正常,0.0976359737046843,True,1,48,1779.2,未检出明显篡改痕迹,"[{""result"": ""正常"", ""confidence"": 0.0976359737046843, ""bbox"": [389, 982, 106, 24], ""reason"": ""未检出明显篡改痕迹"", ""bbox_overlap_check"": {""max_iou"": 0.0, ""risk_max_iou"": 0.0, ""overlapping_pairs"": [], ""box_count"": 1, ""anomalies"": []}, ""hard_tamper_flags"": {""bbox_iou"": false}, ""original_bbox"": [389, 982, 495, 1006], ""field_type"": ""amount"", ""field_label"": ""金额"", ""region_no"": 1}]",-0.452364,-0.552364
independent,train,45.jpg,/home/quyu/PD_new/PD_max/app/ai_detection/images/normal/45.jpg,正常,正常,0.46150506333517893,True,6,37,1302.4,存在局部边缘拼接/像素涂抹痕迹,"[{""result"": ""正常"", ""confidence"": 0.07440239367442986, ""bbox"": [396, 547, 508, 120], ""reason"": ""未检出明显篡改痕迹"", ""bbox_overlap_check"": {""max_iou"": 0.0, ""risk_max_iou"": 0.0, ""overlapping_pairs"": [], ""box_count"": 6, ""anomalies"": []}, ""hard_tamper_flags"": {""bbox_iou"": false}, ""original_bbox"": [396, 547, 904, 667], ""field_type"": ""amount"", ""field_label"": ""金额"", ""region_no"": 1}, {""result"": ""正常"", ""confidence"": 0.4177406428099405, ""bbox"": [595, 1476, 457, 47], ""reason"": ""存在局部边缘拼接/像素涂抹痕迹"", ""bbox_overlap_check"": {""max_iou"": 0.0, ""risk_max_iou"": 0.0, ""overlapping_pairs"": [], ""box_count"": 6, ""anomalies"": []}, ""hard_tamper_flags"": {""bbox_iou"": false}, ""original_bbox"": [595, 1476, 1052, 1523], ""field_type"": ""time"", ""field_label"": ""时间"", ""region_no"": 2}, {""result"": ""正常"", ""confidence"": 0.46049219522787066, ""bbox"": [833, 1290, 219, 50], ""reason"": ""存在局部边缘拼接/像素涂抹痕迹"", ""bbox_overlap_check"": {""max_iou"": 0.0, ""risk_max_iou"": 0.0, ""overlapping_pairs"": [], ""box_count"": 6, ""anomalies"": []}, ""hard_tamper_flags"": {""bbox_iou"": false}, ""original_bbox"": [833, 1290, 1052, 1340], ""field_type"": ""amount"", ""field_label"": ""金额"", ""region_no"": 3}, {""result"": ""正常"", ""confidence"": 0.45542418478098856, ""bbox"": [908, 1004, 146, 59], ""reason"": ""存在局部边缘拼接/像素涂抹痕迹"", ""bbox_overlap_check"": {""max_iou"": 0.0, ""risk_max_iou"": 0.0, ""overlapping_pairs"": [], ""box_count"": 6, ""anomalies"": []}, ""hard_tamper_flags"": {""bbox_iou"": false}, ""original_bbox"": [908, 1004, 1054, 1063], ""field_type"": ""name"", ""field_label"": ""姓名"", ""region_no"": 4}, {""result"": ""正常"", ""confidence"": 0.07245297917788646, ""bbox"": [158, 1706, 186, 45], ""reason"": ""未检出明显篡改痕迹"", ""bbox_overlap_check"": {""max_iou"": 0.0, ""risk_max_iou"": 0.0, ""overlapping_pairs"": [], ""box_count"": 6, ""anomalies"": []}, ""hard_tamper_flags"": {""bbox_iou"": false}, ""original_bbox"": [158, 1706, 344, 1751], ""field_type"": ""amount"", ""field_label"": ""金额"", ""region_no"": 5}, {""result"": ""正常"", ""confidence"": 0.46150506333517893, ""bbox"": [953, 819, 95, 58], ""reason"": ""存在局部边缘拼接/像素涂抹痕迹"", ""bbox_overlap_check"": {""max_iou"": 0.0, ""risk_max_iou"": 0.0, ""overlapping_pairs"": [], ""box_count"": 6, ""anomalies"": []}, ""hard_tamper_flags"": {""bbox_iou"": false}, ""original_bbox"": [953, 819, 1048, 877], ""field_type"": ""name"", ""field_label"": ""姓名"", ""region_no"": 6}]",-0.088495,-0.188495
independent,train,47.jpg,/home/quyu/PD_new/PD_max/app/ai_detection/images/normal/47.jpg,正常,正常,0.461477232548848,True,5,37,1146.8,存在局部边缘拼接/像素涂抹痕迹,"[{""result"": ""正常"", ""confidence"": 0.07763291782874325, ""bbox"": [407, 550, 564, 116], ""reason"": ""未检出明显篡改痕迹"", ""bbox_overlap_check"": {""max_iou"": 0.0, ""risk_max_iou"": 0.0, ""overlapping_pairs"": [], ""box_count"": 5, ""anomalies"": []}, ""hard_tamper_flags"": {""bbox_iou"": false}, ""original_bbox"": [407, 550, 971, 666], ""field_type"": ""amount"", ""field_label"": ""金额"", ""region_no"": 1}, {""result"": ""正常"", ""confidence"": 0.4029408061067433, ""bbox"": [610, 1474, 442, 49], ""reason"": ""存在局部边缘拼接/像素涂抹痕迹"", ""bbox_overlap_check"": {""max_iou"": 0.0, ""risk_max_iou"": 0.0, ""overlapping_pairs"": [], ""box_count"": 5, ""anomalies"": []}, ""hard_tamper_flags"": {""bbox_iou"": false}, ""original_bbox"": [610, 1474, 1052, 1523], ""field_type"": ""time"", ""field_label"": ""时间"", ""region_no"": 2}, {""result"": ""正常"", ""confidence"": 0.3946770618525934, ""bbox"": [841, 1290, 211, 50], ""reason"": ""存在局部边缘拼接/像素涂抹痕迹"", ""bbox_overlap_check"": {""max_iou"": 0.0, ""risk_max_iou"": 0.0, ""overlapping_pairs"": [], ""box_count"": 5, ""anomalies"": []}, ""hard_tamper_flags"": {""bbox_iou"": false}, ""original_bbox"": [841, 1290, 1052, 1340], ""field_type"": ""amount"", ""field_label"": ""金额"", ""region_no"": 3}, {""result"": ""正常"", ""confidence"": 0.4601013277105846, ""bbox"": [952, 1004, 97, 60], ""reason"": ""存在局部边缘拼接/像素涂抹痕迹"", ""bbox_overlap_check"": {""max_iou"": 0.0, ""risk_max_iou"": 0.0, ""overlapping_pairs"": [], ""box_count"": 5, ""anomalies"": []}, ""hard_tamper_flags"": {""bbox_iou"": false}, ""original_bbox"": [952, 1004, 1049, 1064], ""field_type"": ""name"", ""field_label"": ""姓名"", ""region_no"": 4}, {""result"": ""正常"", ""confidence"": 0.461477232548848, ""bbox"": [953, 819, 95, 58], ""reason"": ""存在局部边缘拼接/像素涂抹痕迹"", ""bbox_overlap_check"": {""max_iou"": 0.0, ""risk_max_iou"": 0.0, ""overlapping_pairs"": [], ""box_count"": 5, ""anomalies"": []}, ""hard_tamper_flags"": {""bbox_iou"": false}, ""original_bbox"": [953, 819, 1048, 877], ""field_type"": ""name"", ""field_label"": ""姓名"", ""region_no"": 5}]",-0.088523,-0.188523
independent,train,38.png,/home/quyu/PD_new/PD_max/app/ai_detection/images/normal/38.png,正常,正常,0.489886341270949,True,5,40,1456.0,缺少EXIF且图像结构异常(疑似生成图)；存在局部边缘拼接/像素涂抹痕迹,"[{""result"": ""正常"", ""confidence"": 0.1600835999461973, ""bbox"": [110, 298, 189, 19], ""reason"": ""缺少EXIF且图像结构异常(疑似生成图)"", ""bbox_overlap_check"": {""max_iou"": 0.2361, ""risk_max_iou"": 0.0, ""overlapping_pairs"": [], ""box_count"": 5, ""anomalies"": []}, ""hard_tamper_flags"": {""bbox_iou"": false}, ""original_bbox"": [110, 298, 299, 317], ""field_type"": ""amount"", ""field_label"": ""金额"", ""region_no"": 1}, {""result"": ""正常"", ""confidence"": 0.12647949908448117, ""bbox"": [871, 70, 154, 17], ""reason"": ""缺少EXIF且图像结构异常(疑似生成图)"", ""bbox_overlap_check"": {""max_iou"": 0.2361, ""risk_max_iou"": 0.0, ""overlapping_pairs"": [], ""box_count"": 5, ""anomalies"": []}, ""hard_tamper_flags"": {""bbox_iou"": false}, ""original_bbox"": [871, 70, 1025, 87], ""field_type"": ""time"", ""field_label"": ""时间"", ""region_no"": 2}, {""result"": ""正常"", ""confidence"": 0.0, ""bbox"": [245, 337, 128, 19], ""reason"": ""缺少EXIF且图像结构异常(疑似生成图)"", ""bbox_overlap_check"": {""max_iou"": 0.2361, ""risk_max_iou"": 0.0, ""overlapping_pairs"": [], ""box_count"": 5, ""anomalies"": []}, ""hard_tamper_flags"": {""bbox_iou"": false}, ""original_bbox"": [245, 337, 373, 356], ""field_type"": ""amount"", ""field_label"": ""金额"", ""region_no"": 3}, {""result"": ""正常"", ""confidence"": 0.489886341270949, ""bbox"": [540, 204, 49, 19], ""reason"": ""缺少EXIF且图像结构异常(疑似生成图)；存在局部边缘拼接/像素涂抹痕迹"", ""bbox_overlap_check"": {""max_iou"": 0.2361, ""risk_max_iou"": 0.0, ""overlapping_pairs"": [], ""box_count"": 5, ""anomalies"": []}, ""hard_tamper_flags"": {""bbox_iou"": false}, ""original_bbox"": [540, 204, 589, 223], ""field_type"": ""name"", ""field_label"": ""姓名"", ""region_no"": 4}, {""result"": ""正常"", ""confidence"": 0.11605274140865955, ""bbox"": [246, 300, 53, 16], ""reason"": ""缺少EXIF且图像结构异常(疑似生成图)"", ""bbox_overlap_check"": {""max_iou"": 0.2361, ""risk_max_iou"": 0.0, ""overlapping_pairs"": [], ""box_count"": 5, ""anomalies"": []}, ""hard_tamper_flags"": {""bbox_iou"": false}, ""original_bbox"": [246, 300, 299, 316], ""field_type"": ""amount"", ""field_label"": ""金额"", ""region_no"": 5}]",-0.060114,-0.160114
independent,train,41.png,/home/quyu/PD_new/PD_max/app/ai_detection/images/normal/41.png,正常,正常,0.49108964072231603,True,5,39,1310.9,缺少EXIF且图像结构异常(疑似生成图)；存在局部边缘拼接/像素涂抹痕迹,"[{""result"": ""正常"", ""confidence"": 0.16458351080228925, ""bbox"": [113, 298, 201, 20], ""reason"": ""缺少EXIF且图像结构异常(疑似生成图)"", ""bbox_overlap_check"": {""max_iou"": 0.3119, ""risk_max_iou"": 0.0, ""overlapping_pairs"": [], ""box_count"": 5, ""anomalies"": []}, ""hard_tamper_flags"": {""bbox_iou"": false}, ""original_bbox"": [113, 298, 314, 318], ""field_type"": ""amount"", ""field_label"": ""金额"", ""region_no"": 1}, {""result"": ""正常"", ""confidence"": 0.0, ""bbox"": [248, 337, 189, 20], ""reason"": ""缺少EXIF且图像结构异常(疑似生成图)"", ""bbox_overlap_check"": {""max_iou"": 0.3119, ""risk_max_iou"": 0.0, ""overlapping_pairs"": [], ""box_count"": 5, ""anomalies"": []}, ""hard_tamper_flags"": {""bbox_iou"": false}, ""original_bbox"": [248, 337, 437, 357], ""field_type"": ""amount"", ""field_label"": ""金额"", ""region_no"": 2}, {""result"": ""正常"", ""confidence"": 0.191599436929031, ""bbox"": [873, 70, 153, 17], ""reason"": ""缺少EXIF且图像结构异常(疑似生成图)"", ""bbox_overlap_check"": {""max_iou"": 0.3119, ""risk_max_iou"": 0.0, ""overlapping_pairs"": [], ""box_count"": 5, ""anomalies"": []}, ""hard_tamper_flags"": {""bbox_iou"": false}, ""original_bbox"": [873, 70, 1026, 87], ""field_type"": ""time"", ""field_label"": ""时间"", ""region_no"": 3}, {""result"": ""正常"", ""confidence"": 0.1832277341417719, ""bbox"": [248, 299, 66, 19], ""reason"": ""缺少EXIF且图像结构异常(疑似生成图)"", ""bbox_overlap_check"": {""max_iou"": 0.3119, ""risk_max_iou"": 0.0, ""overlapping_pairs"": [], ""box_count"": 5, ""anomalies"": []}, ""hard_tamper_flags"": {""bbox_iou"": false}, ""original_bbox"": [248, 299, 314, 318], ""field_type"": ""amount"", ""field_label"": ""金额"", ""region_no"": 4}, {""result"": ""正常"", ""confidence"": 0.49108964072231603, ""bbox"": [542, 204, 49, 18], ""reason"": ""缺少EXIF且图像结构异常(疑似生成图)；存在局部边缘拼接/像素涂抹痕迹"", ""bbox_overlap_check"": {""max_iou"": 0.3119, ""risk_max_iou"": 0.0, ""overlapping_pairs"": [], ""box_count"": 5, ""anomalies"": []}, ""hard_tamper_flags"": {""bbox_iou"": false}, ""original_bbox"": [542, 204, 591, 222], ""field_type"": ""name"", ""field_label"": ""姓名"", ""region_no"": 5}]",-0.05891,-0.15891
independent,validation,25.png,/home/quyu/PD_new/PD_max/app/ai_detection/images/normal/25.png,正常,正常,0.45139298873438427,True,3,25,881.3,存在局部边缘拼接/像素涂抹痕迹,"[{""result"": ""正常"", ""confidence"": 0.0, ""bbox"": [879, 89, 233, 179], ""reason"": ""未检出明显篡改痕迹"", ""bbox_overlap_check"": {""max_iou"": 0.0, ""risk_max_iou"": 0.0, ""overlapping_pairs"": [], ""box_count"": 3, ""anomalies"": []}, ""hard_tamper_flags"": {""bbox_iou"": false}, ""original_bbox"": [879, 89, 1112, 268], ""field_type"": ""time"", ""field_label"": ""时间"", ""region_no"": 1}, {""result"": ""正常"", ""confidence"": 0.3706105423017112, ""bbox"": [874, 751, 284, 55], ""reason"": ""存在局部边缘拼接/像素涂抹痕迹"", ""bbox_overlap_check"": {""max_iou"": 0.0, ""risk_max_iou"": 0.0, ""overlapping_pairs"": [], ""box_count"": 3, ""anomalies"": []}, ""hard_tamper_flags"": {""bbox_iou"": false}, ""original_bbox"": [874, 751, 1158, 806], ""field_type"": ""amount"", ""field_label"": ""金额"", ""region_no"": 2}, {""result"": ""正常"", ""confidence"": 0.45139298873438427, ""bbox"": [1016, 460, 140, 54], ""reason"": ""存在局部边缘拼接/像素涂抹痕迹"", ""bbox_overlap_check"": {""max_iou"": 0.0, ""risk_max_iou"": 0.0, ""overlapping_pairs"": [], ""box_count"": 3, ""anomalies"": []}, ""hard_tamper_flags"": {""bbox_iou"": false}, ""original_bbox"": [1016, 460, 1156, 514], ""field_type"": ""name"", ""field_label"": ""姓名"", ""region_no"": 3}]",-0.098607,-0.198607
independent,validation,26.png,/home/quyu/PD_new/PD_max/app/ai_detection/images/normal/26.png,正常,正常,0.456977646748936,True,3,24,926.9,存在局部边缘拼接/像素涂抹痕迹,"[{""result"": ""正常"", ""confidence"": 0.0, ""bbox"": [879, 89, 233, 179], ""reason"": ""未检出明显篡改痕迹"", ""bbox_overlap_check"": {""max_iou"": 0.0, ""risk_max_iou"": 0.0, ""overlapping_pairs"": [], ""box_count"": 3, ""anomalies"": []}, ""hard_tamper_flags"": {""bbox_iou"": false}, ""original_bbox"": [879, 89, 1112, 268], ""field_type"": ""time"", ""field_label"": ""时间"", ""region_no"": 1}, {""result"": ""正常"", ""confidence"": 0.39376086092041396, ""bbox"": [965, 753, 192, 48], ""reason"": ""存在局部边缘拼接/像素涂抹痕迹"", ""bbox_overlap_check"": {""max_iou"": 0.0, ""risk_max_iou"": 0.0, ""overlapping_pairs"": [], ""box_count"": 3, ""anomalies"": []}, ""hard_tamper_flags"": {""bbox_iou"": false}, ""original_bbox"": [965, 753, 1157, 801], ""field_type"": ""amount"", ""field_label"": ""金额"", ""region_no"": 2}, {""result"": ""正常"", ""confidence"": 0.456977646748936, ""bbox"": [1061, 461, 92, 53], ""reason"": ""存在局部边缘拼接/像素涂抹痕迹"", ""bbox_overlap_check"": {""max_iou"": 0.0, ""risk_max_iou"": 0.0, ""overlapping_pairs"": [], ""box_count"": 3, ""anomalies"": []}, ""hard_tamper_flags"": {""bbox_iou"": false}, ""original_bbox"": [1061, 461, 1153, 514], ""field_type"": ""name"", ""field_label"": ""姓名"", ""region_no"": 3}]",-0.093022,-0.193022
independent,validation,27.png,/home/quyu/PD_new/PD_max/app/ai_detection/images/normal/27.png,正常,正常,0.456977646748936,True,3,24,872.9,存在局部边缘拼接/像素涂抹痕迹,"[{""result"": ""正常"", ""confidence"": 0.0, ""bbox"": [879, 89, 233, 179], ""reason"": ""未检出明显篡改痕迹"", ""bbox_overlap_check"": {""max_iou"": 0.0, ""risk_max_iou"": 0.0, ""overlapping_pairs"": [], ""box_count"": 3, ""anomalies"": []}, ""hard_tamper_flags"": {""bbox_iou"": false}, ""original_bbox"": [879, 89, 1112, 268], ""field_type"": ""time"", ""field_label"": ""时间"", ""region_no"": 1}, {""result"": ""正常"", ""confidence"": 0.44476671618379143, ""bbox"": [980, 752, 178, 48], ""reason"": ""存在局部边缘拼接/像素涂抹痕迹"", ""bbox_overlap_check"": {""max_iou"": 0.0, ""risk_max_iou"": 0.0, ""overlapping_pairs"": [], ""box_count"": 3, ""anomalies"": []}, ""hard_tamper_flags"": {""bbox_iou"": false}, ""original_bbox"": [980, 752, 1158, 800], ""field_type"": ""amount"", ""field_label"": ""金额"", ""region_no"": 2}, {""result"": ""正常"", ""confidence"": 0.456977646748936, ""bbox"": [1061, 461, 92, 53], ""reason"": ""存在局部边缘拼接/像素涂抹痕迹"", ""bbox_overlap_check"": {""max_iou"": 0.0, ""risk_max_iou"": 0.0, ""overlapping_pairs"": [], ""box_count"": 3, ""anomalies"": []}, ""hard_tamper_flags"": {""bbox_iou"": false}, ""original_bbox"": [1061, 461, 1153, 514], ""field_type"": ""name"", ""field_label"": ""姓名"", ""region_no"": 3}]",-0.093022,-0.193022
independent,validation,28.png,/home/quyu/PD_new/PD_max/app/ai_detection/images/normal/28.png,正常,正常,0.456977646748936,True,3,24,892.9,存在局部边缘拼接/像素涂抹痕迹,"[{""result"": ""正常"", ""confidence"": 0.0, ""bbox"": [879, 89, 233, 179], ""reason"": ""未检出明显篡改痕迹"", ""bbox_overlap_check"": {""max_iou"": 0.0, ""risk_max_iou"": 0.0, ""overlapping_pairs"": [], ""box_count"": 3, ""anomalies"": []}, ""hard_tamper_flags"": {""bbox_iou"": false}, ""original_bbox"": [879, 89, 1112, 268], ""field_type"": ""time"", ""field_label"": ""时间"", ""region_no"": 1}, {""result"": ""正常"", ""confidence"": 0.3801448317472128, ""bbox"": [938, 751, 220, 55], ""reason"": ""存在局部边缘拼接/像素涂抹痕迹"", ""bbox_overlap_check"": {""max_iou"": 0.0, ""risk_max_iou"": 0.0, ""overlapping_pairs"": [], ""box_count"": 3, ""anomalies"": []}, ""hard_tamper_flags"": {""bbox_iou"": false}, ""original_bbox"": [938, 751, 1158, 806], ""field_type"": ""amount"", ""field_label"": ""金额"", ""region_no"": 2}, {""result"": ""正常"", ""confidence"": 0.456977646748936, ""bbox"": [1061, 461, 92, 53], ""reason"": ""存在局部边缘拼接/像素涂抹痕迹"", ""bbox_overlap_check"": {""max_iou"": 0.0, ""risk_max_iou"": 0.0, ""overlapping_pairs"": [], ""box_count"": 3, ""anomalies"": []}, ""hard_tamper_flags"": {""bbox_iou"": false}, ""original_bbox"": [1061, 461, 1153, 514], ""field_type"": ""name"", ""field_label"": ""姓名"", ""region_no"": 3}]",-0.093022,-0.193022
independent,validation,29.png,/home/quyu/PD_new/PD_max/app/ai_detection/images/normal/29.png,正常,正常,0.456977646748936,True,3,25,939.5,存在局部边缘拼接/像素涂抹痕迹,"[{""result"": ""正常"", ""confidence"": 0.0, ""bbox"": [879, 89, 233, 179], ""reason"": ""未检出明显篡改痕迹"", ""bbox_overlap_check"": {""max_iou"": 0.0, ""risk_max_iou"": 0.0, ""overlapping_pairs"": [], ""box_count"": 3, ""anomalies"": []}, ""hard_tamper_flags"": {""bbox_iou"": false}, ""original_bbox"": [879, 89, 1112, 268], ""field_type"": ""time"", ""field_label"": ""时间"", ""region_no"": 1}, {""result"": ""正常"", ""confidence"": 0.38547384496014814, ""bbox"": [939, 747, 221, 60], ""reason"": ""存在局部边缘拼接/像素涂抹痕迹"", ""bbox_overlap_check"": {""max_iou"": 0.0, ""risk_max_iou"": 0.0, ""overlapping_pairs"": [], ""box_count"": 3, ""anomalies"": []}, ""hard_tamper_flags"": {""bbox_iou"": false}, ""original_bbox"": [939, 747, 1160, 807], ""field_type"": ""amount"", ""field_label"": ""金额"", ""region_no"": 2}, {""result"": ""正常"", ""confidence"": 0.456977646748936, ""bbox"": [1061, 461, 92, 53], ""reason"": ""存在局部边缘拼接/像素涂抹痕迹"", ""bbox_overlap_check"": {""max_iou"": 0.0, ""risk_max_iou"": 0.0, ""overlapping_pairs"": [], ""box_count"": 3, ""anomalies"": []}, ""hard_tamper_flags"": {""bbox_iou"": false}, ""original_bbox"": [1061, 461, 1153, 514], ""field_type"": ""name"", ""field_label"": ""姓名"", ""region_no"": 3}]",-0.093022,-0.193022
independent,validation,4.jpg,/home/quyu/PD_new/PD_max/app/ai_detection/images/normal/4.jpg,正常,正常,0.45873356088360484,True,3,25,853.7,存在局部边缘拼接/像素涂抹痕迹,"[{""result"": ""正常"", ""confidence"": 0.0, ""bbox"": [879, 89, 233, 179], ""reason"": ""未检出明显篡改痕迹"", ""bbox_overlap_check"": {""max_iou"": 0.0, ""risk_max_iou"": 0.0, ""overlapping_pairs"": [], ""box_count"": 3, ""anomalies"": []}, ""hard_tamper_flags"": {""bbox_iou"": false}, ""original_bbox"": [879, 89, 1112, 268], ""field_type"": ""time"", ""field_label"": ""时间"", ""region_no"": 1}, {""result"": ""正常"", ""confidence"": 0.42853163629813545, ""bbox"": [978, 751, 181, 50], ""reason"": ""存在局部边缘拼接/像素涂抹痕迹"", ""bbox_overlap_check"": {""max_iou"": 0.0, ""risk_max_iou"": 0.0, ""overlapping_pairs"": [], ""box_count"": 3, ""anomalies"": []}, ""hard_tamper_flags"": {""bbox_iou"": false}, ""original_bbox"": [978, 751, 1159, 801], ""field_type"": ""amount"", ""field_label"": ""金额"", ""region_no"": 2}, {""result"": ""正常"", ""confidence"": 0.45873356088360484, ""bbox"": [1061, 461, 92, 53], ""reason"": ""存在局部边缘拼接/像素涂抹痕迹"", ""bbox_overlap_check"": {""max_iou"": 0.0, ""risk_max_iou"": 0.0, ""overlapping_pairs"": [], ""box_count"": 3, ""anomalies"": []}, ""hard_tamper_flags"": {""bbox_iou"": false}, ""original_bbox"": [1061, 461, 1153, 514], ""field_type"": ""name"", ""field_label"": ""姓名"", ""region_no"": 3}]",-0.091266,-0.191266
independent,train,p (40).jpg,/home/quyu/PD_new/PD_max/app/ai_detection/images/tampered/p (40).jpg,篡改,篡改,0.66,True,4,37,969.4,全局UI布局异常；存在局部边缘拼接/像素涂抹痕迹,"[{""result"": ""篡改"", ""confidence"": 0.66, ""bbox"": [34, 356, 327, 84], ""reason"": ""全局UI布局异常；存在局部边缘拼接/像素涂抹痕迹"", ""bbox_overlap_check"": {""max_iou"": 0.0, ""risk_max_iou"": 0.0, ""overlapping_pairs"": [], ""box_count"": 4, ""anomalies"": []}, ""hard_tamper_flags"": {""bbox_iou"": false}, ""original_bbox"": [34, 356, 361, 440], ""field_type"": ""amount"", ""field_label"": ""金额"", ""region_no"": 1}, {""result"": ""篡改"", ""confidence"": 0.66, ""bbox"": [268, 691, 342, 36], ""reason"": ""全局UI布局异常；存在局部边缘拼接/像素涂抹痕迹"", ""bbox_overlap_check"": {""max_iou"": 0.0, ""risk_max_iou"": 0.0, ""overlapping_pairs"": [], ""box_count"": 4, ""anomalies"": []}, ""hard_tamper_flags"": {""bbox_iou"": false}, ""original_bbox"": [268, 691, 610, 727], ""field_type"": ""time"", ""field_label"": ""时间"", ""region_no"": 2}, {""result"": ""篡改"", ""confidence"": 0.66, ""bbox"": [269, 796, 343, 35], ""reason"": ""全局UI布局异常；存在局部边缘拼接/像素涂抹痕迹"", ""bbox_overlap_check"": {""max_iou"": 0.0, ""risk_max_iou"": 0.0, ""overlapping_pairs"": [], ""box_count"": 4, ""anomalies"": []}, ""hard_tamper_flags"": {""bbox_iou"": false}, ""original_bbox"": [269, 796, 612, 831], ""field_type"": ""time"", ""field_label"": ""时间"", ""region_no"": 3}, {""result"": ""篡改"", ""confidence"": 0.66, ""bbox"": [270, 1002, 217, 43], ""reason"": ""全局UI布局异常；存在局部边缘拼接/像素涂抹痕迹"", ""bbox_overlap_check"": {""max_iou"": 0.0, ""risk_max_iou"": 0.0, ""overlapping_pairs"": [], ""box_count"": 4, ""anomalies"": []}, ""hard_tamper_flags"": {""bbox_iou"": false}, ""original_bbox"": [270, 1002, 487, 1045], ""field_type"": ""amount"", ""field_label"": ""金额"", ""region_no"": 4}]",0.11,0.01
independent,train,37.png,/home/quyu/PD_new/PD_max/app/ai_detection/images/normal/37.png,正常,正常,0.47486410383826677,True,5,54,1478.6,缺少EXIF且图像结构异常(疑似生成图)；存在局部边缘拼接/像素涂抹痕迹,"[{""result"": ""正常"", ""confidence"": 0.15184797592285124, ""bbox"": [314, 356, 389, 20], ""reason"": ""缺少EXIF且图像结构异常(疑似生成图)"", ""bbox_overlap_check"": {""max_iou"": 0.4833, ""risk_max_iou"": 0.0, ""overlapping_pairs"": [{""bbox_a"": [314, 356, 703, 376], ""bbox_b"": [515, 356, 703, 376], ""iou"": 0.4833, ""same_row_fragment"": true}], ""box_count"": 5, ""anomalies"": []}, ""hard_tamper_flags"": {""bbox_iou"": false}, ""original_bbox"": [314, 356, 703, 376], ""field_type"": ""amount"", ""field_label"": ""金额"", ""region_no"": 1}, {""result"": ""正常"", ""confidence"": 0.47486410383826677, ""bbox"": [515, 356, 188, 20], ""reason"": ""缺少EXIF且图像结构异常(疑似生成图)；存在局部边缘拼接/像素涂抹痕迹"", ""bbox_overlap_check"": {""max_iou"": 0.4833, ""risk_max_iou"": 0.0, ""overlapping_pairs"": [{""bbox_a"": [314, 356, 703, 376], ""bbox_b"": [515, 356, 703, 376], ""iou"": 0.4833, ""same_row_fragment"": true}], ""box_count"": 5, ""anomalies"": []}, ""hard_tamper_flags"": {""bbox_iou"": false}, ""original_bbox"": [515, 356, 703, 376], ""field_type"": ""amount"", ""field_label"": ""金额"", ""region_no"": 2}, {""result"": ""正常"", ""confidence"": 0.12789143688474697, ""bbox"": [111, 192, 179, 18], ""reason"": ""缺少EXIF且图像结构异常(疑似生成图)"", ""bbox_overlap_check"": {""max_iou"": 0.4833, ""risk_max_iou"": 0.0, ""overlapping_pairs"": [{""bbox_a"": [314, 356, 703, 376], ""bbox_b"": [515, 356, 703, 376], ""iou"": 0.4833, ""same_row_fragment"": true}], ""box_count"": 5, ""anomalies"": []}, ""hard_tamper_flags"": {""bbox_iou"": false}, ""original_bbox"": [111, 192, 290, 210], ""field_type"": ""name"", ""field_label"": ""姓名"", ""region_no"": 3}, {""result"": ""正常"", ""confidence"": 0.11470045613328805, ""bbox"": [315, 441, 81, 16], ""reason"": ""缺少EXIF且图像结构异常(疑似生成图)"", ""bbox_overlap_check"": {""max_iou"": 0.4833, ""risk_max_iou"": 0.0, ""overlapping_pairs"": [{""bbox_a"": [314, 356, 703, 376], ""bbox_b"": [515, 356, 703, 376], ""iou"": 0.4833, ""same_row_fragment"": true}], ""box_count"": 5, ""anomalies"": []}, ""hard_tamper_flags"": {""bbox_iou"": false}, ""original_bbox"": [315, 441, 396, 457], ""field_type"": ""time"", ""field_label"": ""时间"", ""region_no"": 4}, {""result"": ""正常"", ""confidence"": 0.14224378410411181, ""bbox"": [314, 358, 60, 18], ""reason"": ""缺少EXIF且图像结构异常(疑似生成图)"", ""bbox_overlap_check"": {""max_iou"": 0.4833, ""risk_max_iou"": 0.0, ""overlapping_pairs"": [{""bbox_a"": [314, 356, 703, 376], ""bbox_b"": [515, 356, 703, 376], ""iou"": 0.4833, ""same_row_fragment"": true}], ""box_count"": 5, ""anomalies"": []}, ""hard_tamper_flags"": {""bbox_iou"": false}, ""original_bbox"": [314, 358, 374, 376], ""field_type"": ""amount"", ""field_label"": ""金额"", ""region_no"": 5}]",-0.075136,-0.175136
independent,train,43.png,/home/quyu/PD_new/PD_max/app/ai_detection/images/normal/43.png,正常,正常,0.5063591527938842,True,5,59,1832.1,缺少EXIF且图像结构异常(疑似生成图)；存在局部边缘拼接/像素涂抹痕迹,"[{""result"": ""正常"", ""confidence"": 0.140101318254578, ""bbox"": [318, 355, 343, 19], ""reason"": ""缺少EXIF且图像结构异常(疑似生成图)"", ""bbox_overlap_check"": {""max_iou"": 0.4111, ""risk_max_iou"": 0.0, ""overlapping_pairs"": [{""bbox_a"": [318, 355, 661, 374], ""bbox_b"": [520, 355, 661, 374], ""iou"": 0.4111, ""same_row_fragment"": true}], ""box_count"": 5, ""anomalies"": []}, ""hard_tamper_flags"": {""bbox_iou"": false}, ""original_bbox"": [318, 355, 661, 374], ""field_type"": ""amount"", ""field_label"": ""金额"", ""region_no"": 1}, {""result"": ""正常"", ""confidence"": 0.4783950337962469, ""bbox"": [520, 355, 141, 19], ""reason"": ""缺少EXIF且图像结构异常(疑似生成图)；存在局部边缘拼接/像素涂抹痕迹"", ""bbox_overlap_check"": {""max_iou"": 0.4111, ""risk_max_iou"": 0.0, ""overlapping_pairs"": [{""bbox_a"": [318, 355, 661, 374], ""bbox_b"": [520, 355, 661, 374], ""iou"": 0.4111, ""same_row_fragment"": true}], ""box_count"": 5, ""anomalies"": []}, ""hard_tamper_flags"": {""bbox_iou"": false}, ""original_bbox"": [520, 355, 661, 374], ""field_type"": ""amount"", ""field_label"": ""金额"", ""region_no"": 2}, {""result"": ""正常"", ""confidence"": 0.5063591527938842, ""bbox"": [319, 440, 82, 15], ""reason"": ""缺少EXIF且图像结构异常(疑似生成图)；存在局部边缘拼接/像素涂抹痕迹"", ""bbox_overlap_check"": {""max_iou"": 0.4111, ""risk_max_iou"": 0.0, ""overlapping_pairs"": [{""bbox_a"": [318, 355, 661, 374], ""bbox_b"": [520, 355, 661, 374], ""iou"": 0.4111, ""same_row_fragment"": true}], ""box_count"": 5, ""anomalies"": []}, ""hard_tamper_flags"": {""bbox_iou"": false}, ""original_bbox"": [319, 440, 401, 455], ""field_type"": ""time"", ""field_label"": ""时间"", ""region_no"": 3}, {""result"": ""正常"", ""confidence"": 0.14538882990910287, ""bbox"": [318, 356, 62, 18], ""reason"": ""缺少EXIF且图像结构异常(疑似生成图)"", ""bbox_overlap_check"": {""max_iou"": 0.4111, ""risk_max_iou"": 0.0, ""overlapping_pairs"": [{""bbox_a"": [318, 355, 661, 374], ""bbox_b"": [520, 355, 661, 374], ""iou"": 0.4111, ""same_row_fragment"": true}], ""box_count"": 5, ""anomalies"": []}, ""hard_tamper_flags"": {""bbox_iou"": false}, ""original_bbox"": [318, 356, 380, 374], ""field_type"": ""amount"", ""field_label"": ""金额"", ""region_no"": 4}, {""result"": ""正常"", ""confidence"": 0.2616758263300794, ""bbox"": [862, 192, 34, 25], ""reason"": ""缺少EXIF且图像结构异常(疑似生成图)"", ""bbox_overlap_check"": {""max_iou"": 0.4111, ""risk_max_iou"": 0.0, ""overlapping_pairs"": [{""bbox_a"": [318, 355, 661, 374], ""bbox_b"": [520, 355, 661, 374], ""iou"": 0.4111, ""same_row_fragment"": true}], ""box_count"": 5, ""anomalies"": []}, ""hard_tamper_flags"": {""bbox_iou"": false}, ""original_bbox"": [862, 192, 896, 217], ""field_type"": ""name"", ""field_label"": ""姓名"", ""region_no"": 5}]",-0.043641,-0.143641
independent,train,7.jpg,/home/quyu/PD_new/PD_max/app/ai_detection/images/normal/7.jpg,正常,正常,0.4515148933922381,True,6,30,1260.9,存在局部边缘拼接/像素涂抹痕迹,"[{""result"": ""正常"", ""confidence"": 0.3380454883616368, ""bbox"": [497, 388, 328, 96], ""reason"": ""存在局部边缘拼接/像素涂抹痕迹；局部字体风格异常"", ""bbox_overlap_check"": {""max_iou"": 0.0, ""risk_max_iou"": 0.0, ""overlapping_pairs"": [], ""box_count"": 6, ""anomalies"": []}, ""hard_tamper_flags"": {""bbox_iou"": false}, ""original_bbox"": [497, 388, 825, 484], ""field_type"": ""amount"", ""field_label"": ""金额"", ""region_no"": 1}, {""result"": ""正常"", ""confidence"": 0.3975024907163052, ""bbox"": [911, 664, 369, 47], ""reason"": ""存在局部边缘拼接/像素涂抹痕迹；局部字体风格异常"", ""bbox_overlap_check"": {""max_iou"": 0.0, ""risk_max_iou"": 0.0, ""overlapping_pairs"": [], ""box_count"": 6, ""anomalies"": []}, ""hard_tamper_flags"": {""bbox_iou"": false}, ""original_bbox"": [911, 664, 1280, 711], ""field_type"": ""time"", ""field_label"": ""时间"", ""region_no"": 2}, {""result"": ""正常"", ""confidence"": 0.4515148933922381, ""bbox"": [530, 511, 260, 52], ""reason"": ""存在局部边缘拼接/像素涂抹痕迹"", ""bbox_overlap_check"": {""max_iou"": 0.0, ""risk_max_iou"": 0.0, ""overlapping_pairs"": [], ""box_count"": 6, ""anomalies"": []}, ""hard_tamper_flags"": {""bbox_iou"": false}, ""original_bbox"": [530, 511, 790, 563], ""field_type"": ""amount"", ""field_label"": ""金额"", ""region_no"": 3}, {""result"": ""正常"", ""confidence"": 0.4082755699610624, ""bbox"": [1108, 1625, 173, 52], ""reason"": ""存在局部边缘拼接/像素涂抹痕迹"", ""bbox_overlap_check"": {""max_iou"": 0.0, ""risk_max_iou"": 0.0, ""overlapping_pairs"": [], ""box_count"": 6, ""anomalies"": []}, ""hard_tamper_flags"": {""bbox_iou"": false}, ""original_bbox"": [1108, 1625, 1281, 1677], ""field_type"": ""amount"", ""field_label"": ""金额"", ""region_no"": 4}, {""result"": ""正常"", ""confidence"": 0.43757105192276646, ""bbox"": [1134, 1413, 146, 47], ""reason"": ""存在局部边缘拼接/像素涂抹痕迹"", ""bbox_overlap_check"": {""max_iou"": 0.0, ""risk_max_iou"": 0.0, ""overlapping_pairs"": [], ""box_count"": 6, ""anomalies"": []}, ""hard_tamper_flags"": {""bbox_iou"": false}, ""original_bbox"": [1134, 1413, 1280, 1460], ""field_type"": ""amount"", ""field_label"": ""金额"", ""region_no"": 5}, {""result"": ""正常"", ""confidence"": 0.3932180205649244, ""bbox"": [1132, 1307, 146, 43], ""reason"": ""存在局部边缘拼接/像素涂抹痕迹"", ""bbox_overlap_check"": {""max_iou"": 0.0, ""risk_max_iou"": 0.0, ""overlapping_pairs"": [], ""box_count"": 6, ""anomalies"": []}, ""hard_tamper_flags"": {""bbox_iou"": false}, ""original_bbox"": [1132, 1307, 1278, 1350], ""field_type"": ""amount"", ""field_label"": ""金额"", ""region_no"": 6}]",-0.098485,-0.198485
independent,train,40.png,/home/quyu/PD_new/PD_max/app/ai_detection/images/normal/40.png,正常,正常,0.13601282193290734,True,6,45,1148.3,未检出明显篡改痕迹,"[{""result"": ""正常"", ""confidence"": 0.0, ""bbox"": [157, 202, 857, 37], ""reason"": ""未检出明显篡改痕迹"", ""bbox_overlap_check"": {""max_iou"": 0.2536, ""risk_max_iou"": 0.2536, ""overlapping_pairs"": [], ""box_count"": 6, ""anomalies"": []}, ""hard_tamper_flags"": {""bbox_iou"": false}, ""original_bbox"": [157, 202, 1014, 239], ""field_type"": ""name"", ""field_label"": ""姓名"", ""region_no"": 1}, {""result"": ""正常"", ""confidence"": 0.13601282193290734, ""bbox"": [288, 308, 627, 24], ""reason"": ""未检出明显篡改痕迹"", ""bbox_overlap_check"": {""max_iou"": 0.2536, ""risk_max_iou"": 0.2536, ""overlapping_pairs"": [], ""box_count"": 6, ""anomalies"": []}, ""hard_tamper_flags"": {""bbox_iou"": false}, ""original_bbox"": [288, 308, 915, 332], ""field_type"": ""amount"", ""field_label"": ""金额"", ""region_no"": 2}, {""result"": ""正常"", ""confidence"": 0.09812726164188525, ""bbox"": [288, 429, 604, 22], ""reason"": ""未检出明显篡改痕迹"", ""bbox_overlap_check"": {""max_iou"": 0.2536, ""risk_max_iou"": 0.2536, ""overlapping_pairs"": [], ""box_count"": 6, ""anomalies"": []}, ""hard_tamper_flags"": {""bbox_iou"": false}, ""original_bbox"": [288, 429, 892, 451], ""field_type"": ""time"", ""field_label"": ""时间"", ""region_no"": 3}, {""result"": ""正常"", ""confidence"": 0.0, ""bbox"": [679, 202, 335, 24], ""reason"": ""未检出明显篡改痕迹"", ""bbox_overlap_check"": {""max_iou"": 0.2536, ""risk_max_iou"": 0.2536, ""overlapping_pairs"": [], ""box_count"": 6, ""anomalies"": []}, ""hard_tamper_flags"": {""bbox_iou"": false}, ""original_bbox"": [679, 202, 1014, 226], ""field_type"": ""name"", ""field_label"": ""姓名"", ""region_no"": 4}, {""result"": ""正常"", ""confidence"": 0.10286540178418098, ""bbox"": [288, 429, 166, 19], ""reason"": ""未检出明显篡改痕迹"", ""bbox_overlap_check"": {""max_iou"": 0.2536, ""risk_max_iou"": 0.2536, ""overlapping_pairs"": [], ""box_count"": 6, ""anomalies"": []}, ""hard_tamper_flags"": {""bbox_iou"": false}, ""original_bbox"": [288, 429, 454, 448], ""field_type"": ""time"", ""field_label"": ""时间"", ""region_no"": 5}, {""result"": ""正常"", ""confidence"": 0.0, ""bbox"": [808, 308, 107, 24], ""reason"": ""未检出明显篡改痕迹"", ""bbox_overlap_check"": {""max_iou"": 0.2536, ""risk_max_iou"": 0.2536, ""overlapping_pairs"": [], ""box_count"": 6, ""anomalies"": []}, ""hard_tamper_flags"": {""bbox_iou"": false}, ""original_bbox"": [808, 308, 915, 332], ""field_type"": ""amount"", ""field_label"": ""金额"", ""region_no"": 6}]",-0.413987,-0.513987
independent,test,1.png,/home/quyu/PD_new/PD_max/app/ai_detection/images/normal/1.png,正常,正常,0.0,True,1,42,1351.5,未检出明显篡改痕迹,"[{""result"": ""正常"", ""confidence"": 0.0, ""bbox"": [146, 220, 74, 13], ""reason"": ""未检出明显篡改痕迹"", ""bbox_overlap_check"": {""max_iou"": 0.0, ""risk_max_iou"": 0.0, ""overlapping_pairs"": [], ""box_count"": 1, ""anomalies"": []}, ""hard_tamper_flags"": {""bbox_iou"": false}, ""original_bbox"": [146, 220, 220, 233], ""field_type"": ""amount"", ""field_label"": ""金额"", ""region_no"": 1}]",-0.55,-0.65
independent,train,p (30).jpg,/home/quyu/PD_new/PD_max/app/ai_detection/images/tampered/p (30).jpg,篡改,篡改,0.6610813006209465,True,2,28,744.1,全局UI布局异常；存在局部边缘拼接/像素涂抹痕迹,"[{""result"": ""篡改"", ""confidence"": 0.66, ""bbox"": [350, 451, 515, 131], ""reason"": ""全局UI布局异常"", ""bbox_overlap_check"": {""max_iou"": 0.0, ""risk_max_iou"": 0.0, ""overlapping_pairs"": [], ""box_count"": 2, ""anomalies"": []}, ""hard_tamper_flags"": {""bbox_iou"": false}, ""original_bbox"": [350, 451, 865, 582], ""field_type"": ""amount"", ""field_label"": ""金额"", ""region_no"": 1}, {""result"": ""篡改"", ""confidence"": 0.6610813006209465, ""bbox"": [556, 1577, 440, 53], ""reason"": ""全局UI布局异常；存在局部边缘拼接/像素涂抹痕迹"", ""bbox_overlap_check"": {""max_iou"": 0.0, ""risk_max_iou"": 0.0, ""overlapping_pairs"": [], ""box_count"": 2, ""anomalies"": []}, ""hard_tamper_flags"": {""bbox_iou"": false}, ""original_bbox"": [556, 1577, 996, 1630], ""field_type"": ""time"", ""field_label"": ""时间"", ""region_no"": 2}]",0.111081,0.011081
independent,train,no (10).jpg,/home/quyu/PD_new/PD_max/app/ai_detection/images/normal/no (10).jpg,正常,正常,0.2075878804932531,True,2,57,1793.9,未检出明显篡改痕迹,"[{""result"": ""正常"", ""confidence"": 0.0, ""bbox"": [804, 463, 149, 21], ""reason"": ""未检出明显篡改痕迹"", ""bbox_overlap_check"": {""max_iou"": 0.0, ""risk_max_iou"": 0.0, ""overlapping_pairs"": [], ""box_count"": 2, ""anomalies"": []}, ""hard_tamper_flags"": {""bbox_iou"": false}, ""original_bbox"": [804, 463, 953, 484], ""field_type"": ""amount"", ""field_label"": ""金额"", ""region_no"": 1}, {""result"": ""正常"", ""confidence"": 0.2075878804932531, ""bbox"": [277, 680, 141, 21], ""reason"": ""未检出明显篡改痕迹"", ""bbox_overlap_check"": {""max_iou"": 0.0, ""risk_max_iou"": 0.0, ""overlapping_pairs"": [], ""box_count"": 2, ""anomalies"": []}, ""hard_tamper_flags"": {""bbox_iou"": false}, ""original_bbox"": [277, 680, 418, 701], ""field_type"": ""amount"", ""field_label"": ""金额"", ""region_no"": 2}]",-0.342412,-0.442412
independent,train,no (2).jpg,/home/quyu/PD_new/PD_max/app/ai_detection/images/normal/no (2).jpg,正常,正常,0.20585839064107606,True,3,64,2215.3,未检出明显篡改痕迹,"[{""result"": ""正常"", ""confidence"": 0.0, ""bbox"": [295, 2556, 877, 54], ""reason"": ""未检出明显篡改痕迹"", ""bbox_overlap_check"": {""max_iou"": 0.0, ""risk_max_iou"": 0.0, ""overlapping_pairs"": [], ""box_count"": 3, ""anomalies"": []}, ""hard_tamper_flags"": {""bbox_iou"": false}, ""original_bbox"": [295, 2556, 1172, 2610], ""field_type"": ""amount"", ""field_label"": ""金额"", ""region_no"": 1}, {""result"": ""正常"", ""confidence"": 0.051391202395584465, ""bbox"": [324, 831, 164, 25], ""reason"": ""未检出明显篡改痕迹"", ""bbox_overlap_check"": {""max_iou"": 0.0, ""risk_max_iou"": 0.0, ""overlapping_pairs"": [], ""box_count"": 3, ""anomalies"": []}, ""hard_tamper_flags"": {""bbox_iou"": false}, ""original_bbox"": [324, 831, 488, 856], ""field_type"": ""amount"", ""field_label"": ""金额"", ""region_no"": 2}, {""result"": ""正常"", ""confidence"": 0.20585839064107606, ""bbox"": [715, 682, 123, 23], ""reason"": ""未检出明显篡改痕迹"", ""bbox_overlap_check"": {""max_iou"": 0.0, ""risk_max_iou"": 0.0, ""overlapping_pairs"": [], ""box_count"": 3, ""anomalies"": []}, ""hard_tamper_flags"": {""bbox_iou"": false}, ""original_bbox"": [715, 682, 838, 705], ""field_type"": ""amount"", ""field_label"": ""金额"", ""region_no"": 3}]",-0.344142,-0.444142
independent,train,no (9).jpg,/home/quyu/PD_new/PD_max/app/ai_detection/images/normal/no (9).jpg,正常,正常,0.2075878804932531,True,2,57,1924.2,未检出明显篡改痕迹,"[{""result"": ""正常"", ""confidence"": 0.0, ""bbox"": [804, 463, 149, 21], ""reason"": ""未检出明显篡改痕迹"", ""bbox_overlap_check"": {""max_iou"": 0.0, ""risk_max_iou"": 0.0, ""overlapping_pairs"": [], ""box_count"": 2, ""anomalies"": []}, ""hard_tamper_flags"": {""bbox_iou"": false}, ""original_bbox"": [804, 463, 953, 484], ""field_type"": ""amount"", ""field_label"": ""金额"", ""region_no"": 1}, {""result"": ""正常"", ""confidence"": 0.2075878804932531, ""bbox"": [277, 680, 141, 21], ""reason"": ""未检出明显篡改痕迹"", ""bbox_overlap_check"": {""max_iou"": 0.0, ""risk_max_iou"": 0.0, ""overlapping_pairs"": [], ""box_count"": 2, ""anomalies"": []}, ""hard_tamper_flags"": {""bbox_iou"": false}, ""original_bbox"": [277, 680, 418, 701], ""field_type"": ""amount"", ""field_label"": ""金额"", ""region_no"": 2}]",-0.342412,-0.442412
independent,validation,3.jpg,/home/quyu/PD_new/PD_max/app/ai_detection/images/normal/3.jpg,正常,正常,0.42713177488343285,True,3,28,904.1,存在局部边缘拼接/像素涂抹痕迹,"[{""result"": ""正常"", ""confidence"": 0.41016233476800157, ""bbox"": [418, 681, 345, 98], ""reason"": ""存在局部边缘拼接/像素涂抹痕迹"", ""bbox_overlap_check"": {""max_iou"": 0.0, ""risk_max_iou"": 0.0, ""overlapping_pairs"": [], ""box_count"": 3, ""anomalies"": []}, ""hard_tamper_flags"": {""bbox_iou"": false}, ""original_bbox"": [418, 681, 763, 779], ""field_type"": ""amount"", ""field_label"": ""金额"", ""region_no"": 1}, {""result"": ""正常"", ""confidence"": 0.42713177488343285, ""bbox"": [350, 1183, 451, 49], ""reason"": ""存在局部边缘拼接/像素涂抹痕迹"", ""bbox_overlap_check"": {""max_iou"": 0.0, ""risk_max_iou"": 0.0, ""overlapping_pairs"": [], ""box_count"": 3, ""anomalies"": []}, ""hard_tamper_flags"": {""bbox_iou"": false}, ""original_bbox"": [350, 1183, 801, 1232], ""field_type"": ""time"", ""field_label"": ""时间"", ""region_no"": 2}, {""result"": ""正常"", ""confidence"": 0.4246594885001446, ""bbox"": [353, 1267, 442, 49], ""reason"": ""存在局部边缘拼接/像素涂抹痕迹"", ""bbox_overlap_check"": {""max_iou"": 0.0, ""risk_max_iou"": 0.0, ""overlapping_pairs"": [], ""box_count"": 3, ""anomalies"": []}, ""hard_tamper_flags"": {""bbox_iou"": false}, ""original_bbox"": [353, 1267, 795, 1316], ""field_type"": ""time"", ""field_label"": ""时间"", ""region_no"": 3}]",-0.122868,-0.222868
independent,train,p (4).jpg,/home/quyu/PD_new/PD_max/app/ai_detection/images/tampered/p (4).jpg,篡改,篡改,0.66,True,6,37,1749.7,全局UI布局异常；局部字体风格异常,"[{""result"": ""篡改"", ""confidence"": 0.66, ""bbox"": [115, 353, 941, 79], ""reason"": ""全局UI布局异常；局部字体风格异常"", ""bbox_overlap_check"": {""max_iou"": 0.0, ""risk_max_iou"": 0.0, ""overlapping_pairs"": [], ""box_count"": 6, ""anomalies"": []}, ""hard_tamper_flags"": {""bbox_iou"": false}, ""original_bbox"": [115, 353, 1056, 432], ""field_type"": ""amount"", ""field_label"": ""金额"", ""region_no"": 1}, {""result"": ""篡改"", ""confidence"": 0.66, ""bbox"": [595, 2191, 497, 70], ""reason"": ""全局UI布局异常"", ""bbox_overlap_check"": {""max_iou"": 0.0, ""risk_max_iou"": 0.0, ""overlapping_pairs"": [], ""box_count"": 6, ""anomalies"": []}, ""hard_tamper_flags"": {""bbox_iou"": false}, ""original_bbox"": [595, 2191, 1092, 2261], ""field_type"": ""amount"", ""field_label"": ""金额"", ""region_no"": 2}, {""result"": ""篡改"", ""confidence"": 0.66, ""bbox"": [119, 434, 465, 69], ""reason"": ""全局UI布局异常"", ""bbox_overlap_check"": {""max_iou"": 0.0, ""risk_max_iou"": 0.0, ""overlapping_pairs"": [], ""box_count"": 6, ""anomalies"": []}, ""hard_tamper_flags"": {""bbox_iou"": false}, ""original_bbox"": [119, 434, 584, 503], ""field_type"": ""amount"", ""field_label"": ""金额"", ""region_no"": 3}, {""result"": ""篡改"", ""confidence"": 0.66, ""bbox"": [119, 2191, 444, 68], ""reason"": ""全局UI布局异常"", ""bbox_overlap_check"": {""max_iou"": 0.0, ""risk_max_iou"": 0.0, ""overlapping_pairs"": [], ""box_count"": 6, ""anomalies"": []}, ""hard_tamper_flags"": {""bbox_iou"": false}, ""original_bbox"": [119, 2191, 563, 2259], ""field_type"": ""amount"", ""field_label"": ""金额"", ""region_no"": 4}, {""result"": ""篡改"", ""confidence"": 0.66, ""bbox"": [470, 1019, 324, 92], ""reason"": ""全局UI布局异常"", ""bbox_overlap_check"": {""max_iou"": 0.0, ""risk_max_iou"": 0.0, ""overlapping_pairs"": [], ""box_count"": 6, ""anomalies"": []}, ""hard_tamper_flags"": {""bbox_iou"": false}, ""original_bbox"": [470, 1019, 794, 1111], ""field_type"": ""amount"", ""field_label"": ""金额"", ""region_no"": 5}, {""result"": ""篡改"", ""confidence"": 0.66, ""bbox"": [116, 1341, 200, 55], ""reason"": ""全局UI布局异常"", ""bbox_overlap_check"": {""max_iou"": 0.0, ""risk_max_iou"": 0.0, ""overlapping_pairs"": [], ""box_count"": 6, ""anomalies"": []}, ""hard_tamper_flags"": {""bbox_iou"": false}, ""original_bbox"": [116, 1341, 316, 1396], ""field_type"": ""amount"", ""field_label"": ""金额"", ""region_no"": 6}]",0.11,0.01
independent,test,13.jpg,/home/quyu/PD_new/PD_max/app/ai_detection/images/normal/13.jpg,正常,正常,0.4116034360939976,True,6,30,1306.1,存在局部边缘拼接/像素涂抹痕迹,"[{""result"": ""正常"", ""confidence"": 0.3352829098856177, ""bbox"": [458, 387, 403, 103], ""reason"": ""存在局部边缘拼接/像素涂抹痕迹；局部字体风格异常"", ""bbox_overlap_check"": {""max_iou"": 0.0, ""risk_max_iou"": 0.0, ""overlapping_pairs"": [], ""box_count"": 6, ""anomalies"": []}, ""hard_tamper_flags"": {""bbox_iou"": false}, ""original_bbox"": [458, 387, 861, 490], ""field_type"": ""amount"", ""field_label"": ""金额"", ""region_no"": 1}, {""result"": ""正常"", ""confidence"": 0.39471509176137076, ""bbox"": [932, 664, 348, 47], ""reason"": ""存在局部边缘拼接/像素涂抹痕迹"", ""bbox_overlap_check"": {""max_iou"": 0.0, ""risk_max_iou"": 0.0, ""overlapping_pairs"": [], ""box_count"": 6, ""anomalies"": []}, ""hard_tamper_flags"": {""bbox_iou"": false}, ""original_bbox"": [932, 664, 1280, 711], ""field_type"": ""time"", ""field_label"": ""时间"", ""region_no"": 2}, {""result"": ""正常"", ""confidence"": 0.4082506307578879, ""bbox"": [530, 511, 257, 52], ""reason"": ""存在局部边缘拼接/像素涂抹痕迹"", ""bbox_overlap_check"": {""max_iou"": 0.0, ""risk_max_iou"": 0.0, ""overlapping_pairs"": [], ""box_count"": 6, ""anomalies"": []}, ""hard_tamper_flags"": {""bbox_iou"": false}, ""original_bbox"": [530, 511, 787, 563], ""field_type"": ""amount"", ""field_label"": ""金额"", ""region_no"": 3}, {""result"": ""正常"", ""confidence"": 0.4116034360939976, ""bbox"": [1098, 1198, 183, 52], ""reason"": ""存在局部边缘拼接/像素涂抹痕迹"", ""bbox_overlap_check"": {""max_iou"": 0.0, ""risk_max_iou"": 0.0, ""overlapping_pairs"": [], ""box_count"": 6, ""anomalies"": []}, ""hard_tamper_flags"": {""bbox_iou"": false}, ""original_bbox"": [1098, 1198, 1281, 1250], ""field_type"": ""amount"", ""field_label"": ""金额"", ""region_no"": 4}, {""result"": ""正常"", ""confidence"": 0.4089465791843053, ""bbox"": [1100, 1413, 180, 50], ""reason"": ""存在局部边缘拼接/像素涂抹痕迹"", ""bbox_overlap_check"": {""max_iou"": 0.0, ""risk_max_iou"": 0.0, ""overlapping_pairs"": [], ""box_count"": 6, ""anomalies"": []}, ""hard_tamper_flags"": {""bbox_iou"": false}, ""original_bbox"": [1100, 1413, 1280, 1463], ""field_type"": ""amount"", ""field_label"": ""金额"", ""region_no"": 5}, {""result"": ""正常"", ""confidence"": 0.41004408643975454, ""bbox"": [1110, 1626, 170, 50], ""reason"": ""存在局部边缘拼接/像素涂抹痕迹"", ""bbox_overlap_check"": {""max_iou"": 0.0, ""risk_max_iou"": 0.0, ""overlapping_pairs"": [], ""box_count"": 6, ""anomalies"": []}, ""hard_tamper_flags"": {""bbox_iou"": false}, ""original_bbox"": [1110, 1626, 1280, 1676], ""field_type"": ""amount"", ""field_label"": ""金额"", ""region_no"": 6}]",-0.138397,-0.238397
independent,validation,p (13).jpg,/home/quyu/PD_new/PD_max/app/ai_detection/images/tampered/p (13).jpg,篡改,篡改,0.6982736801909492,True,6,32,1382.5,全局UI布局异常；存在局部边缘拼接/像素涂抹痕迹,"[{""result"": ""篡改"", ""confidence"": 0.66, ""bbox"": [333, 484, 607, 132], ""reason"": ""全局UI布局异常"", ""bbox_overlap_check"": {""max_iou"": 0.0, ""risk_max_iou"": 0.0, ""overlapping_pairs"": [], ""box_count"": 6, ""anomalies"": []}, ""hard_tamper_flags"": {""bbox_iou"": false}, ""original_bbox"": [333, 484, 940, 616], ""field_type"": ""amount"", ""field_label"": ""金额"", ""region_no"": 1}, {""result"": ""篡改"", ""confidence"": 0.6775224526699248, ""bbox"": [782, 822, 448, 54], ""reason"": ""全局UI布局异常；存在局部边缘拼接/像素涂抹痕迹"", ""bbox_overlap_check"": {""max_iou"": 0.0, ""risk_max_iou"": 0.0, ""overlapping_pairs"": [], ""box_count"": 6, ""anomalies"": []}, ""hard_tamper_flags"": {""bbox_iou"": false}, ""original_bbox"": [782, 822, 1230, 876], ""field_type"": ""time"", ""field_label"": ""时间"", ""region_no"": 2}, {""result"": ""篡改"", ""confidence"": 0.66, ""bbox"": [460, 624, 358, 64], ""reason"": ""全局UI布局异常"", ""bbox_overlap_check"": {""max_iou"": 0.0, ""risk_max_iou"": 0.0, ""overlapping_pairs"": [], ""box_count"": 6, ""anomalies"": []}, ""hard_tamper_flags"": {""bbox_iou"": false}, ""original_bbox"": [460, 624, 818, 688], ""field_type"": ""amount"", ""field_label"": ""金额"", ""region_no"": 3}, {""result"": ""篡改"", ""confidence"": 0.66, ""bbox"": [983, 1861, 248, 62], ""reason"": ""全局UI布局异常；存在局部边缘拼接/像素涂抹痕迹"", ""bbox_overlap_check"": {""max_iou"": 0.0, ""risk_max_iou"": 0.0, ""overlapping_pairs"": [], ""box_count"": 6, ""anomalies"": []}, ""hard_tamper_flags"": {""bbox_iou"": false}, ""original_bbox"": [983, 1861, 1231, 1923], ""field_type"": ""amount"", ""field_label"": ""金额"", ""region_no"": 4}, {""result"": ""篡改"", ""confidence"": 0.6982736801909492, ""bbox"": [987, 1473, 243, 58], ""reason"": ""全局UI布局异常；存在局部边缘拼接/像素涂抹痕迹"", ""bbox_overlap_check"": {""max_iou"": 0.0, ""risk_max_iou"": 0.0, ""overlapping_pairs"": [], ""box_count"": 6, ""anomalies"": []}, ""hard_tamper_flags"": {""bbox_iou"": false}, ""original_bbox"": [987, 1473, 1230, 1531], ""field_type"": ""amount"", ""field_label"": ""金额"", ""region_no"": 5}, {""result"": ""篡改"", ""confidence"": 0.66, ""bbox"": [1059, 1603, 171, 55], ""reason"": ""全局UI布局异常"", ""bbox_overlap_check"": {""max_iou"": 0.0, ""risk_max_iou"": 0.0, ""overlapping_pairs"": [], ""box_count"": 6, ""anomalies"": []}, ""hard_tamper_flags"": {""bbox_iou"": false}, ""original_bbox"": [1059, 1603, 1230, 1658], ""field_type"": ""amount"", ""field_label"": ""金额"", ""region_no"": 6}]",0.148274,0.048274
independent,validation,p (31).jpg,/home/quyu/PD_new/PD_max/app/ai_detection/images/tampered/p (31).jpg,篡改,篡改,0.7247124670907541,True,6,31,1393.5,全局UI布局异常；存在局部边缘拼接/像素涂抹痕迹,"[{""result"": ""篡改"", ""confidence"": 0.66, ""bbox"": [335, 484, 608, 132], ""reason"": ""全局UI布局异常"", ""bbox_overlap_check"": {""max_iou"": 0.0, ""risk_max_iou"": 0.0, ""overlapping_pairs"": [], ""box_count"": 6, ""anomalies"": []}, ""hard_tamper_flags"": {""bbox_iou"": false}, ""original_bbox"": [335, 484, 943, 616], ""field_type"": ""amount"", ""field_label"": ""金额"", ""region_no"": 1}, {""result"": ""篡改"", ""confidence"": 0.7188603037918257, ""bbox"": [782, 822, 448, 54], ""reason"": ""全局UI布局异常；存在局部边缘拼接/像素涂抹痕迹"", ""bbox_overlap_check"": {""max_iou"": 0.0, ""risk_max_iou"": 0.0, ""overlapping_pairs"": [], ""box_count"": 6, ""anomalies"": []}, ""hard_tamper_flags"": {""bbox_iou"": false}, ""original_bbox"": [782, 822, 1230, 876], ""field_type"": ""time"", ""field_label"": ""时间"", ""region_no"": 2}, {""result"": ""篡改"", ""confidence"": 0.66, ""bbox"": [460, 624, 358, 64], ""reason"": ""全局UI布局异常"", ""bbox_overlap_check"": {""max_iou"": 0.0, ""risk_max_iou"": 0.0, ""overlapping_pairs"": [], ""box_count"": 6, ""anomalies"": []}, ""hard_tamper_flags"": {""bbox_iou"": false}, ""original_bbox"": [460, 624, 818, 688], ""field_type"": ""amount"", ""field_label"": ""金额"", ""region_no"": 3}, {""result"": ""篡改"", ""confidence"": 0.663947852259389, ""bbox"": [986, 1861, 245, 63], ""reason"": ""全局UI布局异常；存在局部边缘拼接/像素涂抹痕迹"", ""bbox_overlap_check"": {""max_iou"": 0.0, ""risk_max_iou"": 0.0, ""overlapping_pairs"": [], ""box_count"": 6, ""anomalies"": []}, ""hard_tamper_flags"": {""bbox_iou"": false}, ""original_bbox"": [986, 1861, 1231, 1924], ""field_type"": ""amount"", ""field_label"": ""金额"", ""region_no"": 4}, {""result"": ""篡改"", ""confidence"": 0.66, ""bbox"": [986, 1602, 245, 62], ""reason"": ""全局UI布局异常；存在局部边缘拼接/像素涂抹痕迹"", ""bbox_overlap_check"": {""max_iou"": 0.0, ""risk_max_iou"": 0.0, ""overlapping_pairs"": [], ""box_count"": 6, ""anomalies"": []}, ""hard_tamper_flags"": {""bbox_iou"": false}, ""original_bbox"": [986, 1602, 1231, 1664], ""field_type"": ""amount"", ""field_label"": ""金额"", ""region_no"": 5}, {""result"": ""篡改"", ""confidence"": 0.7247124670907541, ""bbox"": [987, 1473, 243, 58], ""reason"": ""全局UI布局异常；存在局部边缘拼接/像素涂抹痕迹"", ""bbox_overlap_check"": {""max_iou"": 0.0, ""risk_max_iou"": 0.0, ""overlapping_pairs"": [], ""box_count"": 6, ""anomalies"": []}, ""hard_tamper_flags"": {""bbox_iou"": false}, ""original_bbox"": [987, 1473, 1230, 1531], ""field_type"": ""amount"", ""field_label"": ""金额"", ""region_no"": 6}]",0.174712,0.074712
independent,train,no (4).jpg,/home/quyu/PD_new/PD_max/app/ai_detection/images/normal/no (4).jpg,正常,正常,0.44163929804732593,True,2,23,729.4,存在局部边缘拼接/像素涂抹痕迹,"[{""result"": ""正常"", ""confidence"": 0.32935988486109685, ""bbox"": [308, 382, 509, 105], ""reason"": ""存在局部边缘拼接/像素涂抹痕迹"", ""bbox_overlap_check"": {""max_iou"": 0.0, ""risk_max_iou"": 0.0, ""overlapping_pairs"": [], ""box_count"": 2, ""anomalies"": []}, ""hard_tamper_flags"": {""bbox_iou"": false}, ""original_bbox"": [308, 382, 817, 487], ""field_type"": ""amount"", ""field_label"": ""金额"", ""region_no"": 1}, {""result"": ""正常"", ""confidence"": 0.44163929804732593, ""bbox"": [625, 999, 408, 42], ""reason"": ""存在局部边缘拼接/像素涂抹痕迹"", ""bbox_overlap_check"": {""max_iou"": 0.0, ""risk_max_iou"": 0.0, ""overlapping_pairs"": [], ""box_count"": 2, ""anomalies"": []}, ""hard_tamper_flags"": {""bbox_iou"": false}, ""original_bbox"": [625, 999, 1033, 1041], ""field_type"": ""time"", ""field_label"": ""时间"", ""region_no"": 2}]",-0.108361,-0.208361
independent,test,10.png,/home/quyu/PD_new/PD_max/app/ai_detection/images/normal/10.png,正常,正常,0.13223191046152022,True,3,37,2538.5,缺少EXIF且图像结构异常(疑似生成图),"[{""result"": ""正常"", ""confidence"": 0.09613359082401565, ""bbox"": [147, 89, 107, 14], ""reason"": ""缺少EXIF且图像结构异常(疑似生成图)"", ""bbox_overlap_check"": {""max_iou"": 0.0, ""risk_max_iou"": 0.0, ""overlapping_pairs"": [], ""box_count"": 3, ""anomalies"": []}, ""hard_tamper_flags"": {""bbox_iou"": false}, ""original_bbox"": [147, 89, 254, 103], ""field_type"": ""time"", ""field_label"": ""时间"", ""region_no"": 1}, {""result"": ""正常"", ""confidence"": 0.1175154396850982, ""bbox"": [147, 246, 107, 13], ""reason"": ""缺少EXIF且图像结构异常(疑似生成图)"", ""bbox_overlap_check"": {""max_iou"": 0.0, ""risk_max_iou"": 0.0, ""overlapping_pairs"": [], ""box_count"": 3, ""anomalies"": []}, ""hard_tamper_flags"": {""bbox_iou"": false}, ""original_bbox"": [147, 246, 254, 259], ""field_type"": ""time"", ""field_label"": ""时间"", ""region_no"": 2}, {""result"": ""正常"", ""confidence"": 0.13223191046152022, ""bbox"": [146, 224, 79, 16], ""reason"": ""缺少EXIF且图像结构异常(疑似生成图)"", ""bbox_overlap_check"": {""max_iou"": 0.0, ""risk_max_iou"": 0.0, ""overlapping_pairs"": [], ""box_count"": 3, ""anomalies"": []}, ""hard_tamper_flags"": {""bbox_iou"": false}, ""original_bbox"": [146, 224, 225, 240], ""field_type"": ""amount"", ""field_label"": ""金额"", ""region_no"": 3}]",-0.417768,-0.517768
independent,test,16.png,/home/quyu/PD_new/PD_max/app/ai_detection/images/normal/16.png,正常,正常,0.11150899651295544,True,2,39,2629.8,缺少EXIF且图像结构异常(疑似生成图),"[{""result"": ""正常"", ""confidence"": 0.0, ""bbox"": [26, 456, 252, 13], ""reason"": ""缺少EXIF且图像结构异常(疑似生成图)"", ""bbox_overlap_check"": {""max_iou"": 0.0, ""risk_max_iou"": 0.0, ""overlapping_pairs"": [], ""box_count"": 2, ""anomalies"": []}, ""hard_tamper_flags"": {""bbox_iou"": false}, ""original_bbox"": [26, 456, 278, 469], ""field_type"": ""amount"", ""field_label"": ""金额"", ""region_no"": 1}, {""result"": ""正常"", ""confidence"": 0.11150899651295544, ""bbox"": [112, 257, 86, 11], ""reason"": ""缺少EXIF且图像结构异常(疑似生成图)"", ""bbox_overlap_check"": {""max_iou"": 0.0, ""risk_max_iou"": 0.0, ""overlapping_pairs"": [], ""box_count"": 2, ""anomalies"": []}, ""hard_tamper_flags"": {""bbox_iou"": false}, ""original_bbox"": [112, 257, 198, 268], ""field_type"": ""amount"", ""field_label"": ""金额"", ""region_no"": 2}]",-0.438491,-0.538491
independent,test,2.png,/home/quyu/PD_new/PD_max/app/ai_detection/images/normal/2.png,正常,正常,0.17587885421409113,True,3,39,2130.4,缺少EXIF且图像结构异常(疑似生成图),"[{""result"": ""正常"", ""confidence"": 0.10692079042348654, ""bbox"": [98, 245, 88, 12], ""reason"": ""缺少EXIF且图像结构异常(疑似生成图)"", ""bbox_overlap_check"": {""max_iou"": 0.0, ""risk_max_iou"": 0.0, ""overlapping_pairs"": [], ""box_count"": 3, ""anomalies"": []}, ""hard_tamper_flags"": {""bbox_iou"": false}, ""original_bbox"": [98, 245, 186, 257], ""field_type"": ""time"", ""field_label"": ""时间"", ""region_no"": 1}, {""result"": ""正常"", ""confidence"": 0.0, ""bbox"": [99, 121, 85, 10], ""reason"": ""缺少EXIF且图像结构异常(疑似生成图)"", ""bbox_overlap_check"": {""max_iou"": 0.0, ""risk_max_iou"": 0.0, ""overlapping_pairs"": [], ""box_count"": 3, ""anomalies"": []}, ""hard_tamper_flags"": {""bbox_iou"": false}, ""original_bbox"": [99, 121, 184, 131], ""field_type"": ""time"", ""field_label"": ""时间"", ""region_no"": 2}, {""result"": ""正常"", ""confidence"": 0.17587885421409113, ""bbox"": [99, 228, 63, 12], ""reason"": ""缺少EXIF且图像结构异常(疑似生成图)"", ""bbox_overlap_check"": {""max_iou"": 0.0, ""risk_max_iou"": 0.0, ""overlapping_pairs"": [], ""box_count"": 3, ""anomalies"": []}, ""hard_tamper_flags"": {""bbox_iou"": false}, ""original_bbox"": [99, 228, 162, 240], ""field_type"": ""amount"", ""field_label"": ""金额"", ""region_no"": 3}]",-0.374121,-0.474121
independent,test,31.png,/home/quyu/PD_new/PD_max/app/ai_detection/images/normal/31.png,正常,正常,0.0,True,2,38,2293.5,缺少EXIF且图像结构异常(疑似生成图),"[{""result"": ""正常"", ""confidence"": 0.0, ""bbox"": [109, 113, 85, 10], ""reason"": ""缺少EXIF且图像结构异常(疑似生成图)"", ""bbox_overlap_check"": {""max_iou"": 0.0, ""risk_max_iou"": 0.0, ""overlapping_pairs"": [], ""box_count"": 2, ""anomalies"": []}, ""hard_tamper_flags"": {""bbox_iou"": false}, ""original_bbox"": [109, 113, 194, 123], ""field_type"": ""time"", ""field_label"": ""时间"", ""region_no"": 1}, {""result"": ""正常"", ""confidence"": 0.0, ""bbox"": [109, 221, 63, 12], ""reason"": ""缺少EXIF且图像结构异常(疑似生成图)"", ""bbox_overlap_check"": {""max_iou"": 0.0, ""risk_max_iou"": 0.0, ""overlapping_pairs"": [], ""box_count"": 2, ""anomalies"": []}, ""hard_tamper_flags"": {""bbox_iou"": false}, ""original_bbox"": [109, 221, 172, 233], ""field_type"": ""amount"", ""field_label"": ""金额"", ""region_no"": 2}]",-0.55,-0.65
independent,test,32.png,/home/quyu/PD_new/PD_max/app/ai_detection/images/normal/32.png,正常,正常,0.0922420030368113,True,2,39,2222.2,缺少EXIF且图像结构异常(疑似生成图),"[{""result"": ""正常"", ""confidence"": 0.0914559110471882, ""bbox"": [108, 128, 88, 12], ""reason"": ""缺少EXIF且图像结构异常(疑似生成图)"", ""bbox_overlap_check"": {""max_iou"": 0.0, ""risk_max_iou"": 0.0, ""overlapping_pairs"": [], ""box_count"": 2, ""anomalies"": []}, ""hard_tamper_flags"": {""bbox_iou"": false}, ""original_bbox"": [108, 128, 196, 140], ""field_type"": ""time"", ""field_label"": ""时间"", ""region_no"": 1}, {""result"": ""正常"", ""confidence"": 0.0922420030368113, ""bbox"": [108, 253, 88, 12], ""reason"": ""缺少EXIF且图像结构异常(疑似生成图)"", ""bbox_overlap_check"": {""max_iou"": 0.0, ""risk_max_iou"": 0.0, ""overlapping_pairs"": [], ""box_count"": 2, ""anomalies"": []}, ""hard_tamper_flags"": {""bbox_iou"": false}, ""original_bbox"": [108, 253, 196, 265], ""field_type"": ""time"", ""field_label"": ""时间"", ""region_no"": 2}]",-0.457758,-0.557758
independent,test,33.png,/home/quyu/PD_new/PD_max/app/ai_detection/images/normal/33.png,正常,正常,0.06755835684150105,True,3,39,2165.8,缺少EXIF且图像结构异常(疑似生成图),"[{""result"": ""正常"", ""confidence"": 0.06755835684150105, ""bbox"": [97, 116, 82, 13], ""reason"": ""缺少EXIF且图像结构异常(疑似生成图)"", ""bbox_overlap_check"": {""max_iou"": 0.0, ""risk_max_iou"": 0.0, ""overlapping_pairs"": [], ""box_count"": 3, ""anomalies"": []}, ""hard_tamper_flags"": {""bbox_iou"": false}, ""original_bbox"": [97, 116, 179, 129], ""field_type"": ""time"", ""field_label"": ""时间"", ""region_no"": 1}, {""result"": ""正常"", ""confidence"": 0.0, ""bbox"": [97, 217, 60, 12], ""reason"": ""缺少EXIF且图像结构异常(疑似生成图)"", ""bbox_overlap_check"": {""max_iou"": 0.0, ""risk_max_iou"": 0.0, ""overlapping_pairs"": [], ""box_count"": 3, ""anomalies"": []}, ""hard_tamper_flags"": {""bbox_iou"": false}, ""original_bbox"": [97, 217, 157, 229], ""field_type"": ""amount"", ""field_label"": ""金额"", ""region_no"": 2}, {""result"": ""正常"", ""confidence"": 0.0, ""bbox"": [98, 235, 79, 9], ""reason"": ""缺少EXIF且图像结构异常(疑似生成图)"", ""bbox_overlap_check"": {""max_iou"": 0.0, ""risk_max_iou"": 0.0, ""overlapping_pairs"": [], ""box_count"": 3, ""anomalies"": []}, ""hard_tamper_flags"": {""bbox_iou"": false}, ""original_bbox"": [98, 235, 177, 244], ""field_type"": ""time"", ""field_label"": ""时间"", ""region_no"": 3}]",-0.482442,-0.582442
independent,test,34.png,/home/quyu/PD_new/PD_max/app/ai_detection/images/normal/34.png,正常,无法自动检测,0.0,False,0,38,1613.5,未识别到金额、姓名、时间关键区域，无法自动检测,[],-0.55,-0.65
independent,train,46.jpg,/home/quyu/PD_new/PD_max/app/ai_detection/images/normal/46.jpg,正常,正常,0.3898075525439497,True,2,24,730.2,存在局部边缘拼接/像素涂抹痕迹,"[{""result"": ""正常"", ""confidence"": 0.377244422857232, ""bbox"": [381, 475, 447, 117], ""reason"": ""存在局部边缘拼接/像素涂抹痕迹"", ""bbox_overlap_check"": {""max_iou"": 0.0, ""risk_max_iou"": 0.0, ""overlapping_pairs"": [], ""box_count"": 2, ""anomalies"": []}, ""hard_tamper_flags"": {""bbox_iou"": false}, ""original_bbox"": [381, 475, 828, 592], ""field_type"": ""amount"", ""field_label"": ""金额"", ""region_no"": 1}, {""result"": ""正常"", ""confidence"": 0.3898075525439497, ""bbox"": [636, 1595, 522, 54], ""reason"": ""存在局部边缘拼接/像素涂抹痕迹"", ""bbox_overlap_check"": {""max_iou"": 0.0, ""risk_max_iou"": 0.0, ""overlapping_pairs"": [], ""box_count"": 2, ""anomalies"": []}, ""hard_tamper_flags"": {""bbox_iou"": false}, ""original_bbox"": [636, 1595, 1158, 1649], ""field_type"": ""time"", ""field_label"": ""时间"", ""region_no"": 2}]",-0.160192,-0.260192
independent,train,no (3).jpg,/home/quyu/PD_new/PD_max/app/ai_detection/images/normal/no (3).jpg,正常,正常,0.09090464523181098,True,2,59,1763.9,未检出明显篡改痕迹,"[{""result"": ""正常"", ""confidence"": 0.09090464523181098, ""bbox"": [312, 895, 160, 26], ""reason"": ""未检出明显篡改痕迹"", ""bbox_overlap_check"": {""max_iou"": 0.0, ""risk_max_iou"": 0.0, ""overlapping_pairs"": [], ""box_count"": 2, ""anomalies"": []}, ""hard_tamper_flags"": {""bbox_iou"": false}, ""original_bbox"": [312, 895, 472, 921], ""field_type"": ""amount"", ""field_label"": ""金额"", ""region_no"": 1}, {""result"": ""正常"", ""confidence"": 0.07238594531454506, ""bbox"": [312, 964, 175, 23], ""reason"": ""未检出明显篡改痕迹"", ""bbox_overlap_check"": {""max_iou"": 0.0, ""risk_max_iou"": 0.0, ""overlapping_pairs"": [], ""box_count"": 2, ""anomalies"": []}, ""hard_tamper_flags"": {""bbox_iou"": false}, ""original_bbox"": [312, 964, 487, 987], ""field_type"": ""amount"", ""field_label"": ""金额"", ""region_no"": 2}]",-0.459095,-0.559095
independent,train,p (24).jpg,/home/quyu/PD_new/PD_max/app/ai_detection/images/tampered/p (24).jpg,篡改,篡改,0.6696664077816297,True,3,22,714.9,全局UI布局异常；存在局部边缘拼接/像素涂抹痕迹,"[{""result"": ""篡改"", ""confidence"": 0.66, ""bbox"": [483, 527, 432, 109], ""reason"": ""全局UI布局异常；存在局部边缘拼接/像素涂抹痕迹"", ""bbox_overlap_check"": {""max_iou"": 0.0, ""risk_max_iou"": 0.0, ""overlapping_pairs"": [], ""box_count"": 3, ""anomalies"": []}, ""hard_tamper_flags"": {""bbox_iou"": false}, ""original_bbox"": [483, 527, 915, 636], ""field_type"": ""amount"", ""field_label"": ""金额"", ""region_no"": 1}, {""result"": ""篡改"", ""confidence"": 0.66, ""bbox"": [584, 1138, 547, 54], ""reason"": ""全局UI布局异常；存在局部边缘拼接/像素涂抹痕迹"", ""bbox_overlap_check"": {""max_iou"": 0.0, ""risk_max_iou"": 0.0, ""overlapping_pairs"": [], ""box_count"": 3, ""anomalies"": []}, ""hard_tamper_flags"": {""bbox_iou"": false}, ""original_bbox"": [584, 1138, 1131, 1192], ""field_type"": ""time"", ""field_label"": ""时间"", ""region_no"": 2}, {""result"": ""篡改"", ""confidence"": 0.6696664077816297, ""bbox"": [445, 678, 336, 54], ""reason"": ""全局UI布局异常；存在局部边缘拼接/像素涂抹痕迹"", ""bbox_overlap_check"": {""max_iou"": 0.0, ""risk_max_iou"": 0.0, ""overlapping_pairs"": [], ""box_count"": 3, ""anomalies"": []}, ""hard_tamper_flags"": {""bbox_iou"": false}, ""original_bbox"": [445, 678, 781, 732], ""field_type"": ""amount"", ""field_label"": ""金额"", ""region_no"": 3}]",0.119666,0.019666
independent,train,no (11).jpg,/home/quyu/PD_new/PD_max/app/ai_detection/images/normal/no (11).jpg,正常,正常,0.16469691945176704,True,4,54,1819.7,未检出明显篡改痕迹,"[{""result"": ""正常"", ""confidence"": 0.09654327142424698, ""bbox"": [254, 695, 654, 33], ""reason"": ""未检出明显篡改痕迹"", ""bbox_overlap_check"": {""max_iou"": 0.0, ""risk_max_iou"": 0.0, ""overlapping_pairs"": [], ""box_count"": 4, ""anomalies"": []}, ""hard_tamper_flags"": {""bbox_iou"": false}, ""original_bbox"": [254, 695, 908, 728], ""field_type"": ""name"", ""field_label"": ""姓名"", ""region_no"": 1}, {""result"": ""正常"", ""confidence"": 0.07642599601457895, ""bbox"": [222, 885, 215, 34], ""reason"": ""未检出明显篡改痕迹"", ""bbox_overlap_check"": {""max_iou"": 0.0, ""risk_max_iou"": 0.0, ""overlapping_pairs"": [], ""box_count"": 4, ""anomalies"": []}, ""hard_tamper_flags"": {""bbox_iou"": false}, ""original_bbox"": [222, 885, 437, 919], ""field_type"": ""amount"", ""field_label"": ""金额"", ""region_no"": 2}, {""result"": ""正常"", ""confidence"": 0.10497493001577315, ""bbox"": [222, 1022, 234, 31], ""reason"": ""未检出明显篡改痕迹"", ""bbox_overlap_check"": {""max_iou"": 0.0, ""risk_max_iou"": 0.0, ""overlapping_pairs"": [], ""box_count"": 4, ""anomalies"": []}, ""hard_tamper_flags"": {""bbox_iou"": false}, ""original_bbox"": [222, 1022, 456, 1053], ""field_type"": ""time"", ""field_label"": ""时间"", ""region_no"": 3}, {""result"": ""正常"", ""confidence"": 0.16469691945176704, ""bbox"": [223, 977, 232, 27], ""reason"": ""未检出明显篡改痕迹"", ""bbox_overlap_check"": {""max_iou"": 0.0, ""risk_max_iou"": 0.0, ""overlapping_pairs"": [], ""box_count"": 4, ""anomalies"": []}, ""hard_tamper_flags"": {""bbox_iou"": false}, ""original_bbox"": [223, 977, 455, 1004], ""field_type"": ""time"", ""field_label"": ""时间"", ""region_no"": 4}]",-0.385303,-0.485303
independent,validation,p (12).jpg,/home/quyu/PD_new/PD_max/app/ai_detection/images/tampered/p (12).jpg,篡改,篡改,0.790182317841434,True,6,39,1404.7,全局UI布局异常；存在局部边缘拼接/像素涂抹痕迹,"[{""result"": ""篡改"", ""confidence"": 0.66, ""bbox"": [541, 2113, 560, 71], ""reason"": ""全局UI布局异常"", ""bbox_overlap_check"": {""max_iou"": 0.0, ""risk_max_iou"": 0.0, ""overlapping_pairs"": [], ""box_count"": 6, ""anomalies"": []}, ""hard_tamper_flags"": {""bbox_iou"": false}, ""original_bbox"": [541, 2113, 1101, 2184], ""field_type"": ""amount"", ""field_label"": ""金额"", ""region_no"": 1}, {""result"": ""篡改"", ""confidence"": 0.66, ""bbox"": [466, 940, 321, 93], ""reason"": ""全局UI布局异常"", ""bbox_overlap_check"": {""max_iou"": 0.0, ""risk_max_iou"": 0.0, ""overlapping_pairs"": [], ""box_count"": 6, ""anomalies"": []}, ""hard_tamper_flags"": {""bbox_iou"": false}, ""original_bbox"": [466, 940, 787, 1033], ""field_type"": ""amount"", ""field_label"": ""金额"", ""region_no"": 2}, {""result"": ""篡改"", ""confidence"": 0.66, ""bbox"": [116, 2113, 393, 68], ""reason"": ""全局UI布局异常"", ""bbox_overlap_check"": {""max_iou"": 0.0, ""risk_max_iou"": 0.0, ""overlapping_pairs"": [], ""box_count"": 6, ""anomalies"": []}, ""hard_tamper_flags"": {""bbox_iou"": false}, ""original_bbox"": [116, 2113, 509, 2181], ""field_type"": ""amount"", ""field_label"": ""金额"", ""region_no"": 3}, {""result"": ""篡改"", ""confidence"": 0.66, ""bbox"": [115, 1259, 199, 60], ""reason"": ""全局UI布局异常"", ""bbox_overlap_check"": {""max_iou"": 0.0, ""risk_max_iou"": 0.0, ""overlapping_pairs"": [], ""box_count"": 6, ""anomalies"": []}, ""hard_tamper_flags"": {""bbox_iou"": false}, ""original_bbox"": [115, 1259, 314, 1319], ""field_type"": ""amount"", ""field_label"": ""金额"", ""region_no"": 4}, {""result"": ""篡改"", ""confidence"": 0.66, ""bbox"": [632, 1130, 179, 53], ""reason"": ""全局UI布局异常"", ""bbox_overlap_check"": {""max_iou"": 0.0, ""risk_max_iou"": 0.0, ""overlapping_pairs"": [], ""box_count"": 6, ""anomalies"": []}, ""hard_tamper_flags"": {""bbox_iou"": false}, ""original_bbox"": [632, 1130, 811, 1183], ""field_type"": ""amount"", ""field_label"": ""金额"", ""region_no"": 5}, {""result"": ""篡改"", ""confidence"": 0.790182317841434, ""bbox"": [372, 249, 146, 52], ""reason"": ""全局UI布局异常；存在局部边缘拼接/像素涂抹痕迹"", ""bbox_overlap_check"": {""max_iou"": 0.0, ""risk_max_iou"": 0.0, ""overlapping_pairs"": [], ""box_count"": 6, ""anomalies"": []}, ""hard_tamper_flags"": {""bbox_iou"": false}, ""original_bbox"": [372, 249, 518, 301], ""field_type"": ""amount"", ""field_label"": ""金额"", ""region_no"": 6}]",0.240182,0.140182
independent,train,p (14).jpg,/home/quyu/PD_new/PD_max/app/ai_detection/images/tampered/p (14).jpg,篡改,篡改,0.66,True,1,4,221.8,全局UI布局异常；局部字体风格异常,"[{""result"": ""篡改"", ""confidence"": 0.66, ""bbox"": [82, 192, 265, 51], ""reason"": ""全局UI布局异常；局部字体风格异常"", ""bbox_overlap_check"": {""max_iou"": 0.0, ""risk_max_iou"": 0.0, ""overlapping_pairs"": [], ""box_count"": 1, ""anomalies"": []}, ""hard_tamper_flags"": {""bbox_iou"": false}, ""original_bbox"": [82, 192, 347, 243], ""field_type"": ""amount"", ""field_label"": ""金额"", ""region_no"": 1}]",0.11,0.01
independent,train,p (43).jpg,/home/quyu/PD_new/PD_max/app/ai_detection/images/tampered/p (43).jpg,篡改,篡改,0.66,True,1,4,228.5,全局UI布局异常；局部字体风格异常,"[{""result"": ""篡改"", ""confidence"": 0.66, ""bbox"": [82, 193, 264, 49], ""reason"": ""全局UI布局异常；局部字体风格异常"", ""bbox_overlap_check"": {""max_iou"": 0.0, ""risk_max_iou"": 0.0, ""overlapping_pairs"": [], ""box_count"": 1, ""anomalies"": []}, ""hard_tamper_flags"": {""bbox_iou"": false}, ""original_bbox"": [82, 193, 346, 242], ""field_type"": ""amount"", ""field_label"": ""金额"", ""region_no"": 1}]",0.11,0.01
independent,train,44.jpg,/home/quyu/PD_new/PD_max/app/ai_detection/images/normal/44.jpg,正常,正常,0.4682042910463295,True,2,30,832.5,存在局部边缘拼接/像素涂抹痕迹,"[{""result"": ""正常"", ""confidence"": 0.4682042910463295, ""bbox"": [440, 680, 322, 86], ""reason"": ""存在局部边缘拼接/像素涂抹痕迹"", ""bbox_overlap_check"": {""max_iou"": 0.0, ""risk_max_iou"": 0.0, ""overlapping_pairs"": [], ""box_count"": 2, ""anomalies"": []}, ""hard_tamper_flags"": {""bbox_iou"": false}, ""original_bbox"": [440, 680, 762, 766], ""field_type"": ""amount"", ""field_label"": ""金额"", ""region_no"": 1}, {""result"": ""正常"", ""confidence"": 0.43429414102025465, ""bbox"": [384, 1587, 128, 44], ""reason"": ""存在局部边缘拼接/像素涂抹痕迹"", ""bbox_overlap_check"": {""max_iou"": 0.0, ""risk_max_iou"": 0.0, ""overlapping_pairs"": [], ""box_count"": 2, ""anomalies"": []}, ""hard_tamper_flags"": {""bbox_iou"": false}, ""original_bbox"": [384, 1587, 512, 1631], ""field_type"": ""amount"", ""field_label"": ""金额"", ""region_no"": 2}]",-0.081796,-0.181796
independent,train,39.png,/home/quyu/PD_new/PD_max/app/ai_detection/images/normal/39.png,正常,正常,0.2379370068789001,True,3,51,1625.9,缺少EXIF且图像结构异常(疑似生成图)；文件体积/像素比异常(疑似工具导出),"[{""result"": ""正常"", ""confidence"": 0.2110955725019828, ""bbox"": [196, 163, 436, 16], ""reason"": ""缺少EXIF且图像结构异常(疑似生成图)；文件体积/像素比异常(疑似工具导出)"", ""bbox_overlap_check"": {""max_iou"": 0.1835, ""risk_max_iou"": 0.0, ""overlapping_pairs"": [], ""box_count"": 3, ""anomalies"": []}, ""hard_tamper_flags"": {""bbox_iou"": false}, ""original_bbox"": [196, 163, 632, 179], ""field_type"": ""amount"", ""field_label"": ""金额"", ""region_no"": 1}, {""result"": ""正常"", ""confidence"": 0.2379370068789001, ""bbox"": [447, 61, 146, 17], ""reason"": ""缺少EXIF且图像结构异常(疑似生成图)；文件体积/像素比异常(疑似工具导出)"", ""bbox_overlap_check"": {""max_iou"": 0.1835, ""risk_max_iou"": 0.0, ""overlapping_pairs"": [], ""box_count"": 3, ""anomalies"": []}, ""hard_tamper_flags"": {""bbox_iou"": false}, ""original_bbox"": [447, 61, 593, 78], ""field_type"": ""amount"", ""field_label"": ""金额"", ""region_no"": 2}, {""result"": ""正常"", ""confidence"": 0.13807714001056098, ""bbox"": [196, 163, 80, 16], ""reason"": ""缺少EXIF且图像结构异常(疑似生成图)；文件体积/像素比异常(疑似工具导出)"", ""bbox_overlap_check"": {""max_iou"": 0.1835, ""risk_max_iou"": 0.0, ""overlapping_pairs"": [], ""box_count"": 3, ""anomalies"": []}, ""hard_tamper_flags"": {""bbox_iou"": false}, ""original_bbox"": [196, 163, 276, 179], ""field_type"": ""amount"", ""field_label"": ""金额"", ""region_no"": 3}]",-0.312063,-0.412063
independent,validation,14.jpg,/home/quyu/PD_new/PD_max/app/ai_detection/images/normal/14.jpg,正常,正常,0.4497157021237472,True,6,31,1233.7,存在局部边缘拼接/像素涂抹痕迹,"[{""result"": ""正常"", ""confidence"": 0.39128617187062176, ""bbox"": [504, 388, 312, 96], ""reason"": ""存在局部边缘拼接/像素涂抹痕迹"", ""bbox_overlap_check"": {""max_iou"": 0.0, ""risk_max_iou"": 0.0, ""overlapping_pairs"": [], ""box_count"": 6, ""anomalies"": []}, ""hard_tamper_flags"": {""bbox_iou"": false}, ""original_bbox"": [504, 388, 816, 484], ""field_type"": ""amount"", ""field_label"": ""金额"", ""region_no"": 1}, {""result"": ""正常"", ""confidence"": 0.3737973755523642, ""bbox"": [904, 664, 376, 47], ""reason"": ""存在局部边缘拼接/像素涂抹痕迹"", ""bbox_overlap_check"": {""max_iou"": 0.0, ""risk_max_iou"": 0.0, ""overlapping_pairs"": [], ""box_count"": 6, ""anomalies"": []}, ""hard_tamper_flags"": {""bbox_iou"": false}, ""original_bbox"": [904, 664, 1280, 711], ""field_type"": ""time"", ""field_label"": ""时间"", ""region_no"": 2}, {""result"": ""正常"", ""confidence"": 0.423567196532209, ""bbox"": [530, 511, 257, 52], ""reason"": ""存在局部边缘拼接/像素涂抹痕迹"", ""bbox_overlap_check"": {""max_iou"": 0.0, ""risk_max_iou"": 0.0, ""overlapping_pairs"": [], ""box_count"": 6, ""anomalies"": []}, ""hard_tamper_flags"": {""bbox_iou"": false}, ""original_bbox"": [530, 511, 787, 563], ""field_type"": ""amount"", ""field_label"": ""金额"", ""region_no"": 3}, {""result"": ""正常"", ""confidence"": 0.12476196205767745, ""bbox"": [1109, 1521, 168, 51], ""reason"": ""未检出明显篡改痕迹"", ""bbox_overlap_check"": {""max_iou"": 0.0, ""risk_max_iou"": 0.0, ""overlapping_pairs"": [], ""box_count"": 6, ""anomalies"": []}, ""hard_tamper_flags"": {""bbox_iou"": false}, ""original_bbox"": [1109, 1521, 1277, 1572], ""field_type"": ""amount"", ""field_label"": ""金额"", ""region_no"": 4}, {""result"": ""正常"", ""confidence"": 0.4497157021237472, ""bbox"": [1134, 1198, 146, 48], ""reason"": ""存在局部边缘拼接/像素涂抹痕迹"", ""bbox_overlap_check"": {""max_iou"": 0.0, ""risk_max_iou"": 0.0, ""overlapping_pairs"": [], ""box_count"": 6, ""anomalies"": []}, ""hard_tamper_flags"": {""bbox_iou"": false}, ""original_bbox"": [1134, 1198, 1280, 1246], ""field_type"": ""amount"", ""field_label"": ""金额"", ""region_no"": 5}, {""result"": ""正常"", ""confidence"": 0.3958604974505507, ""bbox"": [1136, 1307, 142, 43], ""reason"": ""存在局部边缘拼接/像素涂抹痕迹"", ""bbox_overlap_check"": {""max_iou"": 0.0, ""risk_max_iou"": 0.0, ""overlapping_pairs"": [], ""box_count"": 6, ""anomalies"": []}, ""hard_tamper_flags"": {""bbox_iou"": false}, ""original_bbox"": [1136, 1307, 1278, 1350], ""field_type"": ""amount"", ""field_label"": ""金额"", ""region_no"": 6}]",-0.100284,-0.200284
independent,validation,15.jpg,/home/quyu/PD_new/PD_max/app/ai_detection/images/normal/15.jpg,正常,正常,0.4381658184412447,True,5,31,1156.9,存在局部边缘拼接/像素涂抹痕迹,"[{""result"": ""正常"", ""confidence"": 0.37709405798805695, ""bbox"": [470, 385, 377, 99], ""reason"": ""存在局部边缘拼接/像素涂抹痕迹"", ""bbox_overlap_check"": {""max_iou"": 0.0, ""risk_max_iou"": 0.0, ""overlapping_pairs"": [], ""box_count"": 5, ""anomalies"": []}, ""hard_tamper_flags"": {""bbox_iou"": false}, ""original_bbox"": [470, 385, 847, 484], ""field_type"": ""amount"", ""field_label"": ""金额"", ""region_no"": 1}, {""result"": ""正常"", ""confidence"": 0.4368997758524915, ""bbox"": [903, 663, 377, 48], ""reason"": ""存在局部边缘拼接/像素涂抹痕迹"", ""bbox_overlap_check"": {""max_iou"": 0.0, ""risk_max_iou"": 0.0, ""overlapping_pairs"": [], ""box_count"": 5, ""anomalies"": []}, ""hard_tamper_flags"": {""bbox_iou"": false}, ""original_bbox"": [903, 663, 1280, 711], ""field_type"": ""time"", ""field_label"": ""时间"", ""region_no"": 2}, {""result"": ""正常"", ""confidence"": 0.40942902512543405, ""bbox"": [530, 511, 257, 52], ""reason"": ""存在局部边缘拼接/像素涂抹痕迹"", ""bbox_overlap_check"": {""max_iou"": 0.0, ""risk_max_iou"": 0.0, ""overlapping_pairs"": [], ""box_count"": 5, ""anomalies"": []}, ""hard_tamper_flags"": {""bbox_iou"": false}, ""original_bbox"": [530, 511, 787, 563], ""field_type"": ""amount"", ""field_label"": ""金额"", ""region_no"": 3}, {""result"": ""正常"", ""confidence"": 0.12731100967886322, ""bbox"": [1113, 1518, 167, 54], ""reason"": ""未检出明显篡改痕迹"", ""bbox_overlap_check"": {""max_iou"": 0.0, ""risk_max_iou"": 0.0, ""overlapping_pairs"": [], ""box_count"": 5, ""anomalies"": []}, ""hard_tamper_flags"": {""bbox_iou"": false}, ""original_bbox"": [1113, 1518, 1280, 1572], ""field_type"": ""amount"", ""field_label"": ""金额"", ""region_no"": 4}, {""result"": ""正常"", ""confidence"": 0.4381658184412447, ""bbox"": [1104, 1198, 176, 50], ""reason"": ""存在局部边缘拼接/像素涂抹痕迹"", ""bbox_overlap_check"": {""max_iou"": 0.0, ""risk_max_iou"": 0.0, ""overlapping_pairs"": [], ""box_count"": 5, ""anomalies"": []}, ""hard_tamper_flags"": {""bbox_iou"": false}, ""original_bbox"": [1104, 1198, 1280, 1248], ""field_type"": ""amount"", ""field_label"": ""金额"", ""region_no"": 5}]",-0.111834,-0.211834
independent,validation,9.jpg,/home/quyu/PD_new/PD_max/app/ai_detection/images/normal/9.jpg,正常,正常,0.4860172750286159,True,5,31,1144.6,存在局部边缘拼接/像素涂抹痕迹,"[{""result"": ""正常"", ""confidence"": 0.4195311715422311, ""bbox"": [504, 388, 309, 94], ""reason"": ""存在局部边缘拼接/像素涂抹痕迹"", ""bbox_overlap_check"": {""max_iou"": 0.0, ""risk_max_iou"": 0.0, ""overlapping_pairs"": [], ""box_count"": 5, ""anomalies"": []}, ""hard_tamper_flags"": {""bbox_iou"": false}, ""original_bbox"": [504, 388, 813, 482], ""field_type"": ""amount"", ""field_label"": ""金额"", ""region_no"": 1}, {""result"": ""正常"", ""confidence"": 0.41290871946908103, ""bbox"": [920, 663, 360, 48], ""reason"": ""存在局部边缘拼接/像素涂抹痕迹"", ""bbox_overlap_check"": {""max_iou"": 0.0, ""risk_max_iou"": 0.0, ""overlapping_pairs"": [], ""box_count"": 5, ""anomalies"": []}, ""hard_tamper_flags"": {""bbox_iou"": false}, ""original_bbox"": [920, 663, 1280, 711], ""field_type"": ""time"", ""field_label"": ""时间"", ""region_no"": 2}, {""result"": ""正常"", ""confidence"": 0.4121605186937142, ""bbox"": [546, 511, 228, 52], ""reason"": ""存在局部边缘拼接/像素涂抹痕迹"", ""bbox_overlap_check"": {""max_iou"": 0.0, ""risk_max_iou"": 0.0, ""overlapping_pairs"": [], ""box_count"": 5, ""anomalies"": []}, ""hard_tamper_flags"": {""bbox_iou"": false}, ""original_bbox"": [546, 511, 774, 563], ""field_type"": ""amount"", ""field_label"": ""金额"", ""region_no"": 3}, {""result"": ""正常"", ""confidence"": 0.4860172750286159, ""bbox"": [1134, 1198, 146, 48], ""reason"": ""存在局部边缘拼接/像素涂抹痕迹"", ""bbox_overlap_check"": {""max_iou"": 0.0, ""risk_max_iou"": 0.0, ""overlapping_pairs"": [], ""box_count"": 5, ""anomalies"": []}, ""hard_tamper_flags"": {""bbox_iou"": false}, ""original_bbox"": [1134, 1198, 1280, 1246], ""field_type"": ""amount"", ""field_label"": ""金额"", ""region_no"": 4}, {""result"": ""正常"", ""confidence"": 0.44447015400178325, ""bbox"": [1141, 1522, 137, 43], ""reason"": ""存在局部边缘拼接/像素涂抹痕迹"", ""bbox_overlap_check"": {""max_iou"": 0.0, ""risk_max_iou"": 0.0, ""overlapping_pairs"": [], ""box_count"": 5, ""anomalies"": []}, ""hard_tamper_flags"": {""bbox_iou"": false}, ""original_bbox"": [1141, 1522, 1278, 1565], ""field_type"": ""amount"", ""field_label"": ""金额"", ""region_no"": 5}]",-0.063983,-0.163983
independent,train,no (12).jpg,/home/quyu/PD_new/PD_max/app/ai_detection/images/normal/no (12).jpg,正常,正常,0.459504222235671,True,4,34,1073.4,存在局部边缘拼接/像素涂抹痕迹,"[{""result"": ""正常"", ""confidence"": 0.3555845953905861, ""bbox"": [322, 565, 435, 97], ""reason"": ""存在局部边缘拼接/像素涂抹痕迹"", ""bbox_overlap_check"": {""max_iou"": 0.0, ""risk_max_iou"": 0.0, ""overlapping_pairs"": [], ""box_count"": 4, ""anomalies"": []}, ""hard_tamper_flags"": {""bbox_iou"": false}, ""original_bbox"": [322, 565, 757, 662], ""field_type"": ""amount"", ""field_label"": ""金额"", ""region_no"": 1}, {""result"": ""正常"", ""confidence"": 0.459504222235671, ""bbox"": [88, 1387, 568, 49], ""reason"": ""存在局部边缘拼接/像素涂抹痕迹"", ""bbox_overlap_check"": {""max_iou"": 0.0, ""risk_max_iou"": 0.0, ""overlapping_pairs"": [], ""box_count"": 4, ""anomalies"": []}, ""hard_tamper_flags"": {""bbox_iou"": false}, ""original_bbox"": [88, 1387, 656, 1436], ""field_type"": ""amount"", ""field_label"": ""金额"", ""region_no"": 2}, {""result"": ""正常"", ""confidence"": 0.05166298677016781, ""bbox"": [334, 896, 382, 53], ""reason"": ""未检出明显篡改痕迹"", ""bbox_overlap_check"": {""max_iou"": 0.0, ""risk_max_iou"": 0.0, ""overlapping_pairs"": [], ""box_count"": 4, ""anomalies"": []}, ""hard_tamper_flags"": {""bbox_iou"": false}, ""original_bbox"": [334, 896, 716, 949], ""field_type"": ""name"", ""field_label"": ""姓名"", ""region_no"": 3}, {""result"": ""正常"", ""confidence"": 0.3562103495405956, ""bbox"": [333, 811, 352, 41], ""reason"": ""存在局部边缘拼接/像素涂抹痕迹"", ""bbox_overlap_check"": {""max_iou"": 0.0, ""risk_max_iou"": 0.0, ""overlapping_pairs"": [], ""box_count"": 4, ""anomalies"": []}, ""hard_tamper_flags"": {""bbox_iou"": false}, ""original_bbox"": [333, 811, 685, 852], ""field_type"": ""time"", ""field_label"": ""时间"", ""region_no"": 4}]",-0.090496,-0.190496
independent,train,no (5).jpg,/home/quyu/PD_new/PD_max/app/ai_detection/images/normal/no (5).jpg,正常,正常,0.3613671426833862,True,3,25,936.2,存在局部边缘拼接/像素涂抹痕迹,"[{""result"": ""正常"", ""confidence"": 0.3613671426833862, ""bbox"": [140, 1119, 992, 65], ""reason"": ""存在局部边缘拼接/像素涂抹痕迹"", ""bbox_overlap_check"": {""max_iou"": 0.2056, ""risk_max_iou"": 0.0, ""overlapping_pairs"": [], ""box_count"": 3, ""anomalies"": []}, ""hard_tamper_flags"": {""bbox_iou"": false}, ""original_bbox"": [140, 1119, 1132, 1184], ""field_type"": ""amount"", ""field_label"": ""金额"", ""region_no"": 1}, {""result"": ""正常"", ""confidence"": 0.3496032930637034, ""bbox"": [876, 1757, 256, 54], ""reason"": ""存在局部边缘拼接/像素涂抹痕迹"", ""bbox_overlap_check"": {""max_iou"": 0.2056, ""risk_max_iou"": 0.0, ""overlapping_pairs"": [], ""box_count"": 3, ""anomalies"": []}, ""hard_tamper_flags"": {""bbox_iou"": false}, ""original_bbox"": [876, 1757, 1132, 1811], ""field_type"": ""amount"", ""field_label"": ""金额"", ""region_no"": 2}, {""result"": ""正常"", ""confidence"": 0.3520029051535473, ""bbox"": [891, 1125, 241, 55], ""reason"": ""存在局部边缘拼接/像素涂抹痕迹"", ""bbox_overlap_check"": {""max_iou"": 0.2056, ""risk_max_iou"": 0.0, ""overlapping_pairs"": [], ""box_count"": 3, ""anomalies"": []}, ""hard_tamper_flags"": {""bbox_iou"": false}, ""original_bbox"": [891, 1125, 1132, 1180], ""field_type"": ""amount"", ""field_label"": ""金额"", ""region_no"": 3}]",-0.188633,-0.288633
independent,train,p (2).jpg,/home/quyu/PD_new/PD_max/app/ai_detection/images/tampered/p (2).jpg,篡改,篡改,0.6887239601258356,True,3,25,960.1,全局UI布局异常；存在局部边缘拼接/像素涂抹痕迹,"[{""result"": ""篡改"", ""confidence"": 0.6887239601258356, ""bbox"": [140, 1119, 992, 65], ""reason"": ""全局UI布局异常；存在局部边缘拼接/像素涂抹痕迹"", ""bbox_overlap_check"": {""max_iou"": 0.2056, ""risk_max_iou"": 0.0, ""overlapping_pairs"": [], ""box_count"": 3, ""anomalies"": []}, ""hard_tamper_flags"": {""bbox_iou"": false}, ""original_bbox"": [140, 1119, 1132, 1184], ""field_type"": ""amount"", ""field_label"": ""金额"", ""region_no"": 1}, {""result"": ""篡改"", ""confidence"": 0.6731883857830343, ""bbox"": [876, 1755, 256, 56], ""reason"": ""全局UI布局异常；存在局部边缘拼接/像素涂抹痕迹"", ""bbox_overlap_check"": {""max_iou"": 0.2056, ""risk_max_iou"": 0.0, ""overlapping_pairs"": [], ""box_count"": 3, ""anomalies"": []}, ""hard_tamper_flags"": {""bbox_iou"": false}, ""original_bbox"": [876, 1755, 1132, 1811], ""field_type"": ""amount"", ""field_label"": ""金额"", ""region_no"": 2}, {""result"": ""篡改"", ""confidence"": 0.6705940483046129, ""bbox"": [891, 1125, 241, 55], ""reason"": ""全局UI布局异常；存在局部边缘拼接/像素涂抹痕迹"", ""bbox_overlap_check"": {""max_iou"": 0.2056, ""risk_max_iou"": 0.0, ""overlapping_pairs"": [], ""box_count"": 3, ""anomalies"": []}, ""hard_tamper_flags"": {""bbox_iou"": false}, ""original_bbox"": [891, 1125, 1132, 1180], ""field_type"": ""amount"", ""field_label"": ""金额"", ""region_no"": 3}]",0.138724,0.038724
independent,test,11.jpg,/home/quyu/PD_new/PD_max/app/ai_detection/images/normal/11.jpg,正常,正常,0.44954427199556957,True,2,32,919.1,存在局部边缘拼接/像素涂抹痕迹,"[{""result"": ""正常"", ""confidence"": 0.07788479036349226, ""bbox"": [359, 537, 511, 121], ""reason"": ""未检出明显篡改痕迹"", ""bbox_overlap_check"": {""max_iou"": 0.0, ""risk_max_iou"": 0.0, ""overlapping_pairs"": [], ""box_count"": 2, ""anomalies"": []}, ""hard_tamper_flags"": {""bbox_iou"": false}, ""original_bbox"": [359, 537, 870, 658], ""field_type"": ""amount"", ""field_label"": ""金额"", ""region_no"": 1}, {""result"": ""正常"", ""confidence"": 0.44954427199556957, ""bbox"": [44, 1669, 412, 44], ""reason"": ""存在局部边缘拼接/像素涂抹痕迹"", ""bbox_overlap_check"": {""max_iou"": 0.0, ""risk_max_iou"": 0.0, ""overlapping_pairs"": [], ""box_count"": 2, ""anomalies"": []}, ""hard_tamper_flags"": {""bbox_iou"": false}, ""original_bbox"": [44, 1669, 456, 1713], ""field_type"": ""time"", ""field_label"": ""时间"", ""region_no"": 2}]",-0.100456,-0.200456
independent,test,21.jpg,/home/quyu/PD_new/PD_max/app/ai_detection/images/normal/21.jpg,正常,正常,0.3829523240379986,True,2,32,883.5,存在局部边缘拼接/像素涂抹痕迹,"[{""result"": ""正常"", ""confidence"": 0.0607420938595688, ""bbox"": [357, 537, 515, 121], ""reason"": ""未检出明显篡改痕迹"", ""bbox_overlap_check"": {""max_iou"": 0.0, ""risk_max_iou"": 0.0, ""overlapping_pairs"": [], ""box_count"": 2, ""anomalies"": []}, ""hard_tamper_flags"": {""bbox_iou"": false}, ""original_bbox"": [357, 537, 872, 658], ""field_type"": ""amount"", ""field_label"": ""金额"", ""region_no"": 1}, {""result"": ""正常"", ""confidence"": 0.3829523240379986, ""bbox"": [44, 1669, 421, 44], ""reason"": ""存在局部边缘拼接/像素涂抹痕迹"", ""bbox_overlap_check"": {""max_iou"": 0.0, ""risk_max_iou"": 0.0, ""overlapping_pairs"": [], ""box_count"": 2, ""anomalies"": []}, ""hard_tamper_flags"": {""bbox_iou"": false}, ""original_bbox"": [44, 1669, 465, 1713], ""field_type"": ""time"", ""field_label"": ""时间"", ""region_no"": 2}]",-0.167048,-0.267048
independent,test,8.jpg,/home/quyu/PD_new/PD_max/app/ai_detection/images/normal/8.jpg,正常,正常,0.44024547466755454,True,2,29,873.8,存在局部边缘拼接/像素涂抹痕迹,"[{""result"": ""正常"", ""confidence"": 0.4167294306162313, ""bbox"": [367, 542, 459, 105], ""reason"": ""存在局部边缘拼接/像素涂抹痕迹"", ""bbox_overlap_check"": {""max_iou"": 0.0, ""risk_max_iou"": 0.0, ""overlapping_pairs"": [], ""box_count"": 2, ""anomalies"": []}, ""hard_tamper_flags"": {""bbox_iou"": false}, ""original_bbox"": [367, 542, 826, 647], ""field_type"": ""amount"", ""field_label"": ""金额"", ""region_no"": 1}, {""result"": ""正常"", ""confidence"": 0.44024547466755454, ""bbox"": [44, 1669, 426, 44], ""reason"": ""存在局部边缘拼接/像素涂抹痕迹"", ""bbox_overlap_check"": {""max_iou"": 0.0, ""risk_max_iou"": 0.0, ""overlapping_pairs"": [], ""box_count"": 2, ""anomalies"": []}, ""hard_tamper_flags"": {""bbox_iou"": false}, ""original_bbox"": [44, 1669, 470, 1713], ""field_type"": ""time"", ""field_label"": ""时间"", ""region_no"": 2}]",-0.109755,-0.209755
independent,train,p (16).jpg,/home/quyu/PD_new/PD_max/app/ai_detection/images/tampered/p (16).jpg,篡改,篡改,0.720595976985448,True,2,27,782.7,全局UI布局异常；存在局部边缘拼接/像素涂抹痕迹,"[{""result"": ""篡改"", ""confidence"": 0.66, ""bbox"": [406, 489, 554, 135], ""reason"": ""全局UI布局异常"", ""bbox_overlap_check"": {""max_iou"": 0.0, ""risk_max_iou"": 0.0, ""overlapping_pairs"": [], ""box_count"": 2, ""anomalies"": []}, ""hard_tamper_flags"": {""bbox_iou"": false}, ""original_bbox"": [406, 489, 960, 624], ""field_type"": ""amount"", ""field_label"": ""金额"", ""region_no"": 1}, {""result"": ""篡改"", ""confidence"": 0.720595976985448, ""bbox"": [745, 1206, 485, 51], ""reason"": ""全局UI布局异常；存在局部边缘拼接/像素涂抹痕迹"", ""bbox_overlap_check"": {""max_iou"": 0.0, ""risk_max_iou"": 0.0, ""overlapping_pairs"": [], ""box_count"": 2, ""anomalies"": []}, ""hard_tamper_flags"": {""bbox_iou"": false}, ""original_bbox"": [745, 1206, 1230, 1257], ""field_type"": ""time"", ""field_label"": ""时间"", ""region_no"": 2}]",0.170596,0.070596
independent,train,p (20).jpg,/home/quyu/PD_new/PD_max/app/ai_detection/images/tampered/p (20).jpg,篡改,篡改,0.7394408709716075,True,2,26,860.3,全局UI布局异常；存在局部边缘拼接/像素涂抹痕迹,"[{""result"": ""篡改"", ""confidence"": 0.66, ""bbox"": [393, 490, 566, 133], ""reason"": ""全局UI布局异常"", ""bbox_overlap_check"": {""max_iou"": 0.0, ""risk_max_iou"": 0.0, ""overlapping_pairs"": [], ""box_count"": 2, ""anomalies"": []}, ""hard_tamper_flags"": {""bbox_iou"": false}, ""original_bbox"": [393, 490, 959, 623], ""field_type"": ""amount"", ""field_label"": ""金额"", ""region_no"": 1}, {""result"": ""篡改"", ""confidence"": 0.7394408709716075, ""bbox"": [745, 1206, 488, 51], ""reason"": ""全局UI布局异常；存在局部边缘拼接/像素涂抹痕迹"", ""bbox_overlap_check"": {""max_iou"": 0.0, ""risk_max_iou"": 0.0, ""overlapping_pairs"": [], ""box_count"": 2, ""anomalies"": []}, ""hard_tamper_flags"": {""bbox_iou"": false}, ""original_bbox"": [745, 1206, 1233, 1257], ""field_type"": ""time"", ""field_label"": ""时间"", ""region_no"": 2}]",0.189441,0.089441
independent,train,p (22).jpg,/home/quyu/PD_new/PD_max/app/ai_detection/images/tampered/p (22).jpg,篡改,篡改,0.7167219877510776,True,2,27,809.9,全局UI布局异常；存在局部边缘拼接/像素涂抹痕迹,"[{""result"": ""篡改"", ""confidence"": 0.66, ""bbox"": [406, 475, 558, 154], ""reason"": ""全局UI布局异常"", ""bbox_overlap_check"": {""max_iou"": 0.0, ""risk_max_iou"": 0.0, ""overlapping_pairs"": [], ""box_count"": 2, ""anomalies"": []}, ""hard_tamper_flags"": {""bbox_iou"": false}, ""original_bbox"": [406, 475, 964, 629], ""field_type"": ""amount"", ""field_label"": ""金额"", ""region_no"": 1}, {""result"": ""篡改"", ""confidence"": 0.7167219877510776, ""bbox"": [745, 1206, 485, 51], ""reason"": ""全局UI布局异常；存在局部边缘拼接/像素涂抹痕迹"", ""bbox_overlap_check"": {""max_iou"": 0.0, ""risk_max_iou"": 0.0, ""overlapping_pairs"": [], ""box_count"": 2, ""anomalies"": []}, ""hard_tamper_flags"": {""bbox_iou"": false}, ""original_bbox"": [745, 1206, 1230, 1257], ""field_type"": ""time"", ""field_label"": ""时间"", ""region_no"": 2}]",0.166722,0.066722
independent,train,p (26).jpg,/home/quyu/PD_new/PD_max/app/ai_detection/images/tampered/p (26).jpg,篡改,篡改,0.7553229171776006,True,2,26,761.8,全局UI布局异常；存在局部边缘拼接/像素涂抹痕迹,"[{""result"": ""篡改"", ""confidence"": 0.66, ""bbox"": [402, 489, 557, 139], ""reason"": ""全局UI布局异常"", ""bbox_overlap_check"": {""max_iou"": 0.0, ""risk_max_iou"": 0.0, ""overlapping_pairs"": [], ""box_count"": 2, ""anomalies"": []}, ""hard_tamper_flags"": {""bbox_iou"": false}, ""original_bbox"": [402, 489, 959, 628], ""field_type"": ""amount"", ""field_label"": ""金额"", ""region_no"": 1}, {""result"": ""篡改"", ""confidence"": 0.7553229171776006, ""bbox"": [745, 1206, 485, 51], ""reason"": ""全局UI布局异常；存在局部边缘拼接/像素涂抹痕迹"", ""bbox_overlap_check"": {""max_iou"": 0.0, ""risk_max_iou"": 0.0, ""overlapping_pairs"": [], ""box_count"": 2, ""anomalies"": []}, ""hard_tamper_flags"": {""bbox_iou"": false}, ""original_bbox"": [745, 1206, 1230, 1257], ""field_type"": ""time"", ""field_label"": ""时间"", ""region_no"": 2}]",0.205323,0.105323
independent,train,p (32).jpg,/home/quyu/PD_new/PD_max/app/ai_detection/images/tampered/p (32).jpg,篡改,篡改,0.6729431178023689,True,2,26,821.9,全局UI布局异常；存在局部边缘拼接/像素涂抹痕迹,"[{""result"": ""篡改"", ""confidence"": 0.66, ""bbox"": [395, 449, 511, 124], ""reason"": ""全局UI布局异常"", ""bbox_overlap_check"": {""max_iou"": 0.0, ""risk_max_iou"": 0.0, ""overlapping_pairs"": [], ""box_count"": 2, ""anomalies"": []}, ""hard_tamper_flags"": {""bbox_iou"": false}, ""original_bbox"": [395, 449, 906, 573], ""field_type"": ""amount"", ""field_label"": ""金额"", ""region_no"": 1}, {""result"": ""篡改"", ""confidence"": 0.6729431178023689, ""bbox"": [719, 1110, 456, 54], ""reason"": ""全局UI布局异常；存在局部边缘拼接/像素涂抹痕迹"", ""bbox_overlap_check"": {""max_iou"": 0.0, ""risk_max_iou"": 0.0, ""overlapping_pairs"": [], ""box_count"": 2, ""anomalies"": []}, ""hard_tamper_flags"": {""bbox_iou"": false}, ""original_bbox"": [719, 1110, 1175, 1164], ""field_type"": ""time"", ""field_label"": ""时间"", ""region_no"": 2}]",0.122943,0.022943
independent,train,p (9).jpg,/home/quyu/PD_new/PD_max/app/ai_detection/images/tampered/p (9).jpg,篡改,篡改,0.7272026045274524,True,2,27,758.5,全局UI布局异常；存在局部边缘拼接/像素涂抹痕迹,"[{""result"": ""篡改"", ""confidence"": 0.66, ""bbox"": [404, 478, 558, 150], ""reason"": ""全局UI布局异常"", ""bbox_overlap_check"": {""max_iou"": 0.0, ""risk_max_iou"": 0.0, ""overlapping_pairs"": [], ""box_count"": 2, ""anomalies"": []}, ""hard_tamper_flags"": {""bbox_iou"": false}, ""original_bbox"": [404, 478, 962, 628], ""field_type"": ""amount"", ""field_label"": ""金额"", ""region_no"": 1}, {""result"": ""篡改"", ""confidence"": 0.7272026045274524, ""bbox"": [745, 1203, 484, 54], ""reason"": ""全局UI布局异常；存在局部边缘拼接/像素涂抹痕迹"", ""bbox_overlap_check"": {""max_iou"": 0.0, ""risk_max_iou"": 0.0, ""overlapping_pairs"": [], ""box_count"": 2, ""anomalies"": []}, ""hard_tamper_flags"": {""bbox_iou"": false}, ""original_bbox"": [745, 1203, 1229, 1257], ""field_type"": ""time"", ""field_label"": ""时间"", ""region_no"": 2}]",0.177203,0.077203
independent,train,35.png,/home/quyu/PD_new/PD_max/app/ai_detection/images/normal/35.png,正常,正常,0.22221857964295336,True,4,51,1297.9,缺少EXIF且图像结构异常(疑似生成图),"[{""result"": ""正常"", ""confidence"": 0.22221857964295336, ""bbox"": [231, 202, 496, 20], ""reason"": ""缺少EXIF且图像结构异常(疑似生成图)"", ""bbox_overlap_check"": {""max_iou"": 0.3185, ""risk_max_iou"": 0.0, ""overlapping_pairs"": [], ""box_count"": 4, ""anomalies"": []}, ""hard_tamper_flags"": {""bbox_iou"": false}, ""original_bbox"": [231, 202, 727, 222], ""field_type"": ""amount"", ""field_label"": ""金额"", ""region_no"": 1}, {""result"": ""正常"", ""confidence"": 0.0, ""bbox"": [569, 202, 158, 20], ""reason"": ""缺少EXIF且图像结构异常(疑似生成图)"", ""bbox_overlap_check"": {""max_iou"": 0.3185, ""risk_max_iou"": 0.0, ""overlapping_pairs"": [], ""box_count"": 4, ""anomalies"": []}, ""hard_tamper_flags"": {""bbox_iou"": false}, ""original_bbox"": [569, 202, 727, 222], ""field_type"": ""amount"", ""field_label"": ""金额"", ""region_no"": 2}, {""result"": ""正常"", ""confidence"": 0.21910562605174536, ""bbox"": [516, 88, 166, 19], ""reason"": ""缺少EXIF且图像结构异常(疑似生成图)"", ""bbox_overlap_check"": {""max_iou"": 0.3185, ""risk_max_iou"": 0.0, ""overlapping_pairs"": [], ""box_count"": 4, ""anomalies"": []}, ""hard_tamper_flags"": {""bbox_iou"": false}, ""original_bbox"": [516, 88, 682, 107], ""field_type"": ""amount"", ""field_label"": ""金额"", ""region_no"": 3}, {""result"": ""正常"", ""confidence"": 0.15102989188335988, ""bbox"": [231, 204, 88, 17], ""reason"": ""缺少EXIF且图像结构异常(疑似生成图)"", ""bbox_overlap_check"": {""max_iou"": 0.3185, ""risk_max_iou"": 0.0, ""overlapping_pairs"": [], ""box_count"": 4, ""anomalies"": []}, ""hard_tamper_flags"": {""bbox_iou"": false}, ""original_bbox"": [231, 204, 319, 221], ""field_type"": ""amount"", ""field_label"": ""金额"", ""region_no"": 4}]",-0.327781,-0.427781
independent,test,p (10).jpg,/home/quyu/PD_new/PD_max/app/ai_detection/images/tampered/p (10).jpg,篡改,篡改,0.66,True,2,23,637.6,全局UI布局异常,"[{""result"": ""篡改"", ""confidence"": 0.66, ""bbox"": [253, 143, 160, 35], ""reason"": ""全局UI布局异常"", ""bbox_overlap_check"": {""max_iou"": 0.0, ""risk_max_iou"": 0.0, ""overlapping_pairs"": [], ""box_count"": 2, ""anomalies"": []}, ""hard_tamper_flags"": {""bbox_iou"": false}, ""original_bbox"": [253, 143, 413, 178], ""field_type"": ""amount"", ""field_label"": ""金额"", ""region_no"": 1}, {""result"": ""篡改"", ""confidence"": 0.66, ""bbox"": [492, 492, 150, 16], ""reason"": ""全局UI布局异常"", ""bbox_overlap_check"": {""max_iou"": 0.0, ""risk_max_iou"": 0.0, ""overlapping_pairs"": [], ""box_count"": 2, ""anomalies"": []}, ""hard_tamper_flags"": {""bbox_iou"": false}, ""original_bbox"": [492, 492, 642, 508], ""field_type"": ""time"", ""field_label"": ""时间"", ""region_no"": 2}]",0.11,0.01
independent,test,p (11).jpg,/home/quyu/PD_new/PD_max/app/ai_detection/images/tampered/p (11).jpg,篡改,篡改,0.66,True,2,23,567.3,全局UI布局异常,"[{""result"": ""篡改"", ""confidence"": 0.66, ""bbox"": [252, 140, 158, 39], ""reason"": ""全局UI布局异常"", ""bbox_overlap_check"": {""max_iou"": 0.0, ""risk_max_iou"": 0.0, ""overlapping_pairs"": [], ""box_count"": 2, ""anomalies"": []}, ""hard_tamper_flags"": {""bbox_iou"": false}, ""original_bbox"": [252, 140, 410, 179], ""field_type"": ""amount"", ""field_label"": ""金额"", ""region_no"": 1}, {""result"": ""篡改"", ""confidence"": 0.66, ""bbox"": [489, 488, 151, 16], ""reason"": ""全局UI布局异常"", ""bbox_overlap_check"": {""max_iou"": 0.0, ""risk_max_iou"": 0.0, ""overlapping_pairs"": [], ""box_count"": 2, ""anomalies"": []}, ""hard_tamper_flags"": {""bbox_iou"": false}, ""original_bbox"": [489, 488, 640, 504], ""field_type"": ""time"", ""field_label"": ""时间"", ""region_no"": 2}]",0.11,0.01
independent,test,p (18).jpg,/home/quyu/PD_new/PD_max/app/ai_detection/images/tampered/p (18).jpg,篡改,篡改,0.66,True,2,23,582.6,全局UI布局异常,"[{""result"": ""篡改"", ""confidence"": 0.66, ""bbox"": [254, 141, 157, 37], ""reason"": ""全局UI布局异常"", ""bbox_overlap_check"": {""max_iou"": 0.0, ""risk_max_iou"": 0.0, ""overlapping_pairs"": [], ""box_count"": 2, ""anomalies"": []}, ""hard_tamper_flags"": {""bbox_iou"": false}, ""original_bbox"": [254, 141, 411, 178], ""field_type"": ""amount"", ""field_label"": ""金额"", ""region_no"": 1}, {""result"": ""篡改"", ""confidence"": 0.66, ""bbox"": [491, 488, 149, 16], ""reason"": ""全局UI布局异常"", ""bbox_overlap_check"": {""max_iou"": 0.0, ""risk_max_iou"": 0.0, ""overlapping_pairs"": [], ""box_count"": 2, ""anomalies"": []}, ""hard_tamper_flags"": {""bbox_iou"": false}, ""original_bbox"": [491, 488, 640, 504], ""field_type"": ""time"", ""field_label"": ""时间"", ""region_no"": 2}]",0.11,0.01
independent,test,p (41).jpg,/home/quyu/PD_new/PD_max/app/ai_detection/images/tampered/p (41).jpg,篡改,篡改,0.66,True,2,22,602.3,全局UI布局异常,"[{""result"": ""篡改"", ""confidence"": 0.66, ""bbox"": [269, 140, 140, 36], ""reason"": ""全局UI布局异常"", ""bbox_overlap_check"": {""max_iou"": 0.0, ""risk_max_iou"": 0.0, ""overlapping_pairs"": [], ""box_count"": 2, ""anomalies"": []}, ""hard_tamper_flags"": {""bbox_iou"": false}, ""original_bbox"": [269, 140, 409, 176], ""field_type"": ""amount"", ""field_label"": ""金额"", ""region_no"": 1}, {""result"": ""篡改"", ""confidence"": 0.66, ""bbox"": [488, 484, 147, 18], ""reason"": ""全局UI布局异常"", ""bbox_overlap_check"": {""max_iou"": 0.0, ""risk_max_iou"": 0.0, ""overlapping_pairs"": [], ""box_count"": 2, ""anomalies"": []}, ""hard_tamper_flags"": {""bbox_iou"": false}, ""original_bbox"": [488, 484, 635, 502], ""field_type"": ""time"", ""field_label"": ""时间"", ""region_no"": 2}]",0.11,0.01
independent,test,p (5).jpg,/home/quyu/PD_new/PD_max/app/ai_detection/images/tampered/p (5).jpg,篡改,篡改,0.66,True,2,23,605.5,全局UI布局异常,"[{""result"": ""篡改"", ""confidence"": 0.66, ""bbox"": [270, 141, 108, 36], ""reason"": ""全局UI布局异常"", ""bbox_overlap_check"": {""max_iou"": 0.0, ""risk_max_iou"": 0.0, ""overlapping_pairs"": [], ""box_count"": 2, ""anomalies"": []}, ""hard_tamper_flags"": {""bbox_iou"": false}, ""original_bbox"": [270, 141, 378, 177], ""field_type"": ""amount"", ""field_label"": ""金额"", ""region_no"": 1}, {""result"": ""篡改"", ""confidence"": 0.66, ""bbox"": [490, 487, 149, 16], ""reason"": ""全局UI布局异常；局部字体风格异常"", ""bbox_overlap_check"": {""max_iou"": 0.0, ""risk_max_iou"": 0.0, ""overlapping_pairs"": [], ""box_count"": 2, ""anomalies"": []}, ""hard_tamper_flags"": {""bbox_iou"": false}, ""original_bbox"": [490, 487, 639, 503], ""field_type"": ""time"", ""field_label"": ""时间"", ""region_no"": 2}]",0.11,0.01
independent,test,p (6).jpg,/home/quyu/PD_new/PD_max/app/ai_detection/images/tampered/p (6).jpg,篡改,篡改,0.66,True,2,24,665.2,全局UI布局异常,"[{""result"": ""篡改"", ""confidence"": 0.66, ""bbox"": [255, 143, 160, 36], ""reason"": ""全局UI布局异常"", ""bbox_overlap_check"": {""max_iou"": 0.0, ""risk_max_iou"": 0.0, ""overlapping_pairs"": [], ""box_count"": 2, ""anomalies"": []}, ""hard_tamper_flags"": {""bbox_iou"": false}, ""original_bbox"": [255, 143, 415, 179], ""field_type"": ""amount"", ""field_label"": ""金额"", ""region_no"": 1}, {""result"": ""篡改"", ""confidence"": 0.66, ""bbox"": [495, 493, 151, 17], ""reason"": ""全局UI布局异常"", ""bbox_overlap_check"": {""max_iou"": 0.0, ""risk_max_iou"": 0.0, ""overlapping_pairs"": [], ""box_count"": 2, ""anomalies"": []}, ""hard_tamper_flags"": {""bbox_iou"": false}, ""original_bbox"": [495, 493, 646, 510], ""field_type"": ""time"", ""field_label"": ""时间"", ""region_no"": 2}]",0.11,0.01
independent,test,p (7).jpg,/home/quyu/PD_new/PD_max/app/ai_detection/images/tampered/p (7).jpg,篡改,篡改,0.66,True,2,26,754.0,全局UI布局异常,"[{""result"": ""篡改"", ""confidence"": 0.66, ""bbox"": [252, 140, 127, 39], ""reason"": ""全局UI布局异常"", ""bbox_overlap_check"": {""max_iou"": 0.0, ""risk_max_iou"": 0.0, ""overlapping_pairs"": [], ""box_count"": 2, ""anomalies"": []}, ""hard_tamper_flags"": {""bbox_iou"": false}, ""original_bbox"": [252, 140, 379, 179], ""field_type"": ""amount"", ""field_label"": ""金额"", ""region_no"": 1}, {""result"": ""篡改"", ""confidence"": 0.66, ""bbox"": [491, 488, 149, 16], ""reason"": ""全局UI布局异常"", ""bbox_overlap_check"": {""max_iou"": 0.0, ""risk_max_iou"": 0.0, ""overlapping_pairs"": [], ""box_count"": 2, ""anomalies"": []}, ""hard_tamper_flags"": {""bbox_iou"": false}, ""original_bbox"": [491, 488, 640, 504], ""field_type"": ""time"", ""field_label"": ""时间"", ""region_no"": 2}]",0.11,0.01
independent,train,p (21).jpg,/home/quyu/PD_new/PD_max/app/ai_detection/images/tampered/p (21).jpg,篡改,篡改,0.66,True,1,28,696.7,全局UI布局异常,"[{""result"": ""篡改"", ""confidence"": 0.66, ""bbox"": [286, 126, 126, 35], ""reason"": ""全局UI布局异常"", ""bbox_overlap_check"": {""max_iou"": 0.0, ""risk_max_iou"": 0.0, ""overlapping_pairs"": [], ""box_count"": 1, ""anomalies"": []}, ""hard_tamper_flags"": {""bbox_iou"": false}, ""original_bbox"": [286, 126, 412, 161], ""field_type"": ""amount"", ""field_label"": ""金额"", ""region_no"": 1}]",0.11,0.01
independent,train,no (8).jpg,/home/quyu/PD_new/PD_max/app/ai_detection/images/normal/no (8).jpg,正常,正常,0.0642959241954623,True,2,54,1650.6,未检出明显篡改痕迹,"[{""result"": ""正常"", ""confidence"": 0.0642959241954623, ""bbox"": [176, 522, 118, 19], ""reason"": ""未检出明显篡改痕迹"", ""bbox_overlap_check"": {""max_iou"": 0.0, ""risk_max_iou"": 0.0, ""overlapping_pairs"": [], ""box_count"": 2, ""anomalies"": []}, ""hard_tamper_flags"": {""bbox_iou"": false}, ""original_bbox"": [176, 522, 294, 541], ""field_type"": ""amount"", ""field_label"": ""金额"", ""region_no"": 1}, {""result"": ""正常"", ""confidence"": 0.04925009891330272, ""bbox"": [176, 597, 128, 16], ""reason"": ""未检出明显篡改痕迹"", ""bbox_overlap_check"": {""max_iou"": 0.0, ""risk_max_iou"": 0.0, ""overlapping_pairs"": [], ""box_count"": 2, ""anomalies"": []}, ""hard_tamper_flags"": {""bbox_iou"": false}, ""original_bbox"": [176, 597, 304, 613], ""field_type"": ""time"", ""field_label"": ""时间"", ""region_no"": 2}]",-0.485704,-0.585704
independent,train,no (1).jpg,/home/quyu/PD_new/PD_max/app/ai_detection/images/normal/no (1).jpg,正常,正常,0.459504222235671,True,4,32,963.2,存在局部边缘拼接/像素涂抹痕迹,"[{""result"": ""正常"", ""confidence"": 0.034050018659051835, ""bbox"": [342, 558, 398, 107], ""reason"": ""未检出明显篡改痕迹"", ""bbox_overlap_check"": {""max_iou"": 0.0, ""risk_max_iou"": 0.0, ""overlapping_pairs"": [], ""box_count"": 4, ""anomalies"": []}, ""hard_tamper_flags"": {""bbox_iou"": false}, ""original_bbox"": [342, 558, 740, 665], ""field_type"": ""amount"", ""field_label"": ""金额"", ""region_no"": 1}, {""result"": ""正常"", ""confidence"": 0.459504222235671, ""bbox"": [88, 1387, 568, 49], ""reason"": ""存在局部边缘拼接/像素涂抹痕迹"", ""bbox_overlap_check"": {""max_iou"": 0.0, ""risk_max_iou"": 0.0, ""overlapping_pairs"": [], ""box_count"": 4, ""anomalies"": []}, ""hard_tamper_flags"": {""bbox_iou"": false}, ""original_bbox"": [88, 1387, 656, 1436], ""field_type"": ""amount"", ""field_label"": ""金额"", ""region_no"": 2}, {""result"": ""正常"", ""confidence"": 0.35457616008893184, ""bbox"": [333, 811, 354, 41], ""reason"": ""存在局部边缘拼接/像素涂抹痕迹"", ""bbox_overlap_check"": {""max_iou"": 0.0, ""risk_max_iou"": 0.0, ""overlapping_pairs"": [], ""box_count"": 4, ""anomalies"": []}, ""hard_tamper_flags"": {""bbox_iou"": false}, ""original_bbox"": [333, 811, 687, 852], ""field_type"": ""time"", ""field_label"": ""时间"", ""region_no"": 3}, {""result"": ""正常"", ""confidence"": 0.45800913835316026, ""bbox"": [336, 897, 152, 46], ""reason"": ""存在局部边缘拼接/像素涂抹痕迹"", ""bbox_overlap_check"": {""max_iou"": 0.0, ""risk_max_iou"": 0.0, ""overlapping_pairs"": [], ""box_count"": 4, ""anomalies"": []}, ""hard_tamper_flags"": {""bbox_iou"": false}, ""original_bbox"": [336, 897, 488, 943], ""field_type"": ""name"", ""field_label"": ""姓名"", ""region_no"": 4}]",-0.090496,-0.190496
independent,validation,17.jpg,/home/quyu/PD_new/PD_max/app/ai_detection/images/normal/17.jpg,正常,正常,0.4488416095237629,True,3,26,834.6,存在局部边缘拼接/像素涂抹痕迹,"[{""result"": ""正常"", ""confidence"": 0.4488416095237629, ""bbox"": [419, 683, 343, 94], ""reason"": ""存在局部边缘拼接/像素涂抹痕迹"", ""bbox_overlap_check"": {""max_iou"": 0.0, ""risk_max_iou"": 0.0, ""overlapping_pairs"": [], ""box_count"": 3, ""anomalies"": []}, ""hard_tamper_flags"": {""bbox_iou"": false}, ""original_bbox"": [419, 683, 762, 777], ""field_type"": ""amount"", ""field_label"": ""金额"", ""region_no"": 1}, {""result"": ""正常"", ""confidence"": 0.39712392154674475, ""bbox"": [353, 1181, 476, 51], ""reason"": ""存在局部边缘拼接/像素涂抹痕迹"", ""bbox_overlap_check"": {""max_iou"": 0.0, ""risk_max_iou"": 0.0, ""overlapping_pairs"": [], ""box_count"": 3, ""anomalies"": []}, ""hard_tamper_flags"": {""bbox_iou"": false}, ""original_bbox"": [353, 1181, 829, 1232], ""field_type"": ""time"", ""field_label"": ""时间"", ""region_no"": 2}, {""result"": ""正常"", ""confidence"": 0.41496234746524113, ""bbox"": [353, 1267, 470, 49], ""reason"": ""存在局部边缘拼接/像素涂抹痕迹"", ""bbox_overlap_check"": {""max_iou"": 0.0, ""risk_max_iou"": 0.0, ""overlapping_pairs"": [], ""box_count"": 3, ""anomalies"": []}, ""hard_tamper_flags"": {""bbox_iou"": false}, ""original_bbox"": [353, 1267, 823, 1316], ""field_type"": ""time"", ""field_label"": ""时间"", ""region_no"": 3}]",-0.101158,-0.201158
independent,validation,19.jpg,/home/quyu/PD_new/PD_max/app/ai_detection/images/normal/19.jpg,正常,正常,0.457749923894121,True,3,26,881.7,存在局部边缘拼接/像素涂抹痕迹,"[{""result"": ""正常"", ""confidence"": 0.457749923894121, ""bbox"": [418, 680, 345, 98], ""reason"": ""存在局部边缘拼接/像素涂抹痕迹"", ""bbox_overlap_check"": {""max_iou"": 0.0, ""risk_max_iou"": 0.0, ""overlapping_pairs"": [], ""box_count"": 3, ""anomalies"": []}, ""hard_tamper_flags"": {""bbox_iou"": false}, ""original_bbox"": [418, 680, 763, 778], ""field_type"": ""amount"", ""field_label"": ""金额"", ""region_no"": 1}, {""result"": ""正常"", ""confidence"": 0.4226147943144243, ""bbox"": [353, 1181, 470, 51], ""reason"": ""存在局部边缘拼接/像素涂抹痕迹"", ""bbox_overlap_check"": {""max_iou"": 0.0, ""risk_max_iou"": 0.0, ""overlapping_pairs"": [], ""box_count"": 3, ""anomalies"": []}, ""hard_tamper_flags"": {""bbox_iou"": false}, ""original_bbox"": [353, 1181, 823, 1232], ""field_type"": ""time"", ""field_label"": ""时间"", ""region_no"": 2}, {""result"": ""正常"", ""confidence"": 0.4152689458238448, ""bbox"": [353, 1267, 473, 49], ""reason"": ""存在局部边缘拼接/像素涂抹痕迹"", ""bbox_overlap_check"": {""max_iou"": 0.0, ""risk_max_iou"": 0.0, ""overlapping_pairs"": [], ""box_count"": 3, ""anomalies"": []}, ""hard_tamper_flags"": {""bbox_iou"": false}, ""original_bbox"": [353, 1267, 826, 1316], ""field_type"": ""time"", ""field_label"": ""时间"", ""region_no"": 3}]",-0.09225,-0.19225
independent,validation,20.jpg,/home/quyu/PD_new/PD_max/app/ai_detection/images/normal/20.jpg,正常,正常,0.4188098248478302,True,3,26,876.8,存在局部边缘拼接/像素涂抹痕迹,"[{""result"": ""正常"", ""confidence"": 0.4188098248478302, ""bbox"": [422, 755, 335, 94], ""reason"": ""存在局部边缘拼接/像素涂抹痕迹"", ""bbox_overlap_check"": {""max_iou"": 0.0, ""risk_max_iou"": 0.0, ""overlapping_pairs"": [], ""box_count"": 3, ""anomalies"": []}, ""hard_tamper_flags"": {""bbox_iou"": false}, ""original_bbox"": [422, 755, 757, 849], ""field_type"": ""amount"", ""field_label"": ""金额"", ""region_no"": 1}, {""result"": ""正常"", ""confidence"": 0.38416848694991046, ""bbox"": [353, 1339, 481, 49], ""reason"": ""存在局部边缘拼接/像素涂抹痕迹"", ""bbox_overlap_check"": {""max_iou"": 0.0, ""risk_max_iou"": 0.0, ""overlapping_pairs"": [], ""box_count"": 3, ""anomalies"": []}, ""hard_tamper_flags"": {""bbox_iou"": false}, ""original_bbox"": [353, 1339, 834, 1388], ""field_type"": ""time"", ""field_label"": ""时间"", ""region_no"": 2}, {""result"": ""正常"", ""confidence"": 0.391742846771316, ""bbox"": [353, 1255, 474, 49], ""reason"": ""存在局部边缘拼接/像素涂抹痕迹"", ""bbox_overlap_check"": {""max_iou"": 0.0, ""risk_max_iou"": 0.0, ""overlapping_pairs"": [], ""box_count"": 3, ""anomalies"": []}, ""hard_tamper_flags"": {""bbox_iou"": false}, ""original_bbox"": [353, 1255, 827, 1304], ""field_type"": ""time"", ""field_label"": ""时间"", ""region_no"": 3}]",-0.13119,-0.23119
independent,validation,22.jpg,/home/quyu/PD_new/PD_max/app/ai_detection/images/normal/22.jpg,正常,正常,0.43239245903638845,True,3,26,818.6,存在局部边缘拼接/像素涂抹痕迹,"[{""result"": ""正常"", ""confidence"": 0.43239245903638845, ""bbox"": [421, 681, 336, 99], ""reason"": ""存在局部边缘拼接/像素涂抹痕迹"", ""bbox_overlap_check"": {""max_iou"": 0.0, ""risk_max_iou"": 0.0, ""overlapping_pairs"": [], ""box_count"": 3, ""anomalies"": []}, ""hard_tamper_flags"": {""bbox_iou"": false}, ""original_bbox"": [421, 681, 757, 780], ""field_type"": ""amount"", ""field_label"": ""金额"", ""region_no"": 1}, {""result"": ""正常"", ""confidence"": 0.37858787948013856, ""bbox"": [353, 1267, 490, 49], ""reason"": ""存在局部边缘拼接/像素涂抹痕迹"", ""bbox_overlap_check"": {""max_iou"": 0.0, ""risk_max_iou"": 0.0, ""overlapping_pairs"": [], ""box_count"": 3, ""anomalies"": []}, ""hard_tamper_flags"": {""bbox_iou"": false}, ""original_bbox"": [353, 1267, 843, 1316], ""field_type"": ""time"", ""field_label"": ""时间"", ""region_no"": 2}, {""result"": ""正常"", ""confidence"": 0.4161296352331903, ""bbox"": [350, 1183, 477, 49], ""reason"": ""存在局部边缘拼接/像素涂抹痕迹"", ""bbox_overlap_check"": {""max_iou"": 0.0, ""risk_max_iou"": 0.0, ""overlapping_pairs"": [], ""box_count"": 3, ""anomalies"": []}, ""hard_tamper_flags"": {""bbox_iou"": false}, ""original_bbox"": [350, 1183, 827, 1232], ""field_type"": ""time"", ""field_label"": ""时间"", ""region_no"": 3}]",-0.117608,-0.217608
independent,validation,23.jpg,/home/quyu/PD_new/PD_max/app/ai_detection/images/normal/23.jpg,正常,正常,0.4366999273046028,True,3,26,897.0,存在局部边缘拼接/像素涂抹痕迹,"[{""result"": ""正常"", ""confidence"": 0.4036807336338301, ""bbox"": [421, 683, 336, 94], ""reason"": ""存在局部边缘拼接/像素涂抹痕迹"", ""bbox_overlap_check"": {""max_iou"": 0.0, ""risk_max_iou"": 0.0, ""overlapping_pairs"": [], ""box_count"": 3, ""anomalies"": []}, ""hard_tamper_flags"": {""bbox_iou"": false}, ""original_bbox"": [421, 683, 757, 777], ""field_type"": ""amount"", ""field_label"": ""金额"", ""region_no"": 1}, {""result"": ""正常"", ""confidence"": 0.4366999273046028, ""bbox"": [353, 1181, 470, 51], ""reason"": ""存在局部边缘拼接/像素涂抹痕迹"", ""bbox_overlap_check"": {""max_iou"": 0.0, ""risk_max_iou"": 0.0, ""overlapping_pairs"": [], ""box_count"": 3, ""anomalies"": []}, ""hard_tamper_flags"": {""bbox_iou"": false}, ""original_bbox"": [353, 1181, 823, 1232], ""field_type"": ""time"", ""field_label"": ""时间"", ""region_no"": 2}, {""result"": ""正常"", ""confidence"": 0.4171334434248143, ""bbox"": [353, 1267, 468, 49], ""reason"": ""存在局部边缘拼接/像素涂抹痕迹"", ""bbox_overlap_check"": {""max_iou"": 0.0, ""risk_max_iou"": 0.0, ""overlapping_pairs"": [], ""box_count"": 3, ""anomalies"": []}, ""hard_tamper_flags"": {""bbox_iou"": false}, ""original_bbox"": [353, 1267, 821, 1316], ""field_type"": ""time"", ""field_label"": ""时间"", ""region_no"": 3}]",-0.1133,-0.2133
independent,test,p (1).jpg,/home/quyu/PD_new/PD_max/app/ai_detection/images/tampered/p (1).jpg,篡改,篡改,0.66,True,3,17,538.1,全局UI布局异常；局部字体风格异常,"[{""result"": ""篡改"", ""confidence"": 0.66, ""bbox"": [38, 384, 398, 36], ""reason"": ""全局UI布局异常；局部字体风格异常"", ""bbox_overlap_check"": {""max_iou"": 0.0264, ""risk_max_iou"": 0.0264, ""overlapping_pairs"": [], ""box_count"": 3, ""anomalies"": []}, ""hard_tamper_flags"": {""bbox_iou"": false}, ""original_bbox"": [38, 384, 436, 420], ""field_type"": ""amount"", ""field_label"": ""金额"", ""region_no"": 1}, {""result"": ""篡改"", ""confidence"": 0.66, ""bbox"": [38, 418, 344, 36], ""reason"": ""全局UI布局异常"", ""bbox_overlap_check"": {""max_iou"": 0.0264, ""risk_max_iou"": 0.0264, ""overlapping_pairs"": [], ""box_count"": 3, ""anomalies"": []}, ""hard_tamper_flags"": {""bbox_iou"": false}, ""original_bbox"": [38, 418, 382, 454], ""field_type"": ""amount"", ""field_label"": ""金额"", ""region_no"": 2}, {""result"": ""篡改"", ""confidence"": 0.66, ""bbox"": [230, 4, 265, 37], ""reason"": ""全局UI布局异常"", ""bbox_overlap_check"": {""max_iou"": 0.0264, ""risk_max_iou"": 0.0264, ""overlapping_pairs"": [], ""box_count"": 3, ""anomalies"": []}, ""hard_tamper_flags"": {""bbox_iou"": false}, ""original_bbox"": [230, 4, 495, 41], ""field_type"": ""amount"", ""field_label"": ""金额"", ""region_no"": 3}]",0.11,0.01
independent,test,p (17).jpg,/home/quyu/PD_new/PD_max/app/ai_detection/images/tampered/p (17).jpg,篡改,篡改,0.66,True,2,15,515.3,全局UI布局异常,"[{""result"": ""篡改"", ""confidence"": 0.66, ""bbox"": [43, 379, 441, 41], ""reason"": ""全局UI布局异常"", ""bbox_overlap_check"": {""max_iou"": 0.0153, ""risk_max_iou"": 0.0153, ""overlapping_pairs"": [], ""box_count"": 2, ""anomalies"": []}, ""hard_tamper_flags"": {""bbox_iou"": false}, ""original_bbox"": [43, 379, 484, 420], ""field_type"": ""amount"", ""field_label"": ""金额"", ""region_no"": 1}, {""result"": ""篡改"", ""confidence"": 0.66, ""bbox"": [44, 418, 198, 41], ""reason"": ""全局UI布局异常"", ""bbox_overlap_check"": {""max_iou"": 0.0153, ""risk_max_iou"": 0.0153, ""overlapping_pairs"": [], ""box_count"": 2, ""anomalies"": []}, ""hard_tamper_flags"": {""bbox_iou"": false}, ""original_bbox"": [44, 418, 242, 459], ""field_type"": ""amount"", ""field_label"": ""金额"", ""region_no"": 2}]",0.11,0.01
independent,train,p (25).jpg,/home/quyu/PD_new/PD_max/app/ai_detection/images/tampered/p (25).jpg,篡改,篡改,0.66,True,3,36,935.2,全局UI布局异常；存在局部边缘拼接/像素涂抹痕迹,"[{""result"": ""篡改"", ""confidence"": 0.66, ""bbox"": [550, 671, 143, 31], ""reason"": ""全局UI布局异常；存在局部边缘拼接/像素涂抹痕迹"", ""bbox_overlap_check"": {""max_iou"": 0.0, ""risk_max_iou"": 0.0, ""overlapping_pairs"": [], ""box_count"": 3, ""anomalies"": []}, ""hard_tamper_flags"": {""bbox_iou"": false}, ""original_bbox"": [550, 671, 693, 702], ""field_type"": ""amount"", ""field_label"": ""金额"", ""region_no"": 1}, {""result"": ""篡改"", ""confidence"": 0.66, ""bbox"": [604, 737, 92, 38], ""reason"": ""全局UI布局异常"", ""bbox_overlap_check"": {""max_iou"": 0.0, ""risk_max_iou"": 0.0, ""overlapping_pairs"": [], ""box_count"": 3, ""anomalies"": []}, ""hard_tamper_flags"": {""bbox_iou"": false}, ""original_bbox"": [604, 737, 696, 775], ""field_type"": ""name"", ""field_label"": ""姓名"", ""region_no"": 2}, {""result"": ""篡改"", ""confidence"": 0.66, ""bbox"": [427, 600, 63, 29], ""reason"": ""全局UI布局异常"", ""bbox_overlap_check"": {""max_iou"": 0.0, ""risk_max_iou"": 0.0, ""overlapping_pairs"": [], ""box_count"": 3, ""anomalies"": []}, ""hard_tamper_flags"": {""bbox_iou"": false}, ""original_bbox"": [427, 600, 490, 629], ""field_type"": ""amount"", ""field_label"": ""金额"", ""region_no"": 3}]",0.11,0.01
independent,train,p (15).jpg,/home/quyu/PD_new/PD_max/app/ai_detection/images/tampered/p (15).jpg,篡改,篡改,0.7000000000000001,True,6,26,732.7,全局UI布局异常；检测到多个高度重叠的疑似数字区域(疑似复制贴图),"[{""result"": ""篡改"", ""confidence"": 0.7000000000000001, ""bbox"": [38, 168, 453, 39], ""reason"": ""全局UI布局异常；检测到多个高度重叠的疑似数字区域(疑似复制贴图)"", ""bbox_overlap_check"": {""max_iou"": 0.7925, ""risk_max_iou"": 0.7925, ""overlapping_pairs"": [{""bbox_a"": [38, 168, 491, 207], ""bbox_b"": [38, 168, 397, 207], ""iou"": 0.7925, ""same_row_fragment"": false}], ""box_count"": 6, ""anomalies"": [""bbox_iou_hard_overlap""]}, ""hard_tamper_flags"": {""bbox_iou"": true}, ""original_bbox"": [38, 168, 491, 207], ""field_type"": ""amount"", ""field_label"": ""金额"", ""region_no"": 1}, {""result"": ""篡改"", ""confidence"": 0.7000000000000001, ""bbox"": [37, 546, 397, 38], ""reason"": ""全局UI布局异常；检测到多个高度重叠的疑似数字区域(疑似复制贴图)；局部字体风格异常"", ""bbox_overlap_check"": {""max_iou"": 0.7925, ""risk_max_iou"": 0.7925, ""overlapping_pairs"": [{""bbox_a"": [38, 168, 491, 207], ""bbox_b"": [38, 168, 397, 207], ""iou"": 0.7925, ""same_row_fragment"": false}], ""box_count"": 6, ""anomalies"": [""bbox_iou_hard_overlap""]}, ""hard_tamper_flags"": {""bbox_iou"": true}, ""original_bbox"": [37, 546, 434, 584], ""field_type"": ""amount"", ""field_label"": ""金额"", ""region_no"": 2}, {""result"": ""篡改"", ""confidence"": 0.7000000000000001, ""bbox"": [38, 168, 359, 39], ""reason"": ""全局UI布局异常；检测到多个高度重叠的疑似数字区域(疑似复制贴图)"", ""bbox_overlap_check"": {""max_iou"": 0.7925, ""risk_max_iou"": 0.7925, ""overlapping_pairs"": [{""bbox_a"": [38, 168, 491, 207], ""bbox_b"": [38, 168, 397, 207], ""iou"": 0.7925, ""same_row_fragment"": false}], ""box_count"": 6, ""anomalies"": [""bbox_iou_hard_overlap""]}, ""hard_tamper_flags"": {""bbox_iou"": true}, ""original_bbox"": [38, 168, 397, 207], ""field_type"": ""amount"", ""field_label"": ""金额"", ""region_no"": 3}, {""result"": ""篡改"", ""confidence"": 0.7000000000000001, ""bbox"": [38, 581, 372, 37], ""reason"": ""全局UI布局异常；检测到多个高度重叠的疑似数字区域(疑似复制贴图)"", ""bbox_overlap_check"": {""max_iou"": 0.7925, ""risk_max_iou"": 0.7925, ""overlapping_pairs"": [{""bbox_a"": [38, 168, 491, 207], ""bbox_b"": [38, 168, 397, 207], ""iou"": 0.7925, ""same_row_fragment"": false}], ""box_count"": 6, ""anomalies"": [""bbox_iou_hard_overlap""]}, ""hard_tamper_flags"": {""bbox_iou"": true}, ""original_bbox"": [38, 581, 410, 618], ""field_type"": ""amount"", ""field_label"": ""金额"", ""region_no"": 4}, {""result"": ""篡改"", ""confidence"": 0.7000000000000001, ""bbox"": [407, 171, 84, 32], ""reason"": ""全局UI布局异常；检测到多个高度重叠的疑似数字区域(疑似复制贴图)"", ""bbox_overlap_check"": {""max_iou"": 0.7925, ""risk_max_iou"": 0.7925, ""overlapping_pairs"": [{""bbox_a"": [38, 168, 491, 207], ""bbox_b"": [38, 168, 397, 207], ""iou"": 0.7925, ""same_row_fragment"": false}], ""box_count"": 6, ""anomalies"": [""bbox_iou_hard_overlap""]}, ""hard_tamper_flags"": {""bbox_iou"": true}, ""original_bbox"": [407, 171, 491, 203], ""field_type"": ""amount"", ""field_label"": ""金额"", ""region_no"": 5}, {""result"": ""篡改"", ""confidence"": 0.7000000000000001, ""bbox"": [190, 127, 75, 28], ""reason"": ""全局UI布局异常；检测到多个高度重叠的疑似数字区域(疑似复制贴图)"", ""bbox_overlap_check"": {""max_iou"": 0.7925, ""risk_max_iou"": 0.7925, ""overlapping_pairs"": [{""bbox_a"": [38, 168, 491, 207], ""bbox_b"": [38, 168, 397, 207], ""iou"": 0.7925, ""same_row_fragment"": false}], ""box_count"": 6, ""anomalies"": [""bbox_iou_hard_overlap""]}, ""hard_tamper_flags"": {""bbox_iou"": true}, ""original_bbox"": [190, 127, 265, 155], ""field_type"": ""amount"", ""field_label"": ""金额"", ""region_no"": 6}]",0.15,0.05
independent,train,p (44).jpg,/home/quyu/PD_new/PD_max/app/ai_detection/images/tampered/p (44).jpg,篡改,篡改,0.7938616571275597,True,6,39,1432.0,全局UI布局异常；存在局部边缘拼接/像素涂抹痕迹,"[{""result"": ""篡改"", ""confidence"": 0.66, ""bbox"": [540, 2049, 532, 76], ""reason"": ""全局UI布局异常"", ""bbox_overlap_check"": {""max_iou"": 0.0, ""risk_max_iou"": 0.0, ""overlapping_pairs"": [], ""box_count"": 6, ""anomalies"": []}, ""hard_tamper_flags"": {""bbox_iou"": false}, ""original_bbox"": [540, 2049, 1072, 2125], ""field_type"": ""amount"", ""field_label"": ""金额"", ""region_no"": 1}, {""result"": ""篡改"", ""confidence"": 0.66, ""bbox"": [467, 878, 322, 93], ""reason"": ""全局UI布局异常"", ""bbox_overlap_check"": {""max_iou"": 0.0, ""risk_max_iou"": 0.0, ""overlapping_pairs"": [], ""box_count"": 6, ""anomalies"": []}, ""hard_tamper_flags"": {""bbox_iou"": false}, ""original_bbox"": [467, 878, 789, 971], ""field_type"": ""amount"", ""field_label"": ""金额"", ""region_no"": 2}, {""result"": ""篡改"", ""confidence"": 0.66, ""bbox"": [116, 2053, 393, 67], ""reason"": ""全局UI布局异常"", ""bbox_overlap_check"": {""max_iou"": 0.0, ""risk_max_iou"": 0.0, ""overlapping_pairs"": [], ""box_count"": 6, ""anomalies"": []}, ""hard_tamper_flags"": {""bbox_iou"": false}, ""original_bbox"": [116, 2053, 509, 2120], ""field_type"": ""amount"", ""field_label"": ""金额"", ""region_no"": 3}, {""result"": ""篡改"", ""confidence"": 0.6607750624561581, ""bbox"": [117, 1200, 209, 55], ""reason"": ""全局UI布局异常"", ""bbox_overlap_check"": {""max_iou"": 0.0, ""risk_max_iou"": 0.0, ""overlapping_pairs"": [], ""box_count"": 6, ""anomalies"": []}, ""hard_tamper_flags"": {""bbox_iou"": false}, ""original_bbox"": [117, 1200, 326, 1255], ""field_type"": ""amount"", ""field_label"": ""金额"", ""region_no"": 4}, {""result"": ""篡改"", ""confidence"": 0.66, ""bbox"": [633, 1068, 178, 52], ""reason"": ""全局UI布局异常"", ""bbox_overlap_check"": {""max_iou"": 0.0, ""risk_max_iou"": 0.0, ""overlapping_pairs"": [], ""box_count"": 6, ""anomalies"": []}, ""hard_tamper_flags"": {""bbox_iou"": false}, ""original_bbox"": [633, 1068, 811, 1120], ""field_type"": ""amount"", ""field_label"": ""金额"", ""region_no"": 5}, {""result"": ""篡改"", ""confidence"": 0.7938616571275597, ""bbox"": [372, 249, 146, 52], ""reason"": ""全局UI布局异常；存在局部边缘拼接/像素涂抹痕迹"", ""bbox_overlap_check"": {""max_iou"": 0.0, ""risk_max_iou"": 0.0, ""overlapping_pairs"": [], ""box_count"": 6, ""anomalies"": []}, ""hard_tamper_flags"": {""bbox_iou"": false}, ""original_bbox"": [372, 249, 518, 301], ""field_type"": ""amount"", ""field_label"": ""金额"", ""region_no"": 6}]",0.243862,0.143862
independent,train,p (19).jpg,/home/quyu/PD_new/PD_max/app/ai_detection/images/tampered/p (19).jpg,篡改,篡改,0.7977535080195571,True,5,31,908.4,全局UI布局异常；存在局部边缘拼接/像素涂抹痕迹,"[{""result"": ""篡改"", ""confidence"": 0.66, ""bbox"": [299, 407, 264, 54], ""reason"": ""全局UI布局异常"", ""bbox_overlap_check"": {""max_iou"": 0.0, ""risk_max_iou"": 0.0, ""overlapping_pairs"": [], ""box_count"": 5, ""anomalies"": []}, ""hard_tamper_flags"": {""bbox_iou"": false}, ""original_bbox"": [299, 407, 563, 461], ""field_type"": ""amount"", ""field_label"": ""金额"", ""region_no"": 1}, {""result"": ""篡改"", ""confidence"": 0.7273151599172818, ""bbox"": [477, 1000, 293, 32], ""reason"": ""全局UI布局异常；存在局部边缘拼接/像素涂抹痕迹"", ""bbox_overlap_check"": {""max_iou"": 0.0, ""risk_max_iou"": 0.0, ""overlapping_pairs"": [], ""box_count"": 5, ""anomalies"": []}, ""hard_tamper_flags"": {""bbox_iou"": false}, ""original_bbox"": [477, 1000, 770, 1032], ""field_type"": ""time"", ""field_label"": ""时间"", ""region_no"": 2}, {""result"": ""篡改"", ""confidence"": 0.7977535080195571, ""bbox"": [632, 940, 139, 33], ""reason"": ""全局UI布局异常；存在局部边缘拼接/像素涂抹痕迹"", ""bbox_overlap_check"": {""max_iou"": 0.0, ""risk_max_iou"": 0.0, ""overlapping_pairs"": [], ""box_count"": 5, ""anomalies"": []}, ""hard_tamper_flags"": {""bbox_iou"": false}, ""original_bbox"": [632, 940, 771, 973], ""field_type"": ""amount"", ""field_label"": ""金额"", ""region_no"": 3}, {""result"": ""篡改"", ""confidence"": 0.7612781580973854, ""bbox"": [670, 757, 101, 39], ""reason"": ""全局UI布局异常；存在局部边缘拼接/像素涂抹痕迹"", ""bbox_overlap_check"": {""max_iou"": 0.0, ""risk_max_iou"": 0.0, ""overlapping_pairs"": [], ""box_count"": 5, ""anomalies"": []}, ""hard_tamper_flags"": {""bbox_iou"": false}, ""original_bbox"": [670, 757, 771, 796], ""field_type"": ""name"", ""field_label"": ""姓名"", ""region_no"": 4}, {""result"": ""篡改"", ""confidence"": 0.7660103782506203, ""bbox"": [700, 638, 70, 36], ""reason"": ""全局UI布局异常；存在局部边缘拼接/像素涂抹痕迹"", ""bbox_overlap_check"": {""max_iou"": 0.0, ""risk_max_iou"": 0.0, ""overlapping_pairs"": [], ""box_count"": 5, ""anomalies"": []}, ""hard_tamper_flags"": {""bbox_iou"": false}, ""original_bbox"": [700, 638, 770, 674], ""field_type"": ""name"", ""field_label"": ""姓名"", ""region_no"": 5}]",0.247754,0.147754
independent,train,p (23).jpg,/home/quyu/PD_new/PD_max/app/ai_detection/images/tampered/p (23).jpg,篡改,篡改,0.7896318995560228,True,5,29,846.2,全局UI布局异常；存在局部边缘拼接/像素涂抹痕迹,"[{""result"": ""篡改"", ""confidence"": 0.66, ""bbox"": [298, 407, 265, 55], ""reason"": ""全局UI布局异常"", ""bbox_overlap_check"": {""max_iou"": 0.0, ""risk_max_iou"": 0.0, ""overlapping_pairs"": [], ""box_count"": 5, ""anomalies"": []}, ""hard_tamper_flags"": {""bbox_iou"": false}, ""original_bbox"": [298, 407, 563, 462], ""field_type"": ""amount"", ""field_label"": ""金额"", ""region_no"": 1}, {""result"": ""篡改"", ""confidence"": 0.7425670780672233, ""bbox"": [477, 1000, 293, 32], ""reason"": ""全局UI布局异常；存在局部边缘拼接/像素涂抹痕迹"", ""bbox_overlap_check"": {""max_iou"": 0.0, ""risk_max_iou"": 0.0, ""overlapping_pairs"": [], ""box_count"": 5, ""anomalies"": []}, ""hard_tamper_flags"": {""bbox_iou"": false}, ""original_bbox"": [477, 1000, 770, 1032], ""field_type"": ""time"", ""field_label"": ""时间"", ""region_no"": 2}, {""result"": ""篡改"", ""confidence"": 0.7896318995560228, ""bbox"": [631, 939, 139, 34], ""reason"": ""全局UI布局异常；存在局部边缘拼接/像素涂抹痕迹"", ""bbox_overlap_check"": {""max_iou"": 0.0, ""risk_max_iou"": 0.0, ""overlapping_pairs"": [], ""box_count"": 5, ""anomalies"": []}, ""hard_tamper_flags"": {""bbox_iou"": false}, ""original_bbox"": [631, 939, 770, 973], ""field_type"": ""amount"", ""field_label"": ""金额"", ""region_no"": 3}, {""result"": ""篡改"", ""confidence"": 0.7610565888095444, ""bbox"": [670, 757, 101, 39], ""reason"": ""全局UI布局异常；存在局部边缘拼接/像素涂抹痕迹"", ""bbox_overlap_check"": {""max_iou"": 0.0, ""risk_max_iou"": 0.0, ""overlapping_pairs"": [], ""box_count"": 5, ""anomalies"": []}, ""hard_tamper_flags"": {""bbox_iou"": false}, ""original_bbox"": [670, 757, 771, 796], ""field_type"": ""name"", ""field_label"": ""姓名"", ""region_no"": 4}, {""result"": ""篡改"", ""confidence"": 0.7655533132412609, ""bbox"": [701, 638, 70, 37], ""reason"": ""全局UI布局异常；存在局部边缘拼接/像素涂抹痕迹"", ""bbox_overlap_check"": {""max_iou"": 0.0, ""risk_max_iou"": 0.0, ""overlapping_pairs"": [], ""box_count"": 5, ""anomalies"": []}, ""hard_tamper_flags"": {""bbox_iou"": false}, ""original_bbox"": [701, 638, 771, 675], ""field_type"": ""name"", ""field_label"": ""姓名"", ""region_no"": 5}]",0.239632,0.139632
independent,train,p (27).jpg,/home/quyu/PD_new/PD_max/app/ai_detection/images/tampered/p (27).jpg,篡改,篡改,0.7655716554827932,True,5,30,925.9,全局UI布局异常；存在局部边缘拼接/像素涂抹痕迹,"[{""result"": ""篡改"", ""confidence"": 0.66, ""bbox"": [294, 407, 275, 57], ""reason"": ""全局UI布局异常"", ""bbox_overlap_check"": {""max_iou"": 0.0, ""risk_max_iou"": 0.0, ""overlapping_pairs"": [], ""box_count"": 5, ""anomalies"": []}, ""hard_tamper_flags"": {""bbox_iou"": false}, ""original_bbox"": [294, 407, 569, 464], ""field_type"": ""amount"", ""field_label"": ""金额"", ""region_no"": 1}, {""result"": ""篡改"", ""confidence"": 0.7445214555275363, ""bbox"": [477, 1000, 290, 32], ""reason"": ""全局UI布局异常；存在局部边缘拼接/像素涂抹痕迹"", ""bbox_overlap_check"": {""max_iou"": 0.0, ""risk_max_iou"": 0.0, ""overlapping_pairs"": [], ""box_count"": 5, ""anomalies"": []}, ""hard_tamper_flags"": {""bbox_iou"": false}, ""original_bbox"": [477, 1000, 767, 1032], ""field_type"": ""time"", ""field_label"": ""时间"", ""region_no"": 2}, {""result"": ""篡改"", ""confidence"": 0.7282183486996208, ""bbox"": [626, 940, 144, 35], ""reason"": ""全局UI布局异常；存在局部边缘拼接/像素涂抹痕迹"", ""bbox_overlap_check"": {""max_iou"": 0.0, ""risk_max_iou"": 0.0, ""overlapping_pairs"": [], ""box_count"": 5, ""anomalies"": []}, ""hard_tamper_flags"": {""bbox_iou"": false}, ""original_bbox"": [626, 940, 770, 975], ""field_type"": ""amount"", ""field_label"": ""金额"", ""region_no"": 3}, {""result"": ""篡改"", ""confidence"": 0.7610749310510767, ""bbox"": [670, 757, 101, 39], ""reason"": ""全局UI布局异常；存在局部边缘拼接/像素涂抹痕迹"", ""bbox_overlap_check"": {""max_iou"": 0.0, ""risk_max_iou"": 0.0, ""overlapping_pairs"": [], ""box_count"": 5, ""anomalies"": []}, ""hard_tamper_flags"": {""bbox_iou"": false}, ""original_bbox"": [670, 757, 771, 796], ""field_type"": ""name"", ""field_label"": ""姓名"", ""region_no"": 4}, {""result"": ""篡改"", ""confidence"": 0.7655716554827932, ""bbox"": [701, 638, 70, 37], ""reason"": ""全局UI布局异常；存在局部边缘拼接/像素涂抹痕迹"", ""bbox_overlap_check"": {""max_iou"": 0.0, ""risk_max_iou"": 0.0, ""overlapping_pairs"": [], ""box_count"": 5, ""anomalies"": []}, ""hard_tamper_flags"": {""bbox_iou"": false}, ""original_bbox"": [701, 638, 771, 675], ""field_type"": ""name"", ""field_label"": ""姓名"", ""region_no"": 5}]",0.215572,0.115572
independent,train,p (28).jpg,/home/quyu/PD_new/PD_max/app/ai_detection/images/tampered/p (28).jpg,篡改,篡改,0.7735442664907548,True,5,29,922.0,全局UI布局异常；存在局部边缘拼接/像素涂抹痕迹,"[{""result"": ""篡改"", ""confidence"": 0.66, ""bbox"": [298, 405, 265, 56], ""reason"": ""全局UI布局异常"", ""bbox_overlap_check"": {""max_iou"": 0.0, ""risk_max_iou"": 0.0, ""overlapping_pairs"": [], ""box_count"": 5, ""anomalies"": []}, ""hard_tamper_flags"": {""bbox_iou"": false}, ""original_bbox"": [298, 405, 563, 461], ""field_type"": ""amount"", ""field_label"": ""金额"", ""region_no"": 1}, {""result"": ""篡改"", ""confidence"": 0.7182685550352231, ""bbox"": [477, 999, 293, 33], ""reason"": ""全局UI布局异常；存在局部边缘拼接/像素涂抹痕迹"", ""bbox_overlap_check"": {""max_iou"": 0.0, ""risk_max_iou"": 0.0, ""overlapping_pairs"": [], ""box_count"": 5, ""anomalies"": []}, ""hard_tamper_flags"": {""bbox_iou"": false}, ""original_bbox"": [477, 999, 770, 1032], ""field_type"": ""time"", ""field_label"": ""时间"", ""region_no"": 2}, {""result"": ""篡改"", ""confidence"": 0.7735442664907548, ""bbox"": [632, 939, 138, 34], ""reason"": ""全局UI布局异常；存在局部边缘拼接/像素涂抹痕迹"", ""bbox_overlap_check"": {""max_iou"": 0.0, ""risk_max_iou"": 0.0, ""overlapping_pairs"": [], ""box_count"": 5, ""anomalies"": []}, ""hard_tamper_flags"": {""bbox_iou"": false}, ""original_bbox"": [632, 939, 770, 973], ""field_type"": ""amount"", ""field_label"": ""金额"", ""region_no"": 3}, {""result"": ""篡改"", ""confidence"": 0.7614079333195003, ""bbox"": [670, 757, 101, 39], ""reason"": ""全局UI布局异常；存在局部边缘拼接/像素涂抹痕迹"", ""bbox_overlap_check"": {""max_iou"": 0.0, ""risk_max_iou"": 0.0, ""overlapping_pairs"": [], ""box_count"": 5, ""anomalies"": []}, ""hard_tamper_flags"": {""bbox_iou"": false}, ""original_bbox"": [670, 757, 771, 796], ""field_type"": ""name"", ""field_label"": ""姓名"", ""region_no"": 4}, {""result"": ""篡改"", ""confidence"": 0.7661401534727352, ""bbox"": [700, 638, 70, 36], ""reason"": ""全局UI布局异常；存在局部边缘拼接/像素涂抹痕迹"", ""bbox_overlap_check"": {""max_iou"": 0.0, ""risk_max_iou"": 0.0, ""overlapping_pairs"": [], ""box_count"": 5, ""anomalies"": []}, ""hard_tamper_flags"": {""bbox_iou"": false}, ""original_bbox"": [700, 638, 770, 674], ""field_type"": ""name"", ""field_label"": ""姓名"", ""region_no"": 5}]",0.223544,0.123544
independent,train,p (3).jpg,/home/quyu/PD_new/PD_max/app/ai_detection/images/tampered/p (3).jpg,篡改,篡改,0.765526174238499,True,5,30,976.2,全局UI布局异常；存在局部边缘拼接/像素涂抹痕迹,"[{""result"": ""篡改"", ""confidence"": 0.66, ""bbox"": [298, 407, 265, 54], ""reason"": ""全局UI布局异常；局部字体风格异常"", ""bbox_overlap_check"": {""max_iou"": 0.0, ""risk_max_iou"": 0.0, ""overlapping_pairs"": [], ""box_count"": 5, ""anomalies"": []}, ""hard_tamper_flags"": {""bbox_iou"": false}, ""original_bbox"": [298, 407, 563, 461], ""field_type"": ""amount"", ""field_label"": ""金额"", ""region_no"": 1}, {""result"": ""篡改"", ""confidence"": 0.7416852780481147, ""bbox"": [477, 999, 293, 33], ""reason"": ""全局UI布局异常；存在局部边缘拼接/像素涂抹痕迹"", ""bbox_overlap_check"": {""max_iou"": 0.0, ""risk_max_iou"": 0.0, ""overlapping_pairs"": [], ""box_count"": 5, ""anomalies"": []}, ""hard_tamper_flags"": {""bbox_iou"": false}, ""original_bbox"": [477, 999, 770, 1032], ""field_type"": ""time"", ""field_label"": ""时间"", ""region_no"": 2}, {""result"": ""篡改"", ""confidence"": 0.710226744134883, ""bbox"": [632, 940, 138, 33], ""reason"": ""全局UI布局异常；存在局部边缘拼接/像素涂抹痕迹"", ""bbox_overlap_check"": {""max_iou"": 0.0, ""risk_max_iou"": 0.0, ""overlapping_pairs"": [], ""box_count"": 5, ""anomalies"": []}, ""hard_tamper_flags"": {""bbox_iou"": false}, ""original_bbox"": [632, 940, 770, 973], ""field_type"": ""amount"", ""field_label"": ""金额"", ""region_no"": 3}, {""result"": ""篡改"", ""confidence"": 0.7610294498067826, ""bbox"": [670, 757, 101, 39], ""reason"": ""全局UI布局异常；存在局部边缘拼接/像素涂抹痕迹"", ""bbox_overlap_check"": {""max_iou"": 0.0, ""risk_max_iou"": 0.0, ""overlapping_pairs"": [], ""box_count"": 5, ""anomalies"": []}, ""hard_tamper_flags"": {""bbox_iou"": false}, ""original_bbox"": [670, 757, 771, 796], ""field_type"": ""name"", ""field_label"": ""姓名"", ""region_no"": 4}, {""result"": ""篡改"", ""confidence"": 0.765526174238499, ""bbox"": [701, 638, 70, 37], ""reason"": ""全局UI布局异常；存在局部边缘拼接/像素涂抹痕迹"", ""bbox_overlap_check"": {""max_iou"": 0.0, ""risk_max_iou"": 0.0, ""overlapping_pairs"": [], ""box_count"": 5, ""anomalies"": []}, ""hard_tamper_flags"": {""bbox_iou"": false}, ""original_bbox"": [701, 638, 771, 675], ""field_type"": ""name"", ""field_label"": ""姓名"", ""region_no"": 5}]",0.215526,0.115526
independent,train,p (33).jpg,/home/quyu/PD_new/PD_max/app/ai_detection/images/tampered/p (33).jpg,篡改,篡改,0.772546179879304,True,5,31,930.2,全局UI布局异常；存在局部边缘拼接/像素涂抹痕迹,"[{""result"": ""篡改"", ""confidence"": 0.66, ""bbox"": [299, 407, 264, 54], ""reason"": ""全局UI布局异常"", ""bbox_overlap_check"": {""max_iou"": 0.0, ""risk_max_iou"": 0.0, ""overlapping_pairs"": [], ""box_count"": 5, ""anomalies"": []}, ""hard_tamper_flags"": {""bbox_iou"": false}, ""original_bbox"": [299, 407, 563, 461], ""field_type"": ""amount"", ""field_label"": ""金额"", ""region_no"": 1}, {""result"": ""篡改"", ""confidence"": 0.7483411175304282, ""bbox"": [477, 1000, 294, 32], ""reason"": ""全局UI布局异常；存在局部边缘拼接/像素涂抹痕迹"", ""bbox_overlap_check"": {""max_iou"": 0.0, ""risk_max_iou"": 0.0, ""overlapping_pairs"": [], ""box_count"": 5, ""anomalies"": []}, ""hard_tamper_flags"": {""bbox_iou"": false}, ""original_bbox"": [477, 1000, 771, 1032], ""field_type"": ""time"", ""field_label"": ""时间"", ""region_no"": 2}, {""result"": ""篡改"", ""confidence"": 0.772546179879304, ""bbox"": [632, 940, 139, 33], ""reason"": ""全局UI布局异常；存在局部边缘拼接/像素涂抹痕迹"", ""bbox_overlap_check"": {""max_iou"": 0.0, ""risk_max_iou"": 0.0, ""overlapping_pairs"": [], ""box_count"": 5, ""anomalies"": []}, ""hard_tamper_flags"": {""bbox_iou"": false}, ""original_bbox"": [632, 940, 771, 973], ""field_type"": ""amount"", ""field_label"": ""金额"", ""region_no"": 3}, {""result"": ""篡改"", ""confidence"": 0.7653271400139826, ""bbox"": [701, 638, 70, 37], ""reason"": ""全局UI布局异常；存在局部边缘拼接/像素涂抹痕迹"", ""bbox_overlap_check"": {""max_iou"": 0.0, ""risk_max_iou"": 0.0, ""overlapping_pairs"": [], ""box_count"": 5, ""anomalies"": []}, ""hard_tamper_flags"": {""bbox_iou"": false}, ""original_bbox"": [701, 638, 771, 675], ""field_type"": ""name"", ""field_label"": ""姓名"", ""region_no"": 4}, {""result"": ""篡改"", ""confidence"": 0.7654782754558286, ""bbox"": [700, 759, 68, 37], ""reason"": ""全局UI布局异常；存在局部边缘拼接/像素涂抹痕迹"", ""bbox_overlap_check"": {""max_iou"": 0.0, ""risk_max_iou"": 0.0, ""overlapping_pairs"": [], ""box_count"": 5, ""anomalies"": []}, ""hard_tamper_flags"": {""bbox_iou"": false}, ""original_bbox"": [700, 759, 768, 796], ""field_type"": ""name"", ""field_label"": ""姓名"", ""region_no"": 5}]",0.222546,0.122546
independent,train,p (34).jpg,/home/quyu/PD_new/PD_max/app/ai_detection/images/tampered/p (34).jpg,篡改,篡改,0.772546179879304,True,5,31,956.4,全局UI布局异常；存在局部边缘拼接/像素涂抹痕迹,"[{""result"": ""篡改"", ""confidence"": 0.66, ""bbox"": [299, 407, 264, 54], ""reason"": ""全局UI布局异常"", ""bbox_overlap_check"": {""max_iou"": 0.0, ""risk_max_iou"": 0.0, ""overlapping_pairs"": [], ""box_count"": 5, ""anomalies"": []}, ""hard_tamper_flags"": {""bbox_iou"": false}, ""original_bbox"": [299, 407, 563, 461], ""field_type"": ""amount"", ""field_label"": ""金额"", ""region_no"": 1}, {""result"": ""篡改"", ""confidence"": 0.7483411175304282, ""bbox"": [477, 1000, 294, 32], ""reason"": ""全局UI布局异常；存在局部边缘拼接/像素涂抹痕迹"", ""bbox_overlap_check"": {""max_iou"": 0.0, ""risk_max_iou"": 0.0, ""overlapping_pairs"": [], ""box_count"": 5, ""anomalies"": []}, ""hard_tamper_flags"": {""bbox_iou"": false}, ""original_bbox"": [477, 1000, 771, 1032], ""field_type"": ""time"", ""field_label"": ""时间"", ""region_no"": 2}, {""result"": ""篡改"", ""confidence"": 0.772546179879304, ""bbox"": [632, 940, 139, 33], ""reason"": ""全局UI布局异常；存在局部边缘拼接/像素涂抹痕迹"", ""bbox_overlap_check"": {""max_iou"": 0.0, ""risk_max_iou"": 0.0, ""overlapping_pairs"": [], ""box_count"": 5, ""anomalies"": []}, ""hard_tamper_flags"": {""bbox_iou"": false}, ""original_bbox"": [632, 940, 771, 973], ""field_type"": ""amount"", ""field_label"": ""金额"", ""region_no"": 3}, {""result"": ""篡改"", ""confidence"": 0.7653271400139826, ""bbox"": [701, 638, 70, 37], ""reason"": ""全局UI布局异常；存在局部边缘拼接/像素涂抹痕迹"", ""bbox_overlap_check"": {""max_iou"": 0.0, ""risk_max_iou"": 0.0, ""overlapping_pairs"": [], ""box_count"": 5, ""anomalies"": []}, ""hard_tamper_flags"": {""bbox_iou"": false}, ""original_bbox"": [701, 638, 771, 675], ""field_type"": ""name"", ""field_label"": ""姓名"", ""region_no"": 4}, {""result"": ""篡改"", ""confidence"": 0.7654782754558286, ""bbox"": [700, 759, 68, 37], ""reason"": ""全局UI布局异常；存在局部边缘拼接/像素涂抹痕迹"", ""bbox_overlap_check"": {""max_iou"": 0.0, ""risk_max_iou"": 0.0, ""overlapping_pairs"": [], ""box_count"": 5, ""anomalies"": []}, ""hard_tamper_flags"": {""bbox_iou"": false}, ""original_bbox"": [700, 759, 768, 796], ""field_type"": ""name"", ""field_label"": ""姓名"", ""region_no"": 5}]",0.222546,0.122546
independent,train,p (35).jpg,/home/quyu/PD_new/PD_max/app/ai_detection/images/tampered/p (35).jpg,篡改,篡改,0.8169044340386018,True,5,32,914.1,全局UI布局异常；存在局部边缘拼接/像素涂抹痕迹,"[{""result"": ""篡改"", ""confidence"": 0.66, ""bbox"": [298, 407, 265, 54], ""reason"": ""全局UI布局异常"", ""bbox_overlap_check"": {""max_iou"": 0.0, ""risk_max_iou"": 0.0, ""overlapping_pairs"": [], ""box_count"": 5, ""anomalies"": []}, ""hard_tamper_flags"": {""bbox_iou"": false}, ""original_bbox"": [298, 407, 563, 461], ""field_type"": ""amount"", ""field_label"": ""金额"", ""region_no"": 1}, {""result"": ""篡改"", ""confidence"": 0.7155072537928036, ""bbox"": [477, 999, 294, 33], ""reason"": ""全局UI布局异常；存在局部边缘拼接/像素涂抹痕迹"", ""bbox_overlap_check"": {""max_iou"": 0.0, ""risk_max_iou"": 0.0, ""overlapping_pairs"": [], ""box_count"": 5, ""anomalies"": []}, ""hard_tamper_flags"": {""bbox_iou"": false}, ""original_bbox"": [477, 999, 771, 1032], ""field_type"": ""time"", ""field_label"": ""时间"", ""region_no"": 2}, {""result"": ""篡改"", ""confidence"": 0.8169044340386018, ""bbox"": [632, 940, 139, 33], ""reason"": ""全局UI布局异常；存在局部边缘拼接/像素涂抹痕迹"", ""bbox_overlap_check"": {""max_iou"": 0.0, ""risk_max_iou"": 0.0, ""overlapping_pairs"": [], ""box_count"": 5, ""anomalies"": []}, ""hard_tamper_flags"": {""bbox_iou"": false}, ""original_bbox"": [632, 940, 771, 973], ""field_type"": ""amount"", ""field_label"": ""金额"", ""region_no"": 3}, {""result"": ""篡改"", ""confidence"": 0.7649391124006288, ""bbox"": [701, 759, 69, 37], ""reason"": ""全局UI布局异常；存在局部边缘拼接/像素涂抹痕迹"", ""bbox_overlap_check"": {""max_iou"": 0.0, ""risk_max_iou"": 0.0, ""overlapping_pairs"": [], ""box_count"": 5, ""anomalies"": []}, ""hard_tamper_flags"": {""bbox_iou"": false}, ""original_bbox"": [701, 759, 770, 796], ""field_type"": ""name"", ""field_label"": ""姓名"", ""region_no"": 4}, {""result"": ""篡改"", ""confidence"": 0.7656495194505328, ""bbox"": [700, 638, 70, 36], ""reason"": ""全局UI布局异常；存在局部边缘拼接/像素涂抹痕迹"", ""bbox_overlap_check"": {""max_iou"": 0.0, ""risk_max_iou"": 0.0, ""overlapping_pairs"": [], ""box_count"": 5, ""anomalies"": []}, ""hard_tamper_flags"": {""bbox_iou"": false}, ""original_bbox"": [700, 638, 770, 674], ""field_type"": ""name"", ""field_label"": ""姓名"", ""region_no"": 5}]",0.266904,0.166904
independent,train,p (36).jpg,/home/quyu/PD_new/PD_max/app/ai_detection/images/tampered/p (36).jpg,篡改,篡改,0.7653828211298039,True,5,30,882.4,全局UI布局异常；存在局部边缘拼接/像素涂抹痕迹,"[{""result"": ""篡改"", ""confidence"": 0.66, ""bbox"": [298, 407, 265, 54], ""reason"": ""全局UI布局异常"", ""bbox_overlap_check"": {""max_iou"": 0.0, ""risk_max_iou"": 0.0, ""overlapping_pairs"": [], ""box_count"": 5, ""anomalies"": []}, ""hard_tamper_flags"": {""bbox_iou"": false}, ""original_bbox"": [298, 407, 563, 461], ""field_type"": ""amount"", ""field_label"": ""金额"", ""region_no"": 1}, {""result"": ""篡改"", ""confidence"": 0.7481515697946645, ""bbox"": [477, 1000, 294, 32], ""reason"": ""全局UI布局异常；存在局部边缘拼接/像素涂抹痕迹"", ""bbox_overlap_check"": {""max_iou"": 0.0, ""risk_max_iou"": 0.0, ""overlapping_pairs"": [], ""box_count"": 5, ""anomalies"": []}, ""hard_tamper_flags"": {""bbox_iou"": false}, ""original_bbox"": [477, 1000, 771, 1032], ""field_type"": ""time"", ""field_label"": ""时间"", ""region_no"": 2}, {""result"": ""篡改"", ""confidence"": 0.7497527648535074, ""bbox"": [632, 940, 138, 33], ""reason"": ""全局UI布局异常；存在局部边缘拼接/像素涂抹痕迹"", ""bbox_overlap_check"": {""max_iou"": 0.0, ""risk_max_iou"": 0.0, ""overlapping_pairs"": [], ""box_count"": 5, ""anomalies"": []}, ""hard_tamper_flags"": {""bbox_iou"": false}, ""original_bbox"": [632, 940, 770, 973], ""field_type"": ""amount"", ""field_label"": ""金额"", ""region_no"": 3}, {""result"": ""篡改"", ""confidence"": 0.7608860966980875, ""bbox"": [670, 757, 101, 39], ""reason"": ""全局UI布局异常；存在局部边缘拼接/像素涂抹痕迹"", ""bbox_overlap_check"": {""max_iou"": 0.0, ""risk_max_iou"": 0.0, ""overlapping_pairs"": [], ""box_count"": 5, ""anomalies"": []}, ""hard_tamper_flags"": {""bbox_iou"": false}, ""original_bbox"": [670, 757, 771, 796], ""field_type"": ""name"", ""field_label"": ""姓名"", ""region_no"": 4}, {""result"": ""篡改"", ""confidence"": 0.7653828211298039, ""bbox"": [701, 638, 70, 37], ""reason"": ""全局UI布局异常；存在局部边缘拼接/像素涂抹痕迹"", ""bbox_overlap_check"": {""max_iou"": 0.0, ""risk_max_iou"": 0.0, ""overlapping_pairs"": [], ""box_count"": 5, ""anomalies"": []}, ""hard_tamper_flags"": {""bbox_iou"": false}, ""original_bbox"": [701, 638, 771, 675], ""field_type"": ""name"", ""field_label"": ""姓名"", ""region_no"": 5}]",0.215383,0.115383
independent,train,p (37).jpg,/home/quyu/PD_new/PD_max/app/ai_detection/images/tampered/p (37).jpg,篡改,篡改,0.780248642717686,True,5,31,981.2,全局UI布局异常；存在局部边缘拼接/像素涂抹痕迹,"[{""result"": ""篡改"", ""confidence"": 0.66, ""bbox"": [298, 407, 265, 54], ""reason"": ""全局UI布局异常"", ""bbox_overlap_check"": {""max_iou"": 0.0, ""risk_max_iou"": 0.0, ""overlapping_pairs"": [], ""box_count"": 5, ""anomalies"": []}, ""hard_tamper_flags"": {""bbox_iou"": false}, ""original_bbox"": [298, 407, 563, 461], ""field_type"": ""amount"", ""field_label"": ""金额"", ""region_no"": 1}, {""result"": ""篡改"", ""confidence"": 0.769448847695804, ""bbox"": [477, 1000, 293, 32], ""reason"": ""全局UI布局异常；存在局部边缘拼接/像素涂抹痕迹"", ""bbox_overlap_check"": {""max_iou"": 0.0, ""risk_max_iou"": 0.0, ""overlapping_pairs"": [], ""box_count"": 5, ""anomalies"": []}, ""hard_tamper_flags"": {""bbox_iou"": false}, ""original_bbox"": [477, 1000, 770, 1032], ""field_type"": ""time"", ""field_label"": ""时间"", ""region_no"": 2}, {""result"": ""篡改"", ""confidence"": 0.780248642717686, ""bbox"": [631, 940, 139, 33], ""reason"": ""全局UI布局异常；存在局部边缘拼接/像素涂抹痕迹"", ""bbox_overlap_check"": {""max_iou"": 0.0, ""risk_max_iou"": 0.0, ""overlapping_pairs"": [], ""box_count"": 5, ""anomalies"": []}, ""hard_tamper_flags"": {""bbox_iou"": false}, ""original_bbox"": [631, 940, 770, 973], ""field_type"": ""amount"", ""field_label"": ""金额"", ""region_no"": 3}, {""result"": ""篡改"", ""confidence"": 0.7645201595314515, ""bbox"": [701, 638, 70, 39], ""reason"": ""全局UI布局异常；存在局部边缘拼接/像素涂抹痕迹"", ""bbox_overlap_check"": {""max_iou"": 0.0, ""risk_max_iou"": 0.0, ""overlapping_pairs"": [], ""box_count"": 5, ""anomalies"": []}, ""hard_tamper_flags"": {""bbox_iou"": false}, ""original_bbox"": [701, 638, 771, 677], ""field_type"": ""name"", ""field_label"": ""姓名"", ""region_no"": 4}, {""result"": ""篡改"", ""confidence"": 0.7650365906161467, ""bbox"": [701, 759, 70, 37], ""reason"": ""全局UI布局异常；存在局部边缘拼接/像素涂抹痕迹"", ""bbox_overlap_check"": {""max_iou"": 0.0, ""risk_max_iou"": 0.0, ""overlapping_pairs"": [], ""box_count"": 5, ""anomalies"": []}, ""hard_tamper_flags"": {""bbox_iou"": false}, ""original_bbox"": [701, 759, 771, 796], ""field_type"": ""name"", ""field_label"": ""姓名"", ""region_no"": 5}]",0.230249,0.130249
independent,train,p (38).jpg,/home/quyu/PD_new/PD_max/app/ai_detection/images/tampered/p (38).jpg,篡改,篡改,0.7655638322556577,True,5,31,952.5,全局UI布局异常；存在局部边缘拼接/像素涂抹痕迹,"[{""result"": ""篡改"", ""confidence"": 0.66, ""bbox"": [299, 407, 264, 54], ""reason"": ""全局UI布局异常"", ""bbox_overlap_check"": {""max_iou"": 0.0, ""risk_max_iou"": 0.0, ""overlapping_pairs"": [], ""box_count"": 5, ""anomalies"": []}, ""hard_tamper_flags"": {""bbox_iou"": false}, ""original_bbox"": [299, 407, 563, 461], ""field_type"": ""amount"", ""field_label"": ""金额"", ""region_no"": 1}, {""result"": ""篡改"", ""confidence"": 0.7437808465588391, ""bbox"": [477, 1000, 294, 32], ""reason"": ""全局UI布局异常；存在局部边缘拼接/像素涂抹痕迹"", ""bbox_overlap_check"": {""max_iou"": 0.0, ""risk_max_iou"": 0.0, ""overlapping_pairs"": [], ""box_count"": 5, ""anomalies"": []}, ""hard_tamper_flags"": {""bbox_iou"": false}, ""original_bbox"": [477, 1000, 771, 1032], ""field_type"": ""time"", ""field_label"": ""时间"", ""region_no"": 2}, {""result"": ""篡改"", ""confidence"": 0.7520903220079147, ""bbox"": [632, 940, 139, 33], ""reason"": ""全局UI布局异常；存在局部边缘拼接/像素涂抹痕迹"", ""bbox_overlap_check"": {""max_iou"": 0.0, ""risk_max_iou"": 0.0, ""overlapping_pairs"": [], ""box_count"": 5, ""anomalies"": []}, ""hard_tamper_flags"": {""bbox_iou"": false}, ""original_bbox"": [632, 940, 771, 973], ""field_type"": ""amount"", ""field_label"": ""金额"", ""region_no"": 3}, {""result"": ""篡改"", ""confidence"": 0.7654126968138117, ""bbox"": [701, 638, 70, 37], ""reason"": ""全局UI布局异常；存在局部边缘拼接/像素涂抹痕迹"", ""bbox_overlap_check"": {""max_iou"": 0.0, ""risk_max_iou"": 0.0, ""overlapping_pairs"": [], ""box_count"": 5, ""anomalies"": []}, ""hard_tamper_flags"": {""bbox_iou"": false}, ""original_bbox"": [701, 638, 771, 675], ""field_type"": ""name"", ""field_label"": ""姓名"", ""region_no"": 4}, {""result"": ""篡改"", ""confidence"": 0.7655638322556577, ""bbox"": [700, 759, 68, 37], ""reason"": ""全局UI布局异常；存在局部边缘拼接/像素涂抹痕迹"", ""bbox_overlap_check"": {""max_iou"": 0.0, ""risk_max_iou"": 0.0, ""overlapping_pairs"": [], ""box_count"": 5, ""anomalies"": []}, ""hard_tamper_flags"": {""bbox_iou"": false}, ""original_bbox"": [700, 759, 768, 796], ""field_type"": ""name"", ""field_label"": ""姓名"", ""region_no"": 5}]",0.215564,0.115564
independent,train,p (39).jpg,/home/quyu/PD_new/PD_max/app/ai_detection/images/tampered/p (39).jpg,篡改,篡改,0.7797871156430454,True,5,31,932.6,全局UI布局异常；存在局部边缘拼接/像素涂抹痕迹,"[{""result"": ""篡改"", ""confidence"": 0.660605495296659, ""bbox"": [299, 407, 264, 54], ""reason"": ""全局UI布局异常"", ""bbox_overlap_check"": {""max_iou"": 0.0, ""risk_max_iou"": 0.0, ""overlapping_pairs"": [], ""box_count"": 5, ""anomalies"": []}, ""hard_tamper_flags"": {""bbox_iou"": false}, ""original_bbox"": [299, 407, 563, 461], ""field_type"": ""amount"", ""field_label"": ""金额"", ""region_no"": 1}, {""result"": ""篡改"", ""confidence"": 0.7412080980862501, ""bbox"": [477, 1000, 294, 32], ""reason"": ""全局UI布局异常；存在局部边缘拼接/像素涂抹痕迹"", ""bbox_overlap_check"": {""max_iou"": 0.0, ""risk_max_iou"": 0.0, ""overlapping_pairs"": [], ""box_count"": 5, ""anomalies"": []}, ""hard_tamper_flags"": {""bbox_iou"": false}, ""original_bbox"": [477, 1000, 771, 1032], ""field_type"": ""time"", ""field_label"": ""时间"", ""region_no"": 2}, {""result"": ""篡改"", ""confidence"": 0.7797871156430454, ""bbox"": [632, 940, 138, 33], ""reason"": ""全局UI布局异常；存在局部边缘拼接/像素涂抹痕迹"", ""bbox_overlap_check"": {""max_iou"": 0.0, ""risk_max_iou"": 0.0, ""overlapping_pairs"": [], ""box_count"": 5, ""anomalies"": []}, ""hard_tamper_flags"": {""bbox_iou"": false}, ""original_bbox"": [632, 940, 770, 973], ""field_type"": ""amount"", ""field_label"": ""金额"", ""region_no"": 3}, {""result"": ""篡改"", ""confidence"": 0.7651516995154595, ""bbox"": [701, 759, 69, 37], ""reason"": ""全局UI布局异常；存在局部边缘拼接/像素涂抹痕迹"", ""bbox_overlap_check"": {""max_iou"": 0.0, ""risk_max_iou"": 0.0, ""overlapping_pairs"": [], ""box_count"": 5, ""anomalies"": []}, ""hard_tamper_flags"": {""bbox_iou"": false}, ""original_bbox"": [701, 759, 770, 796], ""field_type"": ""name"", ""field_label"": ""姓名"", ""region_no"": 4}, {""result"": ""篡改"", ""confidence"": 0.7658621065653635, ""bbox"": [700, 638, 70, 36], ""reason"": ""全局UI布局异常；存在局部边缘拼接/像素涂抹痕迹"", ""bbox_overlap_check"": {""max_iou"": 0.0, ""risk_max_iou"": 0.0, ""overlapping_pairs"": [], ""box_count"": 5, ""anomalies"": []}, ""hard_tamper_flags"": {""bbox_iou"": false}, ""original_bbox"": [700, 638, 770, 674], ""field_type"": ""name"", ""field_label"": ""姓名"", ""region_no"": 5}]",0.229787,0.129787
independent,train,p (42).jpg,/home/quyu/PD_new/PD_max/app/ai_detection/images/tampered/p (42).jpg,篡改,篡改,0.7654259097093026,True,5,32,910.6,全局UI布局异常；存在局部边缘拼接/像素涂抹痕迹,"[{""result"": ""篡改"", ""confidence"": 0.66, ""bbox"": [298, 407, 265, 54], ""reason"": ""全局UI布局异常"", ""bbox_overlap_check"": {""max_iou"": 0.0, ""risk_max_iou"": 0.0, ""overlapping_pairs"": [], ""box_count"": 5, ""anomalies"": []}, ""hard_tamper_flags"": {""bbox_iou"": false}, ""original_bbox"": [298, 407, 563, 461], ""field_type"": ""amount"", ""field_label"": ""金额"", ""region_no"": 1}, {""result"": ""篡改"", ""confidence"": 0.732144332600886, ""bbox"": [477, 999, 293, 33], ""reason"": ""全局UI布局异常；存在局部边缘拼接/像素涂抹痕迹"", ""bbox_overlap_check"": {""max_iou"": 0.0, ""risk_max_iou"": 0.0, ""overlapping_pairs"": [], ""box_count"": 5, ""anomalies"": []}, ""hard_tamper_flags"": {""bbox_iou"": false}, ""original_bbox"": [477, 999, 770, 1032], ""field_type"": ""time"", ""field_label"": ""时间"", ""region_no"": 2}, {""result"": ""篡改"", ""confidence"": 0.7345310284766529, ""bbox"": [632, 940, 138, 33], ""reason"": ""全局UI布局异常；存在局部边缘拼接/像素涂抹痕迹"", ""bbox_overlap_check"": {""max_iou"": 0.0, ""risk_max_iou"": 0.0, ""overlapping_pairs"": [], ""box_count"": 5, ""anomalies"": []}, ""hard_tamper_flags"": {""bbox_iou"": false}, ""original_bbox"": [632, 940, 770, 973], ""field_type"": ""amount"", ""field_label"": ""金额"", ""region_no"": 3}, {""result"": ""篡改"", ""confidence"": 0.7654259097093026, ""bbox"": [700, 638, 70, 37], ""reason"": ""全局UI布局异常；存在局部边缘拼接/像素涂抹痕迹"", ""bbox_overlap_check"": {""max_iou"": 0.0, ""risk_max_iou"": 0.0, ""overlapping_pairs"": [], ""box_count"": 5, ""anomalies"": []}, ""hard_tamper_flags"": {""bbox_iou"": false}, ""original_bbox"": [700, 638, 770, 675], ""field_type"": ""name"", ""field_label"": ""姓名"", ""region_no"": 4}, {""result"": ""篡改"", ""confidence"": 0.7649828095873652, ""bbox"": [701, 759, 70, 37], ""reason"": ""全局UI布局异常；存在局部边缘拼接/像素涂抹痕迹"", ""bbox_overlap_check"": {""max_iou"": 0.0, ""risk_max_iou"": 0.0, ""overlapping_pairs"": [], ""box_count"": 5, ""anomalies"": []}, ""hard_tamper_flags"": {""bbox_iou"": false}, ""original_bbox"": [701, 759, 771, 796], ""field_type"": ""name"", ""field_label"": ""姓名"", ""region_no"": 5}]",0.215426,0.115426
independent,train,p (8).jpg,/home/quyu/PD_new/PD_max/app/ai_detection/images/tampered/p (8).jpg,篡改,篡改,0.7881910071162677,True,5,29,918.9,全局UI布局异常；存在局部边缘拼接/像素涂抹痕迹,"[{""result"": ""篡改"", ""confidence"": 0.66, ""bbox"": [298, 407, 265, 54], ""reason"": ""全局UI布局异常"", ""bbox_overlap_check"": {""max_iou"": 0.0, ""risk_max_iou"": 0.0, ""overlapping_pairs"": [], ""box_count"": 5, ""anomalies"": []}, ""hard_tamper_flags"": {""bbox_iou"": false}, ""original_bbox"": [298, 407, 563, 461], ""field_type"": ""amount"", ""field_label"": ""金额"", ""region_no"": 1}, {""result"": ""篡改"", ""confidence"": 0.7597547119159291, ""bbox"": [477, 1000, 293, 32], ""reason"": ""全局UI布局异常；存在局部边缘拼接/像素涂抹痕迹"", ""bbox_overlap_check"": {""max_iou"": 0.0, ""risk_max_iou"": 0.0, ""overlapping_pairs"": [], ""box_count"": 5, ""anomalies"": []}, ""hard_tamper_flags"": {""bbox_iou"": false}, ""original_bbox"": [477, 1000, 770, 1032], ""field_type"": ""time"", ""field_label"": ""时间"", ""region_no"": 2}, {""result"": ""篡改"", ""confidence"": 0.7881910071162677, ""bbox"": [632, 940, 139, 33], ""reason"": ""全局UI布局异常；存在局部边缘拼接/像素涂抹痕迹"", ""bbox_overlap_check"": {""max_iou"": 0.0, ""risk_max_iou"": 0.0, ""overlapping_pairs"": [], ""box_count"": 5, ""anomalies"": []}, ""hard_tamper_flags"": {""bbox_iou"": false}, ""original_bbox"": [632, 940, 771, 973], ""field_type"": ""amount"", ""field_label"": ""金额"", ""region_no"": 3}, {""result"": ""篡改"", ""confidence"": 0.7610278153766257, ""bbox"": [670, 757, 101, 39], ""reason"": ""全局UI布局异常；存在局部边缘拼接/像素涂抹痕迹"", ""bbox_overlap_check"": {""max_iou"": 0.0, ""risk_max_iou"": 0.0, ""overlapping_pairs"": [], ""box_count"": 5, ""anomalies"": []}, ""hard_tamper_flags"": {""bbox_iou"": false}, ""original_bbox"": [670, 757, 771, 796], ""field_type"": ""name"", ""field_label"": ""姓名"", ""region_no"": 4}, {""result"": ""篡改"", ""confidence"": 0.7657600355298606, ""bbox"": [700, 638, 70, 36], ""reason"": ""全局UI布局异常；存在局部边缘拼接/像素涂抹痕迹"", ""bbox_overlap_check"": {""max_iou"": 0.0, ""risk_max_iou"": 0.0, ""overlapping_pairs"": [], ""box_count"": 5, ""anomalies"": []}, ""hard_tamper_flags"": {""bbox_iou"": false}, ""original_bbox"": [700, 638, 770, 674], ""field_type"": ""name"", ""field_label"": ""姓名"", ""region_no"": 5}]",0.238191,0.138191
training_replay,train,pptest__ebe78fef76ed__111.png,/home/quyu/PD_new/PD_max/app/ai_detection/images/tampered/pptest__ebe78fef76ed__111.png,篡改,正常,0.07691552597875885,False,5,40,6403.3,文件体积/像素比异常(疑似工具导出)；局部字体风格异常,"[{""result"": ""正常"", ""confidence"": 0.020552054944640116, ""bbox"": [753, 1170, 473, 59], ""reason"": ""文件体积/像素比异常(疑似工具导出)；局部字体风格异常"", ""bbox_overlap_check"": {""max_iou"": 0.0, ""risk_max_iou"": 0.0, ""overlapping_pairs"": [], ""box_count"": 5, ""anomalies"": []}, ""hard_tamper_flags"": {""bbox_iou"": false}, ""original_bbox"": [753, 1170, 1226, 1229], ""field_type"": ""time"", ""field_label"": ""时间"", ""region_no"": 1}, {""result"": ""正常"", ""confidence"": 0.07691552597875885, ""bbox"": [745, 987, 395, 70], ""reason"": ""文件体积/像素比异常(疑似工具导出)；局部字体风格异常"", ""bbox_overlap_check"": {""max_iou"": 0.0, ""risk_max_iou"": 0.0, ""overlapping_pairs"": [], ""box_count"": 5, ""anomalies"": []}, ""hard_tamper_flags"": {""bbox_iou"": false}, ""original_bbox"": [745, 987, 1140, 1057], ""field_type"": ""amount"", ""field_label"": ""金额"", ""region_no"": 2}, {""result"": ""正常"", ""confidence"": 0.0, ""bbox"": [754, 1241, 475, 55], ""reason"": ""文件体积/像素比异常(疑似工具导出)"", ""bbox_overlap_check"": {""max_iou"": 0.0, ""risk_max_iou"": 0.0, ""overlapping_pairs"": [], ""box_count"": 5, ""anomalies"": []}, ""hard_tamper_flags"": {""bbox_iou"": false}, ""original_bbox"": [754, 1241, 1229, 1296], ""field_type"": ""time"", ""field_label"": ""时间"", ""region_no"": 3}, {""result"": ""正常"", ""confidence"": 0.0, ""bbox"": [1740, 672, 255, 70], ""reason"": ""文件体积/像素比异常(疑似工具导出)"", ""bbox_overlap_check"": {""max_iou"": 0.0, ""risk_max_iou"": 0.0, ""overlapping_pairs"": [], ""box_count"": 5, ""anomalies"": []}, ""hard_tamper_flags"": {""bbox_iou"": false}, ""original_bbox"": [1740, 672, 1995, 742], ""field_type"": ""amount"", ""field_label"": ""金额"", ""region_no"": 4}, {""result"": ""正常"", ""confidence"": 0.0, ""bbox"": [1812, 756, 106, 63], ""reason"": ""文件体积/像素比异常(疑似工具导出)"", ""bbox_overlap_check"": {""max_iou"": 0.0, ""risk_max_iou"": 0.0, ""overlapping_pairs"": [], ""box_count"": 5, ""anomalies"": []}, ""hard_tamper_flags"": {""bbox_iou"": false}, ""original_bbox"": [1812, 756, 1918, 819], ""field_type"": ""name"", ""field_label"": ""姓名"", ""region_no"": 5}]",-0.473084,-0.573084
training_replay,train,pptest__21a9066bff6a__92e595cffb63d039f10b271f23b180dd.png,/home/quyu/PD_new/PD_max/app/ai_detection/images/tampered/pptest__21a9066bff6a__92e595cffb63d039f10b271f23b180dd.png,篡改,正常,0.16859454178817518,False,3,45,2309.6,缺少EXIF且图像结构异常(疑似生成图),"[{""result"": ""正常"", ""confidence"": 0.07512528076331572, ""bbox"": [315, 361, 114, 23], ""reason"": ""缺少EXIF且图像结构异常(疑似生成图)"", ""bbox_overlap_check"": {""max_iou"": 0.0, ""risk_max_iou"": 0.0, ""overlapping_pairs"": [], ""box_count"": 3, ""anomalies"": []}, ""hard_tamper_flags"": {""bbox_iou"": false}, ""original_bbox"": [315, 361, 429, 384], ""field_type"": ""amount"", ""field_label"": ""金额"", ""region_no"": 1}, {""result"": ""正常"", ""confidence"": 0.06763826033144921, ""bbox"": [317, 414, 144, 18], ""reason"": ""缺少EXIF且图像结构异常(疑似生成图)"", ""bbox_overlap_check"": {""max_iou"": 0.0, ""risk_max_iou"": 0.0, ""overlapping_pairs"": [], ""box_count"": 3, ""anomalies"": []}, ""hard_tamper_flags"": {""bbox_iou"": false}, ""original_bbox"": [317, 414, 461, 432], ""field_type"": ""time"", ""field_label"": ""时间"", ""region_no"": 2}, {""result"": ""正常"", ""confidence"": 0.16859454178817518, ""bbox"": [611, 264, 82, 26], ""reason"": ""缺少EXIF且图像结构异常(疑似生成图)"", ""bbox_overlap_check"": {""max_iou"": 0.0, ""risk_max_iou"": 0.0, ""overlapping_pairs"": [], ""box_count"": 3, ""anomalies"": []}, ""hard_tamper_flags"": {""bbox_iou"": false}, ""original_bbox"": [611, 264, 693, 290], ""field_type"": ""amount"", ""field_label"": ""金额"", ""region_no"": 3}]",-0.381405,-0.481405
