cohort,split,filename,image_path,expected,result,confidence,strict_correct,roi_count,ocr_token_count,elapsed_ms,reason,regions_json,distance_to_suspicious,distance_to_tampered
fixed_regression,fixed_regression,p (29).jpg,/home/quyu/PD_new/PD_max/app/ai_detection/images/tampered/p (29).jpg,篡改,篡改,0.66,True,2,11,472.7,全局UI布局异常,"[{""result"": ""篡改"", ""confidence"": 0.66, ""bbox"": [365, 205, 325, 45], ""reason"": ""全局UI布局异常"", ""bbox_overlap_check"": {""max_iou"": 0.0, ""risk_max_iou"": 0.0, ""overlapping_pairs"": [], ""box_count"": 2, ""anomalies"": []}, ""hard_tamper_flags"": {""bbox_iou"": false}, ""original_bbox"": [365, 205, 690, 250], ""field_type"": ""amount"", ""field_label"": ""金额"", ""region_no"": 1}, {""result"": ""篡改"", ""confidence"": 0.66, ""bbox"": [72, 204, 280, 46], ""reason"": ""全局UI布局异常"", ""bbox_overlap_check"": {""max_iou"": 0.0, ""risk_max_iou"": 0.0, ""overlapping_pairs"": [], ""box_count"": 2, ""anomalies"": []}, ""hard_tamper_flags"": {""bbox_iou"": false}, ""original_bbox"": [72, 204, 352, 250], ""field_type"": ""amount"", ""field_label"": ""金额"", ""region_no"": 2}]",0.11,0.01
fixed_regression,fixed_regression,no (6).jpg,/home/quyu/PD_new/PD_max/app/ai_detection/images/normal/no (6).jpg,正常,正常,0.10772467256866744,True,1,48,1701.5,未检出明显篡改痕迹,"[{""result"": ""正常"", ""confidence"": 0.10772467256866744, ""bbox"": [389, 982, 106, 24], ""reason"": ""未检出明显篡改痕迹"", ""bbox_overlap_check"": {""max_iou"": 0.0, ""risk_max_iou"": 0.0, ""overlapping_pairs"": [], ""box_count"": 1, ""anomalies"": []}, ""hard_tamper_flags"": {""bbox_iou"": false}, ""original_bbox"": [389, 982, 495, 1006], ""field_type"": ""amount"", ""field_label"": ""金额"", ""region_no"": 1}]",-0.442275,-0.542275
fixed_regression,fixed_regression,no (7).jpg,/home/quyu/PD_new/PD_max/app/ai_detection/images/normal/no (7).jpg,正常,正常,0.10772467256866744,True,1,48,1459.2,未检出明显篡改痕迹,"[{""result"": ""正常"", ""confidence"": 0.10772467256866744, ""bbox"": [389, 982, 106, 24], ""reason"": ""未检出明显篡改痕迹"", ""bbox_overlap_check"": {""max_iou"": 0.0, ""risk_max_iou"": 0.0, ""overlapping_pairs"": [], ""box_count"": 1, ""anomalies"": []}, ""hard_tamper_flags"": {""bbox_iou"": false}, ""original_bbox"": [389, 982, 495, 1006], ""field_type"": ""amount"", ""field_label"": ""金额"", ""region_no"": 1}]",-0.442275,-0.542275
fixed_regression,fixed_regression,p (40).jpg,/home/quyu/PD_new/PD_max/app/ai_detection/images/tampered/p (40).jpg,篡改,篡改,0.6969896473479569,True,4,37,845.7,全局UI布局异常；存在局部边缘拼接/像素涂抹痕迹,"[{""result"": ""篡改"", ""confidence"": 0.6692092643400445, ""bbox"": [34, 356, 327, 84], ""reason"": ""全局UI布局异常；存在局部边缘拼接/像素涂抹痕迹"", ""bbox_overlap_check"": {""max_iou"": 0.0, ""risk_max_iou"": 0.0, ""overlapping_pairs"": [], ""box_count"": 4, ""anomalies"": []}, ""hard_tamper_flags"": {""bbox_iou"": false}, ""original_bbox"": [34, 356, 361, 440], ""field_type"": ""amount"", ""field_label"": ""金额"", ""region_no"": 1}, {""result"": ""篡改"", ""confidence"": 0.6759922612591724, ""bbox"": [268, 691, 342, 36], ""reason"": ""全局UI布局异常；存在局部边缘拼接/像素涂抹痕迹"", ""bbox_overlap_check"": {""max_iou"": 0.0, ""risk_max_iou"": 0.0, ""overlapping_pairs"": [], ""box_count"": 4, ""anomalies"": []}, ""hard_tamper_flags"": {""bbox_iou"": false}, ""original_bbox"": [268, 691, 610, 727], ""field_type"": ""time"", ""field_label"": ""时间"", ""region_no"": 2}, {""result"": ""篡改"", ""confidence"": 0.6787934581252415, ""bbox"": [269, 796, 343, 35], ""reason"": ""全局UI布局异常；存在局部边缘拼接/像素涂抹痕迹"", ""bbox_overlap_check"": {""max_iou"": 0.0, ""risk_max_iou"": 0.0, ""overlapping_pairs"": [], ""box_count"": 4, ""anomalies"": []}, ""hard_tamper_flags"": {""bbox_iou"": false}, ""original_bbox"": [269, 796, 612, 831], ""field_type"": ""time"", ""field_label"": ""时间"", ""region_no"": 3}, {""result"": ""篡改"", ""confidence"": 0.6969896473479569, ""bbox"": [270, 1002, 217, 43], ""reason"": ""全局UI布局异常；存在局部边缘拼接/像素涂抹痕迹"", ""bbox_overlap_check"": {""max_iou"": 0.0, ""risk_max_iou"": 0.0, ""overlapping_pairs"": [], ""box_count"": 4, ""anomalies"": []}, ""hard_tamper_flags"": {""bbox_iou"": false}, ""original_bbox"": [270, 1002, 487, 1045], ""field_type"": ""amount"", ""field_label"": ""金额"", ""region_no"": 4}]",0.14699,0.04699
fixed_regression,fixed_regression,p (30).jpg,/home/quyu/PD_new/PD_max/app/ai_detection/images/tampered/p (30).jpg,篡改,篡改,0.6858326669565599,True,2,28,676.2,全局UI布局异常；存在局部边缘拼接/像素涂抹痕迹,"[{""result"": ""篡改"", ""confidence"": 0.66, ""bbox"": [350, 451, 515, 131], ""reason"": ""全局UI布局异常"", ""bbox_overlap_check"": {""max_iou"": 0.0, ""risk_max_iou"": 0.0, ""overlapping_pairs"": [], ""box_count"": 2, ""anomalies"": []}, ""hard_tamper_flags"": {""bbox_iou"": false}, ""original_bbox"": [350, 451, 865, 582], ""field_type"": ""amount"", ""field_label"": ""金额"", ""region_no"": 1}, {""result"": ""篡改"", ""confidence"": 0.6858326669565599, ""bbox"": [556, 1577, 440, 53], ""reason"": ""全局UI布局异常；存在局部边缘拼接/像素涂抹痕迹"", ""bbox_overlap_check"": {""max_iou"": 0.0, ""risk_max_iou"": 0.0, ""overlapping_pairs"": [], ""box_count"": 2, ""anomalies"": []}, ""hard_tamper_flags"": {""bbox_iou"": false}, ""original_bbox"": [556, 1577, 996, 1630], ""field_type"": ""time"", ""field_label"": ""时间"", ""region_no"": 2}]",0.135833,0.035833
fixed_regression,fixed_regression,no (10).jpg,/home/quyu/PD_new/PD_max/app/ai_detection/images/normal/no (10).jpg,正常,正常,0.14012169015511836,True,2,57,1632.8,未检出明显篡改痕迹,"[{""result"": ""正常"", ""confidence"": 0.0, ""bbox"": [804, 463, 149, 21], ""reason"": ""未检出明显篡改痕迹"", ""bbox_overlap_check"": {""max_iou"": 0.0, ""risk_max_iou"": 0.0, ""overlapping_pairs"": [], ""box_count"": 2, ""anomalies"": []}, ""hard_tamper_flags"": {""bbox_iou"": false}, ""original_bbox"": [804, 463, 953, 484], ""field_type"": ""amount"", ""field_label"": ""金额"", ""region_no"": 1}, {""result"": ""正常"", ""confidence"": 0.14012169015511836, ""bbox"": [277, 680, 141, 21], ""reason"": ""未检出明显篡改痕迹"", ""bbox_overlap_check"": {""max_iou"": 0.0, ""risk_max_iou"": 0.0, ""overlapping_pairs"": [], ""box_count"": 2, ""anomalies"": []}, ""hard_tamper_flags"": {""bbox_iou"": false}, ""original_bbox"": [277, 680, 418, 701], ""field_type"": ""amount"", ""field_label"": ""金额"", ""region_no"": 2}]",-0.409878,-0.509878
fixed_regression,fixed_regression,no (2).jpg,/home/quyu/PD_new/PD_max/app/ai_detection/images/normal/no (2).jpg,正常,正常,0.13881034822450347,True,3,64,1813.9,未检出明显篡改痕迹,"[{""result"": ""正常"", ""confidence"": 0.0, ""bbox"": [295, 2556, 877, 54], ""reason"": ""未检出明显篡改痕迹"", ""bbox_overlap_check"": {""max_iou"": 0.0, ""risk_max_iou"": 0.0, ""overlapping_pairs"": [], ""box_count"": 3, ""anomalies"": []}, ""hard_tamper_flags"": {""bbox_iou"": false}, ""original_bbox"": [295, 2556, 1172, 2610], ""field_type"": ""amount"", ""field_label"": ""金额"", ""region_no"": 1}, {""result"": ""正常"", ""confidence"": 0.059865445082809804, ""bbox"": [324, 831, 164, 25], ""reason"": ""未检出明显篡改痕迹"", ""bbox_overlap_check"": {""max_iou"": 0.0, ""risk_max_iou"": 0.0, ""overlapping_pairs"": [], ""box_count"": 3, ""anomalies"": []}, ""hard_tamper_flags"": {""bbox_iou"": false}, ""original_bbox"": [324, 831, 488, 856], ""field_type"": ""amount"", ""field_label"": ""金额"", ""region_no"": 2}, {""result"": ""正常"", ""confidence"": 0.13881034822450347, ""bbox"": [715, 682, 123, 23], ""reason"": ""未检出明显篡改痕迹"", ""bbox_overlap_check"": {""max_iou"": 0.0, ""risk_max_iou"": 0.0, ""overlapping_pairs"": [], ""box_count"": 3, ""anomalies"": []}, ""hard_tamper_flags"": {""bbox_iou"": false}, ""original_bbox"": [715, 682, 838, 705], ""field_type"": ""amount"", ""field_label"": ""金额"", ""region_no"": 3}]",-0.41119,-0.51119
fixed_regression,fixed_regression,no (9).jpg,/home/quyu/PD_new/PD_max/app/ai_detection/images/normal/no (9).jpg,正常,正常,0.14012169015511836,True,2,57,1961.2,未检出明显篡改痕迹,"[{""result"": ""正常"", ""confidence"": 0.0, ""bbox"": [804, 463, 149, 21], ""reason"": ""未检出明显篡改痕迹"", ""bbox_overlap_check"": {""max_iou"": 0.0, ""risk_max_iou"": 0.0, ""overlapping_pairs"": [], ""box_count"": 2, ""anomalies"": []}, ""hard_tamper_flags"": {""bbox_iou"": false}, ""original_bbox"": [804, 463, 953, 484], ""field_type"": ""amount"", ""field_label"": ""金额"", ""region_no"": 1}, {""result"": ""正常"", ""confidence"": 0.14012169015511836, ""bbox"": [277, 680, 141, 21], ""reason"": ""未检出明显篡改痕迹"", ""bbox_overlap_check"": {""max_iou"": 0.0, ""risk_max_iou"": 0.0, ""overlapping_pairs"": [], ""box_count"": 2, ""anomalies"": []}, ""hard_tamper_flags"": {""bbox_iou"": false}, ""original_bbox"": [277, 680, 418, 701], ""field_type"": ""amount"", ""field_label"": ""金额"", ""region_no"": 2}]",-0.409878,-0.509878
fixed_regression,fixed_regression,p (4).jpg,/home/quyu/PD_new/PD_max/app/ai_detection/images/tampered/p (4).jpg,篡改,篡改,0.66,True,6,37,1588.5,全局UI布局异常；局部字体风格异常,"[{""result"": ""篡改"", ""confidence"": 0.66, ""bbox"": [115, 353, 941, 79], ""reason"": ""全局UI布局异常；局部字体风格异常"", ""bbox_overlap_check"": {""max_iou"": 0.0, ""risk_max_iou"": 0.0, ""overlapping_pairs"": [], ""box_count"": 6, ""anomalies"": []}, ""hard_tamper_flags"": {""bbox_iou"": false}, ""original_bbox"": [115, 353, 1056, 432], ""field_type"": ""amount"", ""field_label"": ""金额"", ""region_no"": 1}, {""result"": ""篡改"", ""confidence"": 0.66, ""bbox"": [595, 2191, 497, 70], ""reason"": ""全局UI布局异常"", ""bbox_overlap_check"": {""max_iou"": 0.0, ""risk_max_iou"": 0.0, ""overlapping_pairs"": [], ""box_count"": 6, ""anomalies"": []}, ""hard_tamper_flags"": {""bbox_iou"": false}, ""original_bbox"": [595, 2191, 1092, 2261], ""field_type"": ""amount"", ""field_label"": ""金额"", ""region_no"": 2}, {""result"": ""篡改"", ""confidence"": 0.66, ""bbox"": [119, 434, 465, 69], ""reason"": ""全局UI布局异常"", ""bbox_overlap_check"": {""max_iou"": 0.0, ""risk_max_iou"": 0.0, ""overlapping_pairs"": [], ""box_count"": 6, ""anomalies"": []}, ""hard_tamper_flags"": {""bbox_iou"": false}, ""original_bbox"": [119, 434, 584, 503], ""field_type"": ""amount"", ""field_label"": ""金额"", ""region_no"": 3}, {""result"": ""篡改"", ""confidence"": 0.66, ""bbox"": [119, 2191, 444, 68], ""reason"": ""全局UI布局异常"", ""bbox_overlap_check"": {""max_iou"": 0.0, ""risk_max_iou"": 0.0, ""overlapping_pairs"": [], ""box_count"": 6, ""anomalies"": []}, ""hard_tamper_flags"": {""bbox_iou"": false}, ""original_bbox"": [119, 2191, 563, 2259], ""field_type"": ""amount"", ""field_label"": ""金额"", ""region_no"": 4}, {""result"": ""篡改"", ""confidence"": 0.66, ""bbox"": [470, 1019, 324, 92], ""reason"": ""全局UI布局异常"", ""bbox_overlap_check"": {""max_iou"": 0.0, ""risk_max_iou"": 0.0, ""overlapping_pairs"": [], ""box_count"": 6, ""anomalies"": []}, ""hard_tamper_flags"": {""bbox_iou"": false}, ""original_bbox"": [470, 1019, 794, 1111], ""field_type"": ""amount"", ""field_label"": ""金额"", ""region_no"": 5}, {""result"": ""篡改"", ""confidence"": 0.66, ""bbox"": [116, 1341, 200, 55], ""reason"": ""全局UI布局异常"", ""bbox_overlap_check"": {""max_iou"": 0.0, ""risk_max_iou"": 0.0, ""overlapping_pairs"": [], ""box_count"": 6, ""anomalies"": []}, ""hard_tamper_flags"": {""bbox_iou"": false}, ""original_bbox"": [116, 1341, 316, 1396], ""field_type"": ""amount"", ""field_label"": ""金额"", ""region_no"": 6}]",0.11,0.01
fixed_regression,fixed_regression,p (13).jpg,/home/quyu/PD_new/PD_max/app/ai_detection/images/tampered/p (13).jpg,篡改,可疑,0.6338657201905842,False,6,32,1325.5,全局UI布局异常；存在局部边缘拼接/像素涂抹痕迹,"[{""result"": ""正常"", ""confidence"": 0.3505590925733152, ""bbox"": [333, 484, 607, 132], ""reason"": ""全局UI布局异常"", ""bbox_overlap_check"": {""max_iou"": 0.0, ""risk_max_iou"": 0.0, ""overlapping_pairs"": [], ""box_count"": 6, ""anomalies"": []}, ""hard_tamper_flags"": {""bbox_iou"": false}, ""original_bbox"": [333, 484, 940, 616], ""field_type"": ""amount"", ""field_label"": ""金额"", ""region_no"": 1}, {""result"": ""可疑"", ""confidence"": 0.6338657201905842, ""bbox"": [782, 822, 448, 54], ""reason"": ""全局UI布局异常；存在局部边缘拼接/像素涂抹痕迹"", ""bbox_overlap_check"": {""max_iou"": 0.0, ""risk_max_iou"": 0.0, ""overlapping_pairs"": [], ""box_count"": 6, ""anomalies"": []}, ""hard_tamper_flags"": {""bbox_iou"": false}, ""original_bbox"": [782, 822, 1230, 876], ""field_type"": ""time"", ""field_label"": ""时间"", ""region_no"": 2}, {""result"": ""正常"", ""confidence"": 0.338519438241984, ""bbox"": [460, 624, 358, 64], ""reason"": ""全局UI布局异常"", ""bbox_overlap_check"": {""max_iou"": 0.0, ""risk_max_iou"": 0.0, ""overlapping_pairs"": [], ""box_count"": 6, ""anomalies"": []}, ""hard_tamper_flags"": {""bbox_iou"": false}, ""original_bbox"": [460, 624, 818, 688], ""field_type"": ""amount"", ""field_label"": ""金额"", ""region_no"": 3}, {""result"": ""可疑"", ""confidence"": 0.5871245026113712, ""bbox"": [983, 1861, 248, 62], ""reason"": ""全局UI布局异常；存在局部边缘拼接/像素涂抹痕迹"", ""bbox_overlap_check"": {""max_iou"": 0.0, ""risk_max_iou"": 0.0, ""overlapping_pairs"": [], ""box_count"": 6, ""anomalies"": []}, ""hard_tamper_flags"": {""bbox_iou"": false}, ""original_bbox"": [983, 1861, 1231, 1923], ""field_type"": ""amount"", ""field_label"": ""金额"", ""region_no"": 4}, {""result"": ""可疑"", ""confidence"": 0.5833977680813288, ""bbox"": [987, 1473, 243, 58], ""reason"": ""全局UI布局异常；存在局部边缘拼接/像素涂抹痕迹"", ""bbox_overlap_check"": {""max_iou"": 0.0, ""risk_max_iou"": 0.0, ""overlapping_pairs"": [], ""box_count"": 6, ""anomalies"": []}, ""hard_tamper_flags"": {""bbox_iou"": false}, ""original_bbox"": [987, 1473, 1230, 1531], ""field_type"": ""amount"", ""field_label"": ""金额"", ""region_no"": 5}, {""result"": ""正常"", ""confidence"": 0.36377533165621845, ""bbox"": [1059, 1603, 171, 55], ""reason"": ""全局UI布局异常"", ""bbox_overlap_check"": {""max_iou"": 0.0, ""risk_max_iou"": 0.0, ""overlapping_pairs"": [], ""box_count"": 6, ""anomalies"": []}, ""hard_tamper_flags"": {""bbox_iou"": false}, ""original_bbox"": [1059, 1603, 1230, 1658], ""field_type"": ""amount"", ""field_label"": ""金额"", ""region_no"": 6}]",0.083866,-0.016134
fixed_regression,fixed_regression,p (31).jpg,/home/quyu/PD_new/PD_max/app/ai_detection/images/tampered/p (31).jpg,篡改,篡改,0.651829122637956,True,6,31,1169.5,全局UI布局异常；存在局部边缘拼接/像素涂抹痕迹,"[{""result"": ""正常"", ""confidence"": 0.35913981312935594, ""bbox"": [335, 484, 608, 132], ""reason"": ""全局UI布局异常"", ""bbox_overlap_check"": {""max_iou"": 0.0, ""risk_max_iou"": 0.0, ""overlapping_pairs"": [], ""box_count"": 6, ""anomalies"": []}, ""hard_tamper_flags"": {""bbox_iou"": false}, ""original_bbox"": [335, 484, 943, 616], ""field_type"": ""amount"", ""field_label"": ""金额"", ""region_no"": 1}, {""result"": ""篡改"", ""confidence"": 0.651829122637956, ""bbox"": [782, 822, 448, 54], ""reason"": ""全局UI布局异常；存在局部边缘拼接/像素涂抹痕迹"", ""bbox_overlap_check"": {""max_iou"": 0.0, ""risk_max_iou"": 0.0, ""overlapping_pairs"": [], ""box_count"": 6, ""anomalies"": []}, ""hard_tamper_flags"": {""bbox_iou"": false}, ""original_bbox"": [782, 822, 1230, 876], ""field_type"": ""time"", ""field_label"": ""时间"", ""region_no"": 2}, {""result"": ""正常"", ""confidence"": 0.34713424871385795, ""bbox"": [460, 624, 358, 64], ""reason"": ""全局UI布局异常"", ""bbox_overlap_check"": {""max_iou"": 0.0, ""risk_max_iou"": 0.0, ""overlapping_pairs"": [], ""box_count"": 6, ""anomalies"": []}, ""hard_tamper_flags"": {""bbox_iou"": false}, ""original_bbox"": [460, 624, 818, 688], ""field_type"": ""amount"", ""field_label"": ""金额"", ""region_no"": 3}, {""result"": ""可疑"", ""confidence"": 0.605038948365346, ""bbox"": [986, 1861, 245, 63], ""reason"": ""全局UI布局异常；存在局部边缘拼接/像素涂抹痕迹"", ""bbox_overlap_check"": {""max_iou"": 0.0, ""risk_max_iou"": 0.0, ""overlapping_pairs"": [], ""box_count"": 6, ""anomalies"": []}, ""hard_tamper_flags"": {""bbox_iou"": false}, ""original_bbox"": [986, 1861, 1231, 1924], ""field_type"": ""amount"", ""field_label"": ""金额"", ""region_no"": 4}, {""result"": ""可疑"", ""confidence"": 0.5982955960399508, ""bbox"": [986, 1602, 245, 62], ""reason"": ""全局UI布局异常；存在局部边缘拼接/像素涂抹痕迹"", ""bbox_overlap_check"": {""max_iou"": 0.0, ""risk_max_iou"": 0.0, ""overlapping_pairs"": [], ""box_count"": 6, ""anomalies"": []}, ""hard_tamper_flags"": {""bbox_iou"": false}, ""original_bbox"": [986, 1602, 1231, 1664], ""field_type"": ""amount"", ""field_label"": ""金额"", ""region_no"": 5}, {""result"": ""可疑"", ""confidence"": 0.5909381147218269, ""bbox"": [987, 1473, 243, 58], ""reason"": ""全局UI布局异常；存在局部边缘拼接/像素涂抹痕迹"", ""bbox_overlap_check"": {""max_iou"": 0.0, ""risk_max_iou"": 0.0, ""overlapping_pairs"": [], ""box_count"": 6, ""anomalies"": []}, ""hard_tamper_flags"": {""bbox_iou"": false}, ""original_bbox"": [987, 1473, 1230, 1531], ""field_type"": ""amount"", ""field_label"": ""金额"", ""region_no"": 6}]",0.101829,0.001829
fixed_regression,fixed_regression,no (4).jpg,/home/quyu/PD_new/PD_max/app/ai_detection/images/normal/no (4).jpg,正常,正常,0.4419823549645165,True,2,23,582.8,存在局部边缘拼接/像素涂抹痕迹,"[{""result"": ""正常"", ""confidence"": 0.36290783226786566, ""bbox"": [308, 382, 509, 105], ""reason"": ""存在局部边缘拼接/像素涂抹痕迹"", ""bbox_overlap_check"": {""max_iou"": 0.0, ""risk_max_iou"": 0.0, ""overlapping_pairs"": [], ""box_count"": 2, ""anomalies"": []}, ""hard_tamper_flags"": {""bbox_iou"": false}, ""original_bbox"": [308, 382, 817, 487], ""field_type"": ""amount"", ""field_label"": ""金额"", ""region_no"": 1}, {""result"": ""正常"", ""confidence"": 0.4419823549645165, ""bbox"": [625, 999, 408, 42], ""reason"": ""存在局部边缘拼接/像素涂抹痕迹"", ""bbox_overlap_check"": {""max_iou"": 0.0, ""risk_max_iou"": 0.0, ""overlapping_pairs"": [], ""box_count"": 2, ""anomalies"": []}, ""hard_tamper_flags"": {""bbox_iou"": false}, ""original_bbox"": [625, 999, 1033, 1041], ""field_type"": ""time"", ""field_label"": ""时间"", ""region_no"": 2}]",-0.108018,-0.208018
fixed_regression,fixed_regression,no (3).jpg,/home/quyu/PD_new/PD_max/app/ai_detection/images/normal/no (3).jpg,正常,正常,0.15316059282168526,True,2,59,1923.9,未检出明显篡改痕迹,"[{""result"": ""正常"", ""confidence"": 0.15316059282168526, ""bbox"": [312, 895, 160, 26], ""reason"": ""未检出明显篡改痕迹"", ""bbox_overlap_check"": {""max_iou"": 0.0, ""risk_max_iou"": 0.0, ""overlapping_pairs"": [], ""box_count"": 2, ""anomalies"": []}, ""hard_tamper_flags"": {""bbox_iou"": false}, ""original_bbox"": [312, 895, 472, 921], ""field_type"": ""amount"", ""field_label"": ""金额"", ""region_no"": 1}, {""result"": ""正常"", ""confidence"": 0.06548171519674721, ""bbox"": [312, 964, 175, 23], ""reason"": ""未检出明显篡改痕迹"", ""bbox_overlap_check"": {""max_iou"": 0.0, ""risk_max_iou"": 0.0, ""overlapping_pairs"": [], ""box_count"": 2, ""anomalies"": []}, ""hard_tamper_flags"": {""bbox_iou"": false}, ""original_bbox"": [312, 964, 487, 987], ""field_type"": ""amount"", ""field_label"": ""金额"", ""region_no"": 2}]",-0.396839,-0.496839
fixed_regression,fixed_regression,p (24).jpg,/home/quyu/PD_new/PD_max/app/ai_detection/images/tampered/p (24).jpg,篡改,篡改,0.6639219619516941,True,3,22,770.3,全局UI布局异常；存在局部边缘拼接/像素涂抹痕迹,"[{""result"": ""篡改"", ""confidence"": 0.6639219619516941, ""bbox"": [483, 527, 432, 109], ""reason"": ""全局UI布局异常；存在局部边缘拼接/像素涂抹痕迹"", ""bbox_overlap_check"": {""max_iou"": 0.0, ""risk_max_iou"": 0.0, ""overlapping_pairs"": [], ""box_count"": 3, ""anomalies"": []}, ""hard_tamper_flags"": {""bbox_iou"": false}, ""original_bbox"": [483, 527, 915, 636], ""field_type"": ""amount"", ""field_label"": ""金额"", ""region_no"": 1}, {""result"": ""篡改"", ""confidence"": 0.66, ""bbox"": [584, 1138, 547, 54], ""reason"": ""全局UI布局异常；存在局部边缘拼接/像素涂抹痕迹"", ""bbox_overlap_check"": {""max_iou"": 0.0, ""risk_max_iou"": 0.0, ""overlapping_pairs"": [], ""box_count"": 3, ""anomalies"": []}, ""hard_tamper_flags"": {""bbox_iou"": false}, ""original_bbox"": [584, 1138, 1131, 1192], ""field_type"": ""time"", ""field_label"": ""时间"", ""region_no"": 2}, {""result"": ""篡改"", ""confidence"": 0.6630948155411323, ""bbox"": [445, 678, 336, 54], ""reason"": ""全局UI布局异常；存在局部边缘拼接/像素涂抹痕迹"", ""bbox_overlap_check"": {""max_iou"": 0.0, ""risk_max_iou"": 0.0, ""overlapping_pairs"": [], ""box_count"": 3, ""anomalies"": []}, ""hard_tamper_flags"": {""bbox_iou"": false}, ""original_bbox"": [445, 678, 781, 732], ""field_type"": ""amount"", ""field_label"": ""金额"", ""region_no"": 3}]",0.113922,0.013922
fixed_regression,fixed_regression,no (11).jpg,/home/quyu/PD_new/PD_max/app/ai_detection/images/normal/no (11).jpg,正常,正常,0.17263905716996772,True,4,54,2111.1,未检出明显篡改痕迹,"[{""result"": ""正常"", ""confidence"": 0.10933844077773207, ""bbox"": [254, 695, 654, 33], ""reason"": ""未检出明显篡改痕迹"", ""bbox_overlap_check"": {""max_iou"": 0.0, ""risk_max_iou"": 0.0, ""overlapping_pairs"": [], ""box_count"": 4, ""anomalies"": []}, ""hard_tamper_flags"": {""bbox_iou"": false}, ""original_bbox"": [254, 695, 908, 728], ""field_type"": ""name"", ""field_label"": ""姓名"", ""region_no"": 1}, {""result"": ""正常"", ""confidence"": 0.08694490165422739, ""bbox"": [222, 885, 215, 34], ""reason"": ""局部字体风格异常"", ""bbox_overlap_check"": {""max_iou"": 0.0, ""risk_max_iou"": 0.0, ""overlapping_pairs"": [], ""box_count"": 4, ""anomalies"": []}, ""hard_tamper_flags"": {""bbox_iou"": false}, ""original_bbox"": [222, 885, 437, 919], ""field_type"": ""amount"", ""field_label"": ""金额"", ""region_no"": 2}, {""result"": ""正常"", ""confidence"": 0.11305578920003827, ""bbox"": [222, 1022, 234, 31], ""reason"": ""未检出明显篡改痕迹"", ""bbox_overlap_check"": {""max_iou"": 0.0, ""risk_max_iou"": 0.0, ""overlapping_pairs"": [], ""box_count"": 4, ""anomalies"": []}, ""hard_tamper_flags"": {""bbox_iou"": false}, ""original_bbox"": [222, 1022, 456, 1053], ""field_type"": ""time"", ""field_label"": ""时间"", ""region_no"": 3}, {""result"": ""正常"", ""confidence"": 0.17263905716996772, ""bbox"": [223, 977, 232, 27], ""reason"": ""未检出明显篡改痕迹"", ""bbox_overlap_check"": {""max_iou"": 0.0, ""risk_max_iou"": 0.0, ""overlapping_pairs"": [], ""box_count"": 4, ""anomalies"": []}, ""hard_tamper_flags"": {""bbox_iou"": false}, ""original_bbox"": [223, 977, 455, 1004], ""field_type"": ""time"", ""field_label"": ""时间"", ""region_no"": 4}]",-0.377361,-0.477361
fixed_regression,fixed_regression,p (12).jpg,/home/quyu/PD_new/PD_max/app/ai_detection/images/tampered/p (12).jpg,篡改,篡改,0.7563112193039923,True,6,39,1494.0,全局UI布局异常；存在局部边缘拼接/像素涂抹痕迹,"[{""result"": ""篡改"", ""confidence"": 0.66, ""bbox"": [541, 2113, 560, 71], ""reason"": ""全局UI布局异常"", ""bbox_overlap_check"": {""max_iou"": 0.0, ""risk_max_iou"": 0.0, ""overlapping_pairs"": [], ""box_count"": 6, ""anomalies"": []}, ""hard_tamper_flags"": {""bbox_iou"": false}, ""original_bbox"": [541, 2113, 1101, 2184], ""field_type"": ""amount"", ""field_label"": ""金额"", ""region_no"": 1}, {""result"": ""篡改"", ""confidence"": 0.66, ""bbox"": [466, 940, 321, 93], ""reason"": ""全局UI布局异常"", ""bbox_overlap_check"": {""max_iou"": 0.0, ""risk_max_iou"": 0.0, ""overlapping_pairs"": [], ""box_count"": 6, ""anomalies"": []}, ""hard_tamper_flags"": {""bbox_iou"": false}, ""original_bbox"": [466, 940, 787, 1033], ""field_type"": ""amount"", ""field_label"": ""金额"", ""region_no"": 2}, {""result"": ""篡改"", ""confidence"": 0.66, ""bbox"": [116, 2113, 393, 68], ""reason"": ""全局UI布局异常"", ""bbox_overlap_check"": {""max_iou"": 0.0, ""risk_max_iou"": 0.0, ""overlapping_pairs"": [], ""box_count"": 6, ""anomalies"": []}, ""hard_tamper_flags"": {""bbox_iou"": false}, ""original_bbox"": [116, 2113, 509, 2181], ""field_type"": ""amount"", ""field_label"": ""金额"", ""region_no"": 3}, {""result"": ""篡改"", ""confidence"": 0.66, ""bbox"": [115, 1259, 199, 60], ""reason"": ""全局UI布局异常"", ""bbox_overlap_check"": {""max_iou"": 0.0, ""risk_max_iou"": 0.0, ""overlapping_pairs"": [], ""box_count"": 6, ""anomalies"": []}, ""hard_tamper_flags"": {""bbox_iou"": false}, ""original_bbox"": [115, 1259, 314, 1319], ""field_type"": ""amount"", ""field_label"": ""金额"", ""region_no"": 4}, {""result"": ""篡改"", ""confidence"": 0.66, ""bbox"": [632, 1130, 179, 53], ""reason"": ""全局UI布局异常"", ""bbox_overlap_check"": {""max_iou"": 0.0, ""risk_max_iou"": 0.0, ""overlapping_pairs"": [], ""box_count"": 6, ""anomalies"": []}, ""hard_tamper_flags"": {""bbox_iou"": false}, ""original_bbox"": [632, 1130, 811, 1183], ""field_type"": ""amount"", ""field_label"": ""金额"", ""region_no"": 5}, {""result"": ""篡改"", ""confidence"": 0.7563112193039923, ""bbox"": [372, 249, 146, 52], ""reason"": ""全局UI布局异常；存在局部边缘拼接/像素涂抹痕迹"", ""bbox_overlap_check"": {""max_iou"": 0.0, ""risk_max_iou"": 0.0, ""overlapping_pairs"": [], ""box_count"": 6, ""anomalies"": []}, ""hard_tamper_flags"": {""bbox_iou"": false}, ""original_bbox"": [372, 249, 518, 301], ""field_type"": ""amount"", ""field_label"": ""金额"", ""region_no"": 6}]",0.206311,0.106311
fixed_regression,fixed_regression,p (14).jpg,/home/quyu/PD_new/PD_max/app/ai_detection/images/tampered/p (14).jpg,篡改,篡改,0.6757362089572604,True,1,4,228.0,全局UI布局异常；局部字体风格异常,"[{""result"": ""篡改"", ""confidence"": 0.6757362089572604, ""bbox"": [82, 192, 265, 51], ""reason"": ""全局UI布局异常；局部字体风格异常"", ""bbox_overlap_check"": {""max_iou"": 0.0, ""risk_max_iou"": 0.0, ""overlapping_pairs"": [], ""box_count"": 1, ""anomalies"": []}, ""hard_tamper_flags"": {""bbox_iou"": false}, ""original_bbox"": [82, 192, 347, 243], ""field_type"": ""amount"", ""field_label"": ""金额"", ""region_no"": 1}]",0.125736,0.025736
fixed_regression,fixed_regression,p (43).jpg,/home/quyu/PD_new/PD_max/app/ai_detection/images/tampered/p (43).jpg,篡改,篡改,0.6748986197158684,True,1,4,238.3,全局UI布局异常；局部字体风格异常,"[{""result"": ""篡改"", ""confidence"": 0.6748986197158684, ""bbox"": [82, 193, 264, 49], ""reason"": ""全局UI布局异常；局部字体风格异常"", ""bbox_overlap_check"": {""max_iou"": 0.0, ""risk_max_iou"": 0.0, ""overlapping_pairs"": [], ""box_count"": 1, ""anomalies"": []}, ""hard_tamper_flags"": {""bbox_iou"": false}, ""original_bbox"": [82, 193, 346, 242], ""field_type"": ""amount"", ""field_label"": ""金额"", ""region_no"": 1}]",0.124899,0.024899
fixed_regression,fixed_regression,no (12).jpg,/home/quyu/PD_new/PD_max/app/ai_detection/images/normal/no (12).jpg,正常,正常,0.459504222235671,True,4,34,880.6,存在局部边缘拼接/像素涂抹痕迹,"[{""result"": ""正常"", ""confidence"": 0.39430849570873194, ""bbox"": [322, 565, 435, 97], ""reason"": ""存在局部边缘拼接/像素涂抹痕迹"", ""bbox_overlap_check"": {""max_iou"": 0.0, ""risk_max_iou"": 0.0, ""overlapping_pairs"": [], ""box_count"": 4, ""anomalies"": []}, ""hard_tamper_flags"": {""bbox_iou"": false}, ""original_bbox"": [322, 565, 757, 662], ""field_type"": ""amount"", ""field_label"": ""金额"", ""region_no"": 1}, {""result"": ""正常"", ""confidence"": 0.459504222235671, ""bbox"": [88, 1387, 568, 49], ""reason"": ""存在局部边缘拼接/像素涂抹痕迹"", ""bbox_overlap_check"": {""max_iou"": 0.0, ""risk_max_iou"": 0.0, ""overlapping_pairs"": [], ""box_count"": 4, ""anomalies"": []}, ""hard_tamper_flags"": {""bbox_iou"": false}, ""original_bbox"": [88, 1387, 656, 1436], ""field_type"": ""amount"", ""field_label"": ""金额"", ""region_no"": 2}, {""result"": ""正常"", ""confidence"": 0.0840435176043658, ""bbox"": [334, 896, 382, 53], ""reason"": ""未检出明显篡改痕迹"", ""bbox_overlap_check"": {""max_iou"": 0.0, ""risk_max_iou"": 0.0, ""overlapping_pairs"": [], ""box_count"": 4, ""anomalies"": []}, ""hard_tamper_flags"": {""bbox_iou"": false}, ""original_bbox"": [334, 896, 716, 949], ""field_type"": ""name"", ""field_label"": ""姓名"", ""region_no"": 3}, {""result"": ""正常"", ""confidence"": 0.38589724395740466, ""bbox"": [333, 811, 352, 41], ""reason"": ""存在局部边缘拼接/像素涂抹痕迹"", ""bbox_overlap_check"": {""max_iou"": 0.0, ""risk_max_iou"": 0.0, ""overlapping_pairs"": [], ""box_count"": 4, ""anomalies"": []}, ""hard_tamper_flags"": {""bbox_iou"": false}, ""original_bbox"": [333, 811, 685, 852], ""field_type"": ""time"", ""field_label"": ""时间"", ""region_no"": 4}]",-0.090496,-0.190496
fixed_regression,fixed_regression,no (5).jpg,/home/quyu/PD_new/PD_max/app/ai_detection/images/normal/no (5).jpg,正常,正常,0.3931866503978404,True,3,25,811.8,存在局部边缘拼接/像素涂抹痕迹,"[{""result"": ""正常"", ""confidence"": 0.35598287392270506, ""bbox"": [140, 1119, 992, 65], ""reason"": ""存在局部边缘拼接/像素涂抹痕迹"", ""bbox_overlap_check"": {""max_iou"": 0.2056, ""risk_max_iou"": 0.0, ""overlapping_pairs"": [], ""box_count"": 3, ""anomalies"": []}, ""hard_tamper_flags"": {""bbox_iou"": false}, ""original_bbox"": [140, 1119, 1132, 1184], ""field_type"": ""amount"", ""field_label"": ""金额"", ""region_no"": 1}, {""result"": ""正常"", ""confidence"": 0.3931866503978404, ""bbox"": [876, 1757, 256, 54], ""reason"": ""存在局部边缘拼接/像素涂抹痕迹"", ""bbox_overlap_check"": {""max_iou"": 0.2056, ""risk_max_iou"": 0.0, ""overlapping_pairs"": [], ""box_count"": 3, ""anomalies"": []}, ""hard_tamper_flags"": {""bbox_iou"": false}, ""original_bbox"": [876, 1757, 1132, 1811], ""field_type"": ""amount"", ""field_label"": ""金额"", ""region_no"": 2}, {""result"": ""正常"", ""confidence"": 0.3706267960303174, ""bbox"": [891, 1125, 241, 55], ""reason"": ""存在局部边缘拼接/像素涂抹痕迹"", ""bbox_overlap_check"": {""max_iou"": 0.2056, ""risk_max_iou"": 0.0, ""overlapping_pairs"": [], ""box_count"": 3, ""anomalies"": []}, ""hard_tamper_flags"": {""bbox_iou"": false}, ""original_bbox"": [891, 1125, 1132, 1180], ""field_type"": ""amount"", ""field_label"": ""金额"", ""region_no"": 3}]",-0.156813,-0.256813
fixed_regression,fixed_regression,p (2).jpg,/home/quyu/PD_new/PD_max/app/ai_detection/images/tampered/p (2).jpg,篡改,篡改,0.66,True,3,25,962.8,全局UI布局异常；存在局部边缘拼接/像素涂抹痕迹,"[{""result"": ""篡改"", ""confidence"": 0.66, ""bbox"": [140, 1119, 992, 65], ""reason"": ""全局UI布局异常；存在局部边缘拼接/像素涂抹痕迹"", ""bbox_overlap_check"": {""max_iou"": 0.2056, ""risk_max_iou"": 0.0, ""overlapping_pairs"": [], ""box_count"": 3, ""anomalies"": []}, ""hard_tamper_flags"": {""bbox_iou"": false}, ""original_bbox"": [140, 1119, 1132, 1184], ""field_type"": ""amount"", ""field_label"": ""金额"", ""region_no"": 1}, {""result"": ""篡改"", ""confidence"": 0.66, ""bbox"": [876, 1755, 256, 56], ""reason"": ""全局UI布局异常；存在局部边缘拼接/像素涂抹痕迹"", ""bbox_overlap_check"": {""max_iou"": 0.2056, ""risk_max_iou"": 0.0, ""overlapping_pairs"": [], ""box_count"": 3, ""anomalies"": []}, ""hard_tamper_flags"": {""bbox_iou"": false}, ""original_bbox"": [876, 1755, 1132, 1811], ""field_type"": ""amount"", ""field_label"": ""金额"", ""region_no"": 2}, {""result"": ""篡改"", ""confidence"": 0.66, ""bbox"": [891, 1125, 241, 55], ""reason"": ""全局UI布局异常；存在局部边缘拼接/像素涂抹痕迹"", ""bbox_overlap_check"": {""max_iou"": 0.2056, ""risk_max_iou"": 0.0, ""overlapping_pairs"": [], ""box_count"": 3, ""anomalies"": []}, ""hard_tamper_flags"": {""bbox_iou"": false}, ""original_bbox"": [891, 1125, 1132, 1180], ""field_type"": ""amount"", ""field_label"": ""金额"", ""region_no"": 3}]",0.11,0.01
fixed_regression,fixed_regression,p (16).jpg,/home/quyu/PD_new/PD_max/app/ai_detection/images/tampered/p (16).jpg,篡改,篡改,0.8053377676375835,True,2,27,776.0,全局UI布局异常；存在局部边缘拼接/像素涂抹痕迹,"[{""result"": ""篡改"", ""confidence"": 0.6956437619296978, ""bbox"": [406, 489, 554, 135], ""reason"": ""全局UI布局异常"", ""bbox_overlap_check"": {""max_iou"": 0.0, ""risk_max_iou"": 0.0, ""overlapping_pairs"": [], ""box_count"": 2, ""anomalies"": []}, ""hard_tamper_flags"": {""bbox_iou"": false}, ""original_bbox"": [406, 489, 960, 624], ""field_type"": ""amount"", ""field_label"": ""金额"", ""region_no"": 1}, {""result"": ""篡改"", ""confidence"": 0.8053377676375835, ""bbox"": [745, 1206, 485, 51], ""reason"": ""全局UI布局异常；存在局部边缘拼接/像素涂抹痕迹"", ""bbox_overlap_check"": {""max_iou"": 0.0, ""risk_max_iou"": 0.0, ""overlapping_pairs"": [], ""box_count"": 2, ""anomalies"": []}, ""hard_tamper_flags"": {""bbox_iou"": false}, ""original_bbox"": [745, 1206, 1230, 1257], ""field_type"": ""time"", ""field_label"": ""时间"", ""region_no"": 2}]",0.255338,0.155338
fixed_regression,fixed_regression,p (20).jpg,/home/quyu/PD_new/PD_max/app/ai_detection/images/tampered/p (20).jpg,篡改,篡改,0.7453211182166299,True,2,26,740.8,全局UI布局异常；存在局部边缘拼接/像素涂抹痕迹,"[{""result"": ""篡改"", ""confidence"": 0.6837861356717273, ""bbox"": [393, 490, 566, 133], ""reason"": ""全局UI布局异常"", ""bbox_overlap_check"": {""max_iou"": 0.0, ""risk_max_iou"": 0.0, ""overlapping_pairs"": [], ""box_count"": 2, ""anomalies"": []}, ""hard_tamper_flags"": {""bbox_iou"": false}, ""original_bbox"": [393, 490, 959, 623], ""field_type"": ""amount"", ""field_label"": ""金额"", ""region_no"": 1}, {""result"": ""篡改"", ""confidence"": 0.7453211182166299, ""bbox"": [745, 1206, 488, 51], ""reason"": ""全局UI布局异常；存在局部边缘拼接/像素涂抹痕迹"", ""bbox_overlap_check"": {""max_iou"": 0.0, ""risk_max_iou"": 0.0, ""overlapping_pairs"": [], ""box_count"": 2, ""anomalies"": []}, ""hard_tamper_flags"": {""bbox_iou"": false}, ""original_bbox"": [745, 1206, 1233, 1257], ""field_type"": ""time"", ""field_label"": ""时间"", ""region_no"": 2}]",0.195321,0.095321
fixed_regression,fixed_regression,p (22).jpg,/home/quyu/PD_new/PD_max/app/ai_detection/images/tampered/p (22).jpg,篡改,篡改,0.7982871551554782,True,2,27,785.2,全局UI布局异常；存在局部边缘拼接/像素涂抹痕迹,"[{""result"": ""篡改"", ""confidence"": 0.6881359687704631, ""bbox"": [406, 475, 558, 154], ""reason"": ""全局UI布局异常"", ""bbox_overlap_check"": {""max_iou"": 0.0, ""risk_max_iou"": 0.0, ""overlapping_pairs"": [], ""box_count"": 2, ""anomalies"": []}, ""hard_tamper_flags"": {""bbox_iou"": false}, ""original_bbox"": [406, 475, 964, 629], ""field_type"": ""amount"", ""field_label"": ""金额"", ""region_no"": 1}, {""result"": ""篡改"", ""confidence"": 0.7982871551554782, ""bbox"": [745, 1206, 485, 51], ""reason"": ""全局UI布局异常；存在局部边缘拼接/像素涂抹痕迹"", ""bbox_overlap_check"": {""max_iou"": 0.0, ""risk_max_iou"": 0.0, ""overlapping_pairs"": [], ""box_count"": 2, ""anomalies"": []}, ""hard_tamper_flags"": {""bbox_iou"": false}, ""original_bbox"": [745, 1206, 1230, 1257], ""field_type"": ""time"", ""field_label"": ""时间"", ""region_no"": 2}]",0.248287,0.148287
fixed_regression,fixed_regression,p (26).jpg,/home/quyu/PD_new/PD_max/app/ai_detection/images/tampered/p (26).jpg,篡改,篡改,0.7889988993600789,True,2,26,725.6,全局UI布局异常；存在局部边缘拼接/像素涂抹痕迹,"[{""result"": ""篡改"", ""confidence"": 0.685357426500614, ""bbox"": [402, 489, 557, 139], ""reason"": ""全局UI布局异常"", ""bbox_overlap_check"": {""max_iou"": 0.0, ""risk_max_iou"": 0.0, ""overlapping_pairs"": [], ""box_count"": 2, ""anomalies"": []}, ""hard_tamper_flags"": {""bbox_iou"": false}, ""original_bbox"": [402, 489, 959, 628], ""field_type"": ""amount"", ""field_label"": ""金额"", ""region_no"": 1}, {""result"": ""篡改"", ""confidence"": 0.7889988993600789, ""bbox"": [745, 1206, 485, 51], ""reason"": ""全局UI布局异常；存在局部边缘拼接/像素涂抹痕迹"", ""bbox_overlap_check"": {""max_iou"": 0.0, ""risk_max_iou"": 0.0, ""overlapping_pairs"": [], ""box_count"": 2, ""anomalies"": []}, ""hard_tamper_flags"": {""bbox_iou"": false}, ""original_bbox"": [745, 1206, 1230, 1257], ""field_type"": ""time"", ""field_label"": ""时间"", ""region_no"": 2}]",0.238999,0.138999
fixed_regression,fixed_regression,p (32).jpg,/home/quyu/PD_new/PD_max/app/ai_detection/images/tampered/p (32).jpg,篡改,篡改,0.7036442250883103,True,2,26,681.5,全局UI布局异常；存在局部边缘拼接/像素涂抹痕迹,"[{""result"": ""篡改"", ""confidence"": 0.66, ""bbox"": [395, 449, 511, 124], ""reason"": ""全局UI布局异常"", ""bbox_overlap_check"": {""max_iou"": 0.0, ""risk_max_iou"": 0.0, ""overlapping_pairs"": [], ""box_count"": 2, ""anomalies"": []}, ""hard_tamper_flags"": {""bbox_iou"": false}, ""original_bbox"": [395, 449, 906, 573], ""field_type"": ""amount"", ""field_label"": ""金额"", ""region_no"": 1}, {""result"": ""篡改"", ""confidence"": 0.7036442250883103, ""bbox"": [719, 1110, 456, 54], ""reason"": ""全局UI布局异常；存在局部边缘拼接/像素涂抹痕迹"", ""bbox_overlap_check"": {""max_iou"": 0.0, ""risk_max_iou"": 0.0, ""overlapping_pairs"": [], ""box_count"": 2, ""anomalies"": []}, ""hard_tamper_flags"": {""bbox_iou"": false}, ""original_bbox"": [719, 1110, 1175, 1164], ""field_type"": ""time"", ""field_label"": ""时间"", ""region_no"": 2}]",0.153644,0.053644
fixed_regression,fixed_regression,p (9).jpg,/home/quyu/PD_new/PD_max/app/ai_detection/images/tampered/p (9).jpg,篡改,篡改,0.7831758421118965,True,2,27,751.0,全局UI布局异常；存在局部边缘拼接/像素涂抹痕迹,"[{""result"": ""篡改"", ""confidence"": 0.6778827664488819, ""bbox"": [404, 478, 558, 150], ""reason"": ""全局UI布局异常"", ""bbox_overlap_check"": {""max_iou"": 0.0, ""risk_max_iou"": 0.0, ""overlapping_pairs"": [], ""box_count"": 2, ""anomalies"": []}, ""hard_tamper_flags"": {""bbox_iou"": false}, ""original_bbox"": [404, 478, 962, 628], ""field_type"": ""amount"", ""field_label"": ""金额"", ""region_no"": 1}, {""result"": ""篡改"", ""confidence"": 0.7831758421118965, ""bbox"": [745, 1203, 484, 54], ""reason"": ""全局UI布局异常；存在局部边缘拼接/像素涂抹痕迹"", ""bbox_overlap_check"": {""max_iou"": 0.0, ""risk_max_iou"": 0.0, ""overlapping_pairs"": [], ""box_count"": 2, ""anomalies"": []}, ""hard_tamper_flags"": {""bbox_iou"": false}, ""original_bbox"": [745, 1203, 1229, 1257], ""field_type"": ""time"", ""field_label"": ""时间"", ""region_no"": 2}]",0.233176,0.133176
fixed_regression,fixed_regression,p (10).jpg,/home/quyu/PD_new/PD_max/app/ai_detection/images/tampered/p (10).jpg,篡改,正常,0.43398206158320857,False,2,23,781.0,全局UI布局异常,"[{""result"": ""正常"", ""confidence"": 0.43383580003853744, ""bbox"": [253, 143, 160, 35], ""reason"": ""全局UI布局异常"", ""bbox_overlap_check"": {""max_iou"": 0.0, ""risk_max_iou"": 0.0, ""overlapping_pairs"": [], ""box_count"": 2, ""anomalies"": []}, ""hard_tamper_flags"": {""bbox_iou"": false}, ""original_bbox"": [253, 143, 413, 178], ""field_type"": ""amount"", ""field_label"": ""金额"", ""region_no"": 1}, {""result"": ""正常"", ""confidence"": 0.43398206158320857, ""bbox"": [492, 492, 150, 16], ""reason"": ""全局UI布局异常"", ""bbox_overlap_check"": {""max_iou"": 0.0, ""risk_max_iou"": 0.0, ""overlapping_pairs"": [], ""box_count"": 2, ""anomalies"": []}, ""hard_tamper_flags"": {""bbox_iou"": false}, ""original_bbox"": [492, 492, 642, 508], ""field_type"": ""time"", ""field_label"": ""时间"", ""region_no"": 2}]",-0.116018,-0.216018
fixed_regression,fixed_regression,p (11).jpg,/home/quyu/PD_new/PD_max/app/ai_detection/images/tampered/p (11).jpg,篡改,正常,0.1633589158189358,False,2,23,503.2,未检出明显篡改痕迹,"[{""result"": ""正常"", ""confidence"": 0.09603068405113026, ""bbox"": [252, 140, 158, 39], ""reason"": ""未检出明显篡改痕迹"", ""bbox_overlap_check"": {""max_iou"": 0.0, ""risk_max_iou"": 0.0, ""overlapping_pairs"": [], ""box_count"": 2, ""anomalies"": []}, ""hard_tamper_flags"": {""bbox_iou"": false}, ""original_bbox"": [252, 140, 410, 179], ""field_type"": ""amount"", ""field_label"": ""金额"", ""region_no"": 1}, {""result"": ""正常"", ""confidence"": 0.1633589158189358, ""bbox"": [489, 488, 151, 16], ""reason"": ""未检出明显篡改痕迹"", ""bbox_overlap_check"": {""max_iou"": 0.0, ""risk_max_iou"": 0.0, ""overlapping_pairs"": [], ""box_count"": 2, ""anomalies"": []}, ""hard_tamper_flags"": {""bbox_iou"": false}, ""original_bbox"": [489, 488, 640, 504], ""field_type"": ""time"", ""field_label"": ""时间"", ""region_no"": 2}]",-0.386641,-0.486641
fixed_regression,fixed_regression,p (18).jpg,/home/quyu/PD_new/PD_max/app/ai_detection/images/tampered/p (18).jpg,篡改,正常,0.11614879207832363,False,2,23,495.7,未检出明显篡改痕迹,"[{""result"": ""正常"", ""confidence"": 0.09741876201259259, ""bbox"": [254, 141, 157, 37], ""reason"": ""未检出明显篡改痕迹"", ""bbox_overlap_check"": {""max_iou"": 0.0, ""risk_max_iou"": 0.0, ""overlapping_pairs"": [], ""box_count"": 2, ""anomalies"": []}, ""hard_tamper_flags"": {""bbox_iou"": false}, ""original_bbox"": [254, 141, 411, 178], ""field_type"": ""amount"", ""field_label"": ""金额"", ""region_no"": 1}, {""result"": ""正常"", ""confidence"": 0.11614879207832363, ""bbox"": [491, 488, 149, 16], ""reason"": ""未检出明显篡改痕迹"", ""bbox_overlap_check"": {""max_iou"": 0.0, ""risk_max_iou"": 0.0, ""overlapping_pairs"": [], ""box_count"": 2, ""anomalies"": []}, ""hard_tamper_flags"": {""bbox_iou"": false}, ""original_bbox"": [491, 488, 640, 504], ""field_type"": ""time"", ""field_label"": ""时间"", ""region_no"": 2}]",-0.433851,-0.533851
fixed_regression,fixed_regression,p (41).jpg,/home/quyu/PD_new/PD_max/app/ai_detection/images/tampered/p (41).jpg,篡改,正常,0.18130519249466728,False,2,22,517.2,未检出明显篡改痕迹,"[{""result"": ""正常"", ""confidence"": 0.18130519249466728, ""bbox"": [269, 140, 140, 36], ""reason"": ""未检出明显篡改痕迹"", ""bbox_overlap_check"": {""max_iou"": 0.0, ""risk_max_iou"": 0.0, ""overlapping_pairs"": [], ""box_count"": 2, ""anomalies"": []}, ""hard_tamper_flags"": {""bbox_iou"": false}, ""original_bbox"": [269, 140, 409, 176], ""field_type"": ""amount"", ""field_label"": ""金额"", ""region_no"": 1}, {""result"": ""正常"", ""confidence"": 0.06426900453038896, ""bbox"": [488, 484, 147, 18], ""reason"": ""局部字体风格异常"", ""bbox_overlap_check"": {""max_iou"": 0.0, ""risk_max_iou"": 0.0, ""overlapping_pairs"": [], ""box_count"": 2, ""anomalies"": []}, ""hard_tamper_flags"": {""bbox_iou"": false}, ""original_bbox"": [488, 484, 635, 502], ""field_type"": ""time"", ""field_label"": ""时间"", ""region_no"": 2}]",-0.368695,-0.468695
fixed_regression,fixed_regression,p (5).jpg,/home/quyu/PD_new/PD_max/app/ai_detection/images/tampered/p (5).jpg,篡改,正常,0.16062533797402143,False,2,23,596.6,未检出明显篡改痕迹,"[{""result"": ""正常"", ""confidence"": 0.16062533797402143, ""bbox"": [270, 141, 108, 36], ""reason"": ""未检出明显篡改痕迹"", ""bbox_overlap_check"": {""max_iou"": 0.0, ""risk_max_iou"": 0.0, ""overlapping_pairs"": [], ""box_count"": 2, ""anomalies"": []}, ""hard_tamper_flags"": {""bbox_iou"": false}, ""original_bbox"": [270, 141, 378, 177], ""field_type"": ""amount"", ""field_label"": ""金额"", ""region_no"": 1}, {""result"": ""正常"", ""confidence"": 0.06547534899223043, ""bbox"": [490, 487, 149, 16], ""reason"": ""局部字体风格异常"", ""bbox_overlap_check"": {""max_iou"": 0.0, ""risk_max_iou"": 0.0, ""overlapping_pairs"": [], ""box_count"": 2, ""anomalies"": []}, ""hard_tamper_flags"": {""bbox_iou"": false}, ""original_bbox"": [490, 487, 639, 503], ""field_type"": ""time"", ""field_label"": ""时间"", ""region_no"": 2}]",-0.389375,-0.489375
fixed_regression,fixed_regression,p (6).jpg,/home/quyu/PD_new/PD_max/app/ai_detection/images/tampered/p (6).jpg,篡改,正常,0.1745864145267744,False,2,24,627.6,未检出明显篡改痕迹,"[{""result"": ""正常"", ""confidence"": 0.1745864145267744, ""bbox"": [255, 143, 160, 36], ""reason"": ""未检出明显篡改痕迹"", ""bbox_overlap_check"": {""max_iou"": 0.0, ""risk_max_iou"": 0.0, ""overlapping_pairs"": [], ""box_count"": 2, ""anomalies"": []}, ""hard_tamper_flags"": {""bbox_iou"": false}, ""original_bbox"": [255, 143, 415, 179], ""field_type"": ""amount"", ""field_label"": ""金额"", ""region_no"": 1}, {""result"": ""正常"", ""confidence"": 0.11017800350746468, ""bbox"": [495, 493, 151, 17], ""reason"": ""未检出明显篡改痕迹"", ""bbox_overlap_check"": {""max_iou"": 0.0, ""risk_max_iou"": 0.0, ""overlapping_pairs"": [], ""box_count"": 2, ""anomalies"": []}, ""hard_tamper_flags"": {""bbox_iou"": false}, ""original_bbox"": [495, 493, 646, 510], ""field_type"": ""time"", ""field_label"": ""时间"", ""region_no"": 2}]",-0.375414,-0.475414
fixed_regression,fixed_regression,p (7).jpg,/home/quyu/PD_new/PD_max/app/ai_detection/images/tampered/p (7).jpg,篡改,正常,0.11603400512985704,False,2,26,588.7,未检出明显篡改痕迹,"[{""result"": ""正常"", ""confidence"": 0.10866500259533579, ""bbox"": [252, 140, 127, 39], ""reason"": ""未检出明显篡改痕迹"", ""bbox_overlap_check"": {""max_iou"": 0.0, ""risk_max_iou"": 0.0, ""overlapping_pairs"": [], ""box_count"": 2, ""anomalies"": []}, ""hard_tamper_flags"": {""bbox_iou"": false}, ""original_bbox"": [252, 140, 379, 179], ""field_type"": ""amount"", ""field_label"": ""金额"", ""region_no"": 1}, {""result"": ""正常"", ""confidence"": 0.11603400512985704, ""bbox"": [491, 488, 149, 16], ""reason"": ""未检出明显篡改痕迹"", ""bbox_overlap_check"": {""max_iou"": 0.0, ""risk_max_iou"": 0.0, ""overlapping_pairs"": [], ""box_count"": 2, ""anomalies"": []}, ""hard_tamper_flags"": {""bbox_iou"": false}, ""original_bbox"": [491, 488, 640, 504], ""field_type"": ""time"", ""field_label"": ""时间"", ""region_no"": 2}]",-0.433966,-0.533966
fixed_regression,fixed_regression,p (21).jpg,/home/quyu/PD_new/PD_max/app/ai_detection/images/tampered/p (21).jpg,篡改,篡改,0.66,True,1,28,602.5,全局UI布局异常,"[{""result"": ""篡改"", ""confidence"": 0.66, ""bbox"": [286, 126, 126, 35], ""reason"": ""全局UI布局异常"", ""bbox_overlap_check"": {""max_iou"": 0.0, ""risk_max_iou"": 0.0, ""overlapping_pairs"": [], ""box_count"": 1, ""anomalies"": []}, ""hard_tamper_flags"": {""bbox_iou"": false}, ""original_bbox"": [286, 126, 412, 161], ""field_type"": ""amount"", ""field_label"": ""金额"", ""region_no"": 1}]",0.11,0.01
fixed_regression,fixed_regression,no (8).jpg,/home/quyu/PD_new/PD_max/app/ai_detection/images/normal/no (8).jpg,正常,正常,0.09797082711141689,True,2,54,1529.6,未检出明显篡改痕迹,"[{""result"": ""正常"", ""confidence"": 0.09797082711141689, ""bbox"": [176, 522, 118, 19], ""reason"": ""未检出明显篡改痕迹"", ""bbox_overlap_check"": {""max_iou"": 0.0, ""risk_max_iou"": 0.0, ""overlapping_pairs"": [], ""box_count"": 2, ""anomalies"": []}, ""hard_tamper_flags"": {""bbox_iou"": false}, ""original_bbox"": [176, 522, 294, 541], ""field_type"": ""amount"", ""field_label"": ""金额"", ""region_no"": 1}, {""result"": ""正常"", ""confidence"": 0.07729436561404734, ""bbox"": [176, 597, 128, 16], ""reason"": ""未检出明显篡改痕迹"", ""bbox_overlap_check"": {""max_iou"": 0.0, ""risk_max_iou"": 0.0, ""overlapping_pairs"": [], ""box_count"": 2, ""anomalies"": []}, ""hard_tamper_flags"": {""bbox_iou"": false}, ""original_bbox"": [176, 597, 304, 613], ""field_type"": ""time"", ""field_label"": ""时间"", ""region_no"": 2}]",-0.452029,-0.552029
fixed_regression,fixed_regression,no (1).jpg,/home/quyu/PD_new/PD_max/app/ai_detection/images/normal/no (1).jpg,正常,正常,0.459504222235671,True,4,32,907.0,存在局部边缘拼接/像素涂抹痕迹,"[{""result"": ""正常"", ""confidence"": 0.07494332777541535, ""bbox"": [342, 558, 398, 107], ""reason"": ""未检出明显篡改痕迹"", ""bbox_overlap_check"": {""max_iou"": 0.0, ""risk_max_iou"": 0.0, ""overlapping_pairs"": [], ""box_count"": 4, ""anomalies"": []}, ""hard_tamper_flags"": {""bbox_iou"": false}, ""original_bbox"": [342, 558, 740, 665], ""field_type"": ""amount"", ""field_label"": ""金额"", ""region_no"": 1}, {""result"": ""正常"", ""confidence"": 0.459504222235671, ""bbox"": [88, 1387, 568, 49], ""reason"": ""存在局部边缘拼接/像素涂抹痕迹"", ""bbox_overlap_check"": {""max_iou"": 0.0, ""risk_max_iou"": 0.0, ""overlapping_pairs"": [], ""box_count"": 4, ""anomalies"": []}, ""hard_tamper_flags"": {""bbox_iou"": false}, ""original_bbox"": [88, 1387, 656, 1436], ""field_type"": ""amount"", ""field_label"": ""金额"", ""region_no"": 2}, {""result"": ""正常"", ""confidence"": 0.38152013458386597, ""bbox"": [333, 811, 354, 41], ""reason"": ""存在局部边缘拼接/像素涂抹痕迹"", ""bbox_overlap_check"": {""max_iou"": 0.0, ""risk_max_iou"": 0.0, ""overlapping_pairs"": [], ""box_count"": 4, ""anomalies"": []}, ""hard_tamper_flags"": {""bbox_iou"": false}, ""original_bbox"": [333, 811, 687, 852], ""field_type"": ""time"", ""field_label"": ""时间"", ""region_no"": 3}, {""result"": ""正常"", ""confidence"": 0.45800913835316026, ""bbox"": [336, 897, 152, 46], ""reason"": ""存在局部边缘拼接/像素涂抹痕迹"", ""bbox_overlap_check"": {""max_iou"": 0.0, ""risk_max_iou"": 0.0, ""overlapping_pairs"": [], ""box_count"": 4, ""anomalies"": []}, ""hard_tamper_flags"": {""bbox_iou"": false}, ""original_bbox"": [336, 897, 488, 943], ""field_type"": ""name"", ""field_label"": ""姓名"", ""region_no"": 4}]",-0.090496,-0.190496
fixed_regression,fixed_regression,p (1).jpg,/home/quyu/PD_new/PD_max/app/ai_detection/images/tampered/p (1).jpg,篡改,篡改,0.66,True,3,17,529.4,全局UI布局异常；局部字体风格异常,"[{""result"": ""篡改"", ""confidence"": 0.66, ""bbox"": [38, 384, 398, 36], ""reason"": ""全局UI布局异常；局部字体风格异常"", ""bbox_overlap_check"": {""max_iou"": 0.0264, ""risk_max_iou"": 0.0264, ""overlapping_pairs"": [], ""box_count"": 3, ""anomalies"": []}, ""hard_tamper_flags"": {""bbox_iou"": false}, ""original_bbox"": [38, 384, 436, 420], ""field_type"": ""amount"", ""field_label"": ""金额"", ""region_no"": 1}, {""result"": ""篡改"", ""confidence"": 0.66, ""bbox"": [38, 418, 344, 36], ""reason"": ""全局UI布局异常"", ""bbox_overlap_check"": {""max_iou"": 0.0264, ""risk_max_iou"": 0.0264, ""overlapping_pairs"": [], ""box_count"": 3, ""anomalies"": []}, ""hard_tamper_flags"": {""bbox_iou"": false}, ""original_bbox"": [38, 418, 382, 454], ""field_type"": ""amount"", ""field_label"": ""金额"", ""region_no"": 2}, {""result"": ""篡改"", ""confidence"": 0.66, ""bbox"": [230, 4, 265, 37], ""reason"": ""全局UI布局异常"", ""bbox_overlap_check"": {""max_iou"": 0.0264, ""risk_max_iou"": 0.0264, ""overlapping_pairs"": [], ""box_count"": 3, ""anomalies"": []}, ""hard_tamper_flags"": {""bbox_iou"": false}, ""original_bbox"": [230, 4, 495, 41], ""field_type"": ""amount"", ""field_label"": ""金额"", ""region_no"": 3}]",0.11,0.01
fixed_regression,fixed_regression,p (17).jpg,/home/quyu/PD_new/PD_max/app/ai_detection/images/tampered/p (17).jpg,篡改,篡改,0.6676269609583163,True,2,15,432.0,全局UI布局异常,"[{""result"": ""篡改"", ""confidence"": 0.6607392093623942, ""bbox"": [43, 379, 441, 41], ""reason"": ""全局UI布局异常；局部字体风格异常"", ""bbox_overlap_check"": {""max_iou"": 0.0153, ""risk_max_iou"": 0.0153, ""overlapping_pairs"": [], ""box_count"": 2, ""anomalies"": []}, ""hard_tamper_flags"": {""bbox_iou"": false}, ""original_bbox"": [43, 379, 484, 420], ""field_type"": ""amount"", ""field_label"": ""金额"", ""region_no"": 1}, {""result"": ""篡改"", ""confidence"": 0.6676269609583163, ""bbox"": [44, 418, 198, 41], ""reason"": ""全局UI布局异常"", ""bbox_overlap_check"": {""max_iou"": 0.0153, ""risk_max_iou"": 0.0153, ""overlapping_pairs"": [], ""box_count"": 2, ""anomalies"": []}, ""hard_tamper_flags"": {""bbox_iou"": false}, ""original_bbox"": [44, 418, 242, 459], ""field_type"": ""amount"", ""field_label"": ""金额"", ""region_no"": 2}]",0.117627,0.017627
fixed_regression,fixed_regression,p (25).jpg,/home/quyu/PD_new/PD_max/app/ai_detection/images/tampered/p (25).jpg,篡改,篡改,0.7293017372631521,True,3,36,826.5,全局UI布局异常；存在局部边缘拼接/像素涂抹痕迹,"[{""result"": ""篡改"", ""confidence"": 0.7293017372631521, ""bbox"": [550, 671, 143, 31], ""reason"": ""全局UI布局异常；存在局部边缘拼接/像素涂抹痕迹"", ""bbox_overlap_check"": {""max_iou"": 0.0, ""risk_max_iou"": 0.0, ""overlapping_pairs"": [], ""box_count"": 3, ""anomalies"": []}, ""hard_tamper_flags"": {""bbox_iou"": false}, ""original_bbox"": [550, 671, 693, 702], ""field_type"": ""amount"", ""field_label"": ""金额"", ""region_no"": 1}, {""result"": ""篡改"", ""confidence"": 0.66, ""bbox"": [604, 737, 92, 38], ""reason"": ""全局UI布局异常"", ""bbox_overlap_check"": {""max_iou"": 0.0, ""risk_max_iou"": 0.0, ""overlapping_pairs"": [], ""box_count"": 3, ""anomalies"": []}, ""hard_tamper_flags"": {""bbox_iou"": false}, ""original_bbox"": [604, 737, 696, 775], ""field_type"": ""name"", ""field_label"": ""姓名"", ""region_no"": 2}, {""result"": ""篡改"", ""confidence"": 0.66, ""bbox"": [427, 600, 63, 29], ""reason"": ""全局UI布局异常"", ""bbox_overlap_check"": {""max_iou"": 0.0, ""risk_max_iou"": 0.0, ""overlapping_pairs"": [], ""box_count"": 3, ""anomalies"": []}, ""hard_tamper_flags"": {""bbox_iou"": false}, ""original_bbox"": [427, 600, 490, 629], ""field_type"": ""amount"", ""field_label"": ""金额"", ""region_no"": 3}]",0.179302,0.079302
fixed_regression,fixed_regression,p (15).jpg,/home/quyu/PD_new/PD_max/app/ai_detection/images/tampered/p (15).jpg,篡改,篡改,0.7000000000000001,True,6,26,643.0,全局UI布局异常；检测到多个高度重叠的疑似数字区域(疑似复制贴图),"[{""result"": ""篡改"", ""confidence"": 0.7000000000000001, ""bbox"": [38, 168, 453, 39], ""reason"": ""全局UI布局异常；检测到多个高度重叠的疑似数字区域(疑似复制贴图)"", ""bbox_overlap_check"": {""max_iou"": 0.7925, ""risk_max_iou"": 0.7925, ""overlapping_pairs"": [{""bbox_a"": [38, 168, 491, 207], ""bbox_b"": [38, 168, 397, 207], ""iou"": 0.7925, ""same_row_fragment"": false}], ""box_count"": 6, ""anomalies"": [""bbox_iou_hard_overlap""]}, ""hard_tamper_flags"": {""bbox_iou"": true}, ""original_bbox"": [38, 168, 491, 207], ""field_type"": ""amount"", ""field_label"": ""金额"", ""region_no"": 1}, {""result"": ""篡改"", ""confidence"": 0.7000000000000001, ""bbox"": [37, 546, 397, 38], ""reason"": ""全局UI布局异常；检测到多个高度重叠的疑似数字区域(疑似复制贴图)；局部字体风格异常"", ""bbox_overlap_check"": {""max_iou"": 0.7925, ""risk_max_iou"": 0.7925, ""overlapping_pairs"": [{""bbox_a"": [38, 168, 491, 207], ""bbox_b"": [38, 168, 397, 207], ""iou"": 0.7925, ""same_row_fragment"": false}], ""box_count"": 6, ""anomalies"": [""bbox_iou_hard_overlap""]}, ""hard_tamper_flags"": {""bbox_iou"": true}, ""original_bbox"": [37, 546, 434, 584], ""field_type"": ""amount"", ""field_label"": ""金额"", ""region_no"": 2}, {""result"": ""篡改"", ""confidence"": 0.7000000000000001, ""bbox"": [38, 168, 359, 39], ""reason"": ""全局UI布局异常；检测到多个高度重叠的疑似数字区域(疑似复制贴图)"", ""bbox_overlap_check"": {""max_iou"": 0.7925, ""risk_max_iou"": 0.7925, ""overlapping_pairs"": [{""bbox_a"": [38, 168, 491, 207], ""bbox_b"": [38, 168, 397, 207], ""iou"": 0.7925, ""same_row_fragment"": false}], ""box_count"": 6, ""anomalies"": [""bbox_iou_hard_overlap""]}, ""hard_tamper_flags"": {""bbox_iou"": true}, ""original_bbox"": [38, 168, 397, 207], ""field_type"": ""amount"", ""field_label"": ""金额"", ""region_no"": 3}, {""result"": ""篡改"", ""confidence"": 0.7000000000000001, ""bbox"": [38, 581, 372, 37], ""reason"": ""全局UI布局异常；检测到多个高度重叠的疑似数字区域(疑似复制贴图)"", ""bbox_overlap_check"": {""max_iou"": 0.7925, ""risk_max_iou"": 0.7925, ""overlapping_pairs"": [{""bbox_a"": [38, 168, 491, 207], ""bbox_b"": [38, 168, 397, 207], ""iou"": 0.7925, ""same_row_fragment"": false}], ""box_count"": 6, ""anomalies"": [""bbox_iou_hard_overlap""]}, ""hard_tamper_flags"": {""bbox_iou"": true}, ""original_bbox"": [38, 581, 410, 618], ""field_type"": ""amount"", ""field_label"": ""金额"", ""region_no"": 4}, {""result"": ""篡改"", ""confidence"": 0.7000000000000001, ""bbox"": [407, 171, 84, 32], ""reason"": ""全局UI布局异常；检测到多个高度重叠的疑似数字区域(疑似复制贴图)"", ""bbox_overlap_check"": {""max_iou"": 0.7925, ""risk_max_iou"": 0.7925, ""overlapping_pairs"": [{""bbox_a"": [38, 168, 491, 207], ""bbox_b"": [38, 168, 397, 207], ""iou"": 0.7925, ""same_row_fragment"": false}], ""box_count"": 6, ""anomalies"": [""bbox_iou_hard_overlap""]}, ""hard_tamper_flags"": {""bbox_iou"": true}, ""original_bbox"": [407, 171, 491, 203], ""field_type"": ""amount"", ""field_label"": ""金额"", ""region_no"": 5}, {""result"": ""篡改"", ""confidence"": 0.7000000000000001, ""bbox"": [190, 127, 75, 28], ""reason"": ""全局UI布局异常；检测到多个高度重叠的疑似数字区域(疑似复制贴图)"", ""bbox_overlap_check"": {""max_iou"": 0.7925, ""risk_max_iou"": 0.7925, ""overlapping_pairs"": [{""bbox_a"": [38, 168, 491, 207], ""bbox_b"": [38, 168, 397, 207], ""iou"": 0.7925, ""same_row_fragment"": false}], ""box_count"": 6, ""anomalies"": [""bbox_iou_hard_overlap""]}, ""hard_tamper_flags"": {""bbox_iou"": true}, ""original_bbox"": [190, 127, 265, 155], ""field_type"": ""amount"", ""field_label"": ""金额"", ""region_no"": 6}]",0.15,0.05
fixed_regression,fixed_regression,p (44).jpg,/home/quyu/PD_new/PD_max/app/ai_detection/images/tampered/p (44).jpg,篡改,篡改,0.766798316162272,True,6,39,1326.2,全局UI布局异常；存在局部边缘拼接/像素涂抹痕迹,"[{""result"": ""篡改"", ""confidence"": 0.66, ""bbox"": [540, 2049, 532, 76], ""reason"": ""全局UI布局异常"", ""bbox_overlap_check"": {""max_iou"": 0.0, ""risk_max_iou"": 0.0, ""overlapping_pairs"": [], ""box_count"": 6, ""anomalies"": []}, ""hard_tamper_flags"": {""bbox_iou"": false}, ""original_bbox"": [540, 2049, 1072, 2125], ""field_type"": ""amount"", ""field_label"": ""金额"", ""region_no"": 1}, {""result"": ""篡改"", ""confidence"": 0.66, ""bbox"": [467, 878, 322, 93], ""reason"": ""全局UI布局异常"", ""bbox_overlap_check"": {""max_iou"": 0.0, ""risk_max_iou"": 0.0, ""overlapping_pairs"": [], ""box_count"": 6, ""anomalies"": []}, ""hard_tamper_flags"": {""bbox_iou"": false}, ""original_bbox"": [467, 878, 789, 971], ""field_type"": ""amount"", ""field_label"": ""金额"", ""region_no"": 2}, {""result"": ""篡改"", ""confidence"": 0.66, ""bbox"": [116, 2053, 393, 67], ""reason"": ""全局UI布局异常"", ""bbox_overlap_check"": {""max_iou"": 0.0, ""risk_max_iou"": 0.0, ""overlapping_pairs"": [], ""box_count"": 6, ""anomalies"": []}, ""hard_tamper_flags"": {""bbox_iou"": false}, ""original_bbox"": [116, 2053, 509, 2120], ""field_type"": ""amount"", ""field_label"": ""金额"", ""region_no"": 3}, {""result"": ""篡改"", ""confidence"": 0.66, ""bbox"": [117, 1200, 209, 55], ""reason"": ""全局UI布局异常"", ""bbox_overlap_check"": {""max_iou"": 0.0, ""risk_max_iou"": 0.0, ""overlapping_pairs"": [], ""box_count"": 6, ""anomalies"": []}, ""hard_tamper_flags"": {""bbox_iou"": false}, ""original_bbox"": [117, 1200, 326, 1255], ""field_type"": ""amount"", ""field_label"": ""金额"", ""region_no"": 4}, {""result"": ""篡改"", ""confidence"": 0.66, ""bbox"": [633, 1068, 178, 52], ""reason"": ""全局UI布局异常"", ""bbox_overlap_check"": {""max_iou"": 0.0, ""risk_max_iou"": 0.0, ""overlapping_pairs"": [], ""box_count"": 6, ""anomalies"": []}, ""hard_tamper_flags"": {""bbox_iou"": false}, ""original_bbox"": [633, 1068, 811, 1120], ""field_type"": ""amount"", ""field_label"": ""金额"", ""region_no"": 5}, {""result"": ""篡改"", ""confidence"": 0.766798316162272, ""bbox"": [372, 249, 146, 52], ""reason"": ""全局UI布局异常；存在局部边缘拼接/像素涂抹痕迹"", ""bbox_overlap_check"": {""max_iou"": 0.0, ""risk_max_iou"": 0.0, ""overlapping_pairs"": [], ""box_count"": 6, ""anomalies"": []}, ""hard_tamper_flags"": {""bbox_iou"": false}, ""original_bbox"": [372, 249, 518, 301], ""field_type"": ""amount"", ""field_label"": ""金额"", ""region_no"": 6}]",0.216798,0.116798
fixed_regression,fixed_regression,p (19).jpg,/home/quyu/PD_new/PD_max/app/ai_detection/images/tampered/p (19).jpg,篡改,篡改,0.8685714458746562,True,5,31,859.9,全局UI布局异常；存在局部边缘拼接/像素涂抹痕迹,"[{""result"": ""篡改"", ""confidence"": 0.7238407958133452, ""bbox"": [299, 407, 264, 54], ""reason"": ""全局UI布局异常"", ""bbox_overlap_check"": {""max_iou"": 0.0, ""risk_max_iou"": 0.0, ""overlapping_pairs"": [], ""box_count"": 5, ""anomalies"": []}, ""hard_tamper_flags"": {""bbox_iou"": false}, ""original_bbox"": [299, 407, 563, 461], ""field_type"": ""amount"", ""field_label"": ""金额"", ""region_no"": 1}, {""result"": ""篡改"", ""confidence"": 0.7896611796663018, ""bbox"": [477, 1000, 293, 32], ""reason"": ""全局UI布局异常；存在局部边缘拼接/像素涂抹痕迹"", ""bbox_overlap_check"": {""max_iou"": 0.0, ""risk_max_iou"": 0.0, ""overlapping_pairs"": [], ""box_count"": 5, ""anomalies"": []}, ""hard_tamper_flags"": {""bbox_iou"": false}, ""original_bbox"": [477, 1000, 770, 1032], ""field_type"": ""time"", ""field_label"": ""时间"", ""region_no"": 2}, {""result"": ""篡改"", ""confidence"": 0.8685714458746562, ""bbox"": [632, 940, 139, 33], ""reason"": ""全局UI布局异常；存在局部边缘拼接/像素涂抹痕迹"", ""bbox_overlap_check"": {""max_iou"": 0.0, ""risk_max_iou"": 0.0, ""overlapping_pairs"": [], ""box_count"": 5, ""anomalies"": []}, ""hard_tamper_flags"": {""bbox_iou"": false}, ""original_bbox"": [632, 940, 771, 973], ""field_type"": ""amount"", ""field_label"": ""金额"", ""region_no"": 3}, {""result"": ""篡改"", ""confidence"": 0.8156187256903384, ""bbox"": [670, 757, 101, 39], ""reason"": ""全局UI布局异常；存在局部边缘拼接/像素涂抹痕迹"", ""bbox_overlap_check"": {""max_iou"": 0.0, ""risk_max_iou"": 0.0, ""overlapping_pairs"": [], ""box_count"": 5, ""anomalies"": []}, ""hard_tamper_flags"": {""bbox_iou"": false}, ""original_bbox"": [670, 757, 771, 796], ""field_type"": ""name"", ""field_label"": ""姓名"", ""region_no"": 4}, {""result"": ""篡改"", ""confidence"": 0.8203509458435734, ""bbox"": [700, 638, 70, 36], ""reason"": ""全局UI布局异常；存在局部边缘拼接/像素涂抹痕迹"", ""bbox_overlap_check"": {""max_iou"": 0.0, ""risk_max_iou"": 0.0, ""overlapping_pairs"": [], ""box_count"": 5, ""anomalies"": []}, ""hard_tamper_flags"": {""bbox_iou"": false}, ""original_bbox"": [700, 638, 770, 674], ""field_type"": ""name"", ""field_label"": ""姓名"", ""region_no"": 5}]",0.318571,0.218571
fixed_regression,fixed_regression,p (23).jpg,/home/quyu/PD_new/PD_max/app/ai_detection/images/tampered/p (23).jpg,篡改,篡改,0.8427678215870513,True,5,29,861.4,全局UI布局异常；存在局部边缘拼接/像素涂抹痕迹,"[{""result"": ""篡改"", ""confidence"": 0.7237117955429935, ""bbox"": [298, 407, 265, 55], ""reason"": ""全局UI布局异常；局部字体风格异常"", ""bbox_overlap_check"": {""max_iou"": 0.0, ""risk_max_iou"": 0.0, ""overlapping_pairs"": [], ""box_count"": 5, ""anomalies"": []}, ""hard_tamper_flags"": {""bbox_iou"": false}, ""original_bbox"": [298, 407, 563, 462], ""field_type"": ""amount"", ""field_label"": ""金额"", ""region_no"": 1}, {""result"": ""篡改"", ""confidence"": 0.8221657576856848, ""bbox"": [477, 1000, 293, 32], ""reason"": ""全局UI布局异常；存在局部边缘拼接/像素涂抹痕迹"", ""bbox_overlap_check"": {""max_iou"": 0.0, ""risk_max_iou"": 0.0, ""overlapping_pairs"": [], ""box_count"": 5, ""anomalies"": []}, ""hard_tamper_flags"": {""bbox_iou"": false}, ""original_bbox"": [477, 1000, 770, 1032], ""field_type"": ""time"", ""field_label"": ""时间"", ""region_no"": 2}, {""result"": ""篡改"", ""confidence"": 0.8427678215870513, ""bbox"": [631, 939, 139, 34], ""reason"": ""全局UI布局异常；存在局部边缘拼接/像素涂抹痕迹"", ""bbox_overlap_check"": {""max_iou"": 0.0, ""risk_max_iou"": 0.0, ""overlapping_pairs"": [], ""box_count"": 5, ""anomalies"": []}, ""hard_tamper_flags"": {""bbox_iou"": false}, ""original_bbox"": [631, 939, 770, 973], ""field_type"": ""amount"", ""field_label"": ""金额"", ""region_no"": 3}, {""result"": ""篡改"", ""confidence"": 0.8139190566512725, ""bbox"": [670, 757, 101, 39], ""reason"": ""全局UI布局异常；存在局部边缘拼接/像素涂抹痕迹"", ""bbox_overlap_check"": {""max_iou"": 0.0, ""risk_max_iou"": 0.0, ""overlapping_pairs"": [], ""box_count"": 5, ""anomalies"": []}, ""hard_tamper_flags"": {""bbox_iou"": false}, ""original_bbox"": [670, 757, 771, 796], ""field_type"": ""name"", ""field_label"": ""姓名"", ""region_no"": 4}, {""result"": ""篡改"", ""confidence"": 0.818415781082989, ""bbox"": [701, 638, 70, 37], ""reason"": ""全局UI布局异常；存在局部边缘拼接/像素涂抹痕迹"", ""bbox_overlap_check"": {""max_iou"": 0.0, ""risk_max_iou"": 0.0, ""overlapping_pairs"": [], ""box_count"": 5, ""anomalies"": []}, ""hard_tamper_flags"": {""bbox_iou"": false}, ""original_bbox"": [701, 638, 771, 675], ""field_type"": ""name"", ""field_label"": ""姓名"", ""region_no"": 5}]",0.292768,0.192768
fixed_regression,fixed_regression,p (27).jpg,/home/quyu/PD_new/PD_max/app/ai_detection/images/tampered/p (27).jpg,篡改,篡改,0.8228111318078928,True,5,30,883.2,全局UI布局异常；存在局部边缘拼接/像素涂抹痕迹,"[{""result"": ""篡改"", ""confidence"": 0.7231671347798867, ""bbox"": [294, 407, 275, 57], ""reason"": ""全局UI布局异常"", ""bbox_overlap_check"": {""max_iou"": 0.0, ""risk_max_iou"": 0.0, ""overlapping_pairs"": [], ""box_count"": 5, ""anomalies"": []}, ""hard_tamper_flags"": {""bbox_iou"": false}, ""original_bbox"": [294, 407, 569, 464], ""field_type"": ""amount"", ""field_label"": ""金额"", ""region_no"": 1}, {""result"": ""篡改"", ""confidence"": 0.8228111318078928, ""bbox"": [477, 1000, 290, 32], ""reason"": ""全局UI布局异常；存在局部边缘拼接/像素涂抹痕迹"", ""bbox_overlap_check"": {""max_iou"": 0.0, ""risk_max_iou"": 0.0, ""overlapping_pairs"": [], ""box_count"": 5, ""anomalies"": []}, ""hard_tamper_flags"": {""bbox_iou"": false}, ""original_bbox"": [477, 1000, 767, 1032], ""field_type"": ""time"", ""field_label"": ""时间"", ""region_no"": 2}, {""result"": ""篡改"", ""confidence"": 0.7890771234525723, ""bbox"": [626, 940, 144, 35], ""reason"": ""全局UI布局异常；存在局部边缘拼接/像素涂抹痕迹"", ""bbox_overlap_check"": {""max_iou"": 0.0, ""risk_max_iou"": 0.0, ""overlapping_pairs"": [], ""box_count"": 5, ""anomalies"": []}, ""hard_tamper_flags"": {""bbox_iou"": false}, ""original_bbox"": [626, 940, 770, 975], ""field_type"": ""amount"", ""field_label"": ""金额"", ""region_no"": 3}, {""result"": ""篡改"", ""confidence"": 0.8144985032054566, ""bbox"": [670, 757, 101, 39], ""reason"": ""全局UI布局异常；存在局部边缘拼接/像素涂抹痕迹"", ""bbox_overlap_check"": {""max_iou"": 0.0, ""risk_max_iou"": 0.0, ""overlapping_pairs"": [], ""box_count"": 5, ""anomalies"": []}, ""hard_tamper_flags"": {""bbox_iou"": false}, ""original_bbox"": [670, 757, 771, 796], ""field_type"": ""name"", ""field_label"": ""姓名"", ""region_no"": 4}, {""result"": ""篡改"", ""confidence"": 0.818995227637173, ""bbox"": [701, 638, 70, 37], ""reason"": ""全局UI布局异常；存在局部边缘拼接/像素涂抹痕迹"", ""bbox_overlap_check"": {""max_iou"": 0.0, ""risk_max_iou"": 0.0, ""overlapping_pairs"": [], ""box_count"": 5, ""anomalies"": []}, ""hard_tamper_flags"": {""bbox_iou"": false}, ""original_bbox"": [701, 638, 771, 675], ""field_type"": ""name"", ""field_label"": ""姓名"", ""region_no"": 5}]",0.272811,0.172811
fixed_regression,fixed_regression,p (28).jpg,/home/quyu/PD_new/PD_max/app/ai_detection/images/tampered/p (28).jpg,篡改,篡改,0.8378212522038018,True,5,29,854.2,全局UI布局异常；存在局部边缘拼接/像素涂抹痕迹,"[{""result"": ""篡改"", ""confidence"": 0.7185581728176074, ""bbox"": [298, 405, 265, 56], ""reason"": ""全局UI布局异常"", ""bbox_overlap_check"": {""max_iou"": 0.0, ""risk_max_iou"": 0.0, ""overlapping_pairs"": [], ""box_count"": 5, ""anomalies"": []}, ""hard_tamper_flags"": {""bbox_iou"": false}, ""original_bbox"": [298, 405, 563, 461], ""field_type"": ""amount"", ""field_label"": ""金额"", ""region_no"": 1}, {""result"": ""篡改"", ""confidence"": 0.7642962674480992, ""bbox"": [477, 999, 293, 33], ""reason"": ""全局UI布局异常；存在局部边缘拼接/像素涂抹痕迹"", ""bbox_overlap_check"": {""max_iou"": 0.0, ""risk_max_iou"": 0.0, ""overlapping_pairs"": [], ""box_count"": 5, ""anomalies"": []}, ""hard_tamper_flags"": {""bbox_iou"": false}, ""original_bbox"": [477, 999, 770, 1032], ""field_type"": ""time"", ""field_label"": ""时间"", ""region_no"": 2}, {""result"": ""篡改"", ""confidence"": 0.8378212522038018, ""bbox"": [632, 939, 138, 34], ""reason"": ""全局UI布局异常；存在局部边缘拼接/像素涂抹痕迹"", ""bbox_overlap_check"": {""max_iou"": 0.0, ""risk_max_iou"": 0.0, ""overlapping_pairs"": [], ""box_count"": 5, ""anomalies"": []}, ""hard_tamper_flags"": {""bbox_iou"": false}, ""original_bbox"": [632, 939, 770, 973], ""field_type"": ""amount"", ""field_label"": ""金额"", ""region_no"": 3}, {""result"": ""篡改"", ""confidence"": 0.811734499606583, ""bbox"": [670, 757, 101, 39], ""reason"": ""全局UI布局异常；存在局部边缘拼接/像素涂抹痕迹"", ""bbox_overlap_check"": {""max_iou"": 0.0, ""risk_max_iou"": 0.0, ""overlapping_pairs"": [], ""box_count"": 5, ""anomalies"": []}, ""hard_tamper_flags"": {""bbox_iou"": false}, ""original_bbox"": [670, 757, 771, 796], ""field_type"": ""name"", ""field_label"": ""姓名"", ""region_no"": 4}, {""result"": ""篡改"", ""confidence"": 0.8164667197598179, ""bbox"": [700, 638, 70, 36], ""reason"": ""全局UI布局异常；存在局部边缘拼接/像素涂抹痕迹"", ""bbox_overlap_check"": {""max_iou"": 0.0, ""risk_max_iou"": 0.0, ""overlapping_pairs"": [], ""box_count"": 5, ""anomalies"": []}, ""hard_tamper_flags"": {""bbox_iou"": false}, ""original_bbox"": [700, 638, 770, 674], ""field_type"": ""name"", ""field_label"": ""姓名"", ""region_no"": 5}]",0.287821,0.187821
fixed_regression,fixed_regression,p (3).jpg,/home/quyu/PD_new/PD_max/app/ai_detection/images/tampered/p (3).jpg,篡改,篡改,0.818469753088833,True,5,30,862.0,全局UI布局异常；存在局部边缘拼接/像素涂抹痕迹,"[{""result"": ""篡改"", ""confidence"": 0.7128989235627505, ""bbox"": [298, 407, 265, 54], ""reason"": ""全局UI布局异常；局部字体风格异常"", ""bbox_overlap_check"": {""max_iou"": 0.0, ""risk_max_iou"": 0.0, ""overlapping_pairs"": [], ""box_count"": 5, ""anomalies"": []}, ""hard_tamper_flags"": {""bbox_iou"": false}, ""original_bbox"": [298, 407, 563, 461], ""field_type"": ""amount"", ""field_label"": ""金额"", ""region_no"": 1}, {""result"": ""篡改"", ""confidence"": 0.7951476318847159, ""bbox"": [477, 999, 293, 33], ""reason"": ""全局UI布局异常；存在局部边缘拼接/像素涂抹痕迹"", ""bbox_overlap_check"": {""max_iou"": 0.0, ""risk_max_iou"": 0.0, ""overlapping_pairs"": [], ""box_count"": 5, ""anomalies"": []}, ""hard_tamper_flags"": {""bbox_iou"": false}, ""original_bbox"": [477, 999, 770, 1032], ""field_type"": ""time"", ""field_label"": ""时间"", ""region_no"": 2}, {""result"": ""篡改"", ""confidence"": 0.7685903378434629, ""bbox"": [632, 940, 138, 33], ""reason"": ""全局UI布局异常；存在局部边缘拼接/像素涂抹痕迹"", ""bbox_overlap_check"": {""max_iou"": 0.0, ""risk_max_iou"": 0.0, ""overlapping_pairs"": [], ""box_count"": 5, ""anomalies"": []}, ""hard_tamper_flags"": {""bbox_iou"": false}, ""original_bbox"": [632, 940, 770, 973], ""field_type"": ""amount"", ""field_label"": ""金额"", ""region_no"": 3}, {""result"": ""篡改"", ""confidence"": 0.8139730286571165, ""bbox"": [670, 757, 101, 39], ""reason"": ""全局UI布局异常；存在局部边缘拼接/像素涂抹痕迹"", ""bbox_overlap_check"": {""max_iou"": 0.0, ""risk_max_iou"": 0.0, ""overlapping_pairs"": [], ""box_count"": 5, ""anomalies"": []}, ""hard_tamper_flags"": {""bbox_iou"": false}, ""original_bbox"": [670, 757, 771, 796], ""field_type"": ""name"", ""field_label"": ""姓名"", ""region_no"": 4}, {""result"": ""篡改"", ""confidence"": 0.818469753088833, ""bbox"": [701, 638, 70, 37], ""reason"": ""全局UI布局异常；存在局部边缘拼接/像素涂抹痕迹"", ""bbox_overlap_check"": {""max_iou"": 0.0, ""risk_max_iou"": 0.0, ""overlapping_pairs"": [], ""box_count"": 5, ""anomalies"": []}, ""hard_tamper_flags"": {""bbox_iou"": false}, ""original_bbox"": [701, 638, 771, 675], ""field_type"": ""name"", ""field_label"": ""姓名"", ""region_no"": 5}]",0.26847,0.16847
fixed_regression,fixed_regression,p (33).jpg,/home/quyu/PD_new/PD_max/app/ai_detection/images/tampered/p (33).jpg,篡改,篡改,0.8434963660342173,True,5,31,931.3,全局UI布局异常；存在局部边缘拼接/像素涂抹痕迹,"[{""result"": ""篡改"", ""confidence"": 0.7324476714226987, ""bbox"": [299, 407, 264, 54], ""reason"": ""全局UI布局异常"", ""bbox_overlap_check"": {""max_iou"": 0.0, ""risk_max_iou"": 0.0, ""overlapping_pairs"": [], ""box_count"": 5, ""anomalies"": []}, ""hard_tamper_flags"": {""bbox_iou"": false}, ""original_bbox"": [299, 407, 563, 461], ""field_type"": ""amount"", ""field_label"": ""金额"", ""region_no"": 1}, {""result"": ""篡改"", ""confidence"": 0.7590850161820991, ""bbox"": [477, 1000, 294, 32], ""reason"": ""全局UI布局异常；存在局部边缘拼接/像素涂抹痕迹"", ""bbox_overlap_check"": {""max_iou"": 0.0, ""risk_max_iou"": 0.0, ""overlapping_pairs"": [], ""box_count"": 5, ""anomalies"": []}, ""hard_tamper_flags"": {""bbox_iou"": false}, ""original_bbox"": [477, 1000, 771, 1032], ""field_type"": ""time"", ""field_label"": ""时间"", ""region_no"": 2}, {""result"": ""篡改"", ""confidence"": 0.8434963660342173, ""bbox"": [632, 940, 139, 33], ""reason"": ""全局UI布局异常；存在局部边缘拼接/像素涂抹痕迹"", ""bbox_overlap_check"": {""max_iou"": 0.0, ""risk_max_iou"": 0.0, ""overlapping_pairs"": [], ""box_count"": 5, ""anomalies"": []}, ""hard_tamper_flags"": {""bbox_iou"": false}, ""original_bbox"": [632, 940, 771, 973], ""field_type"": ""amount"", ""field_label"": ""金额"", ""region_no"": 3}, {""result"": ""篡改"", ""confidence"": 0.8183557592057001, ""bbox"": [701, 638, 70, 37], ""reason"": ""全局UI布局异常；存在局部边缘拼接/像素涂抹痕迹"", ""bbox_overlap_check"": {""max_iou"": 0.0, ""risk_max_iou"": 0.0, ""overlapping_pairs"": [], ""box_count"": 5, ""anomalies"": []}, ""hard_tamper_flags"": {""bbox_iou"": false}, ""original_bbox"": [701, 638, 771, 675], ""field_type"": ""name"", ""field_label"": ""姓名"", ""region_no"": 4}, {""result"": ""篡改"", ""confidence"": 0.8185068946475461, ""bbox"": [700, 759, 68, 37], ""reason"": ""全局UI布局异常；存在局部边缘拼接/像素涂抹痕迹"", ""bbox_overlap_check"": {""max_iou"": 0.0, ""risk_max_iou"": 0.0, ""overlapping_pairs"": [], ""box_count"": 5, ""anomalies"": []}, ""hard_tamper_flags"": {""bbox_iou"": false}, ""original_bbox"": [700, 759, 768, 796], ""field_type"": ""name"", ""field_label"": ""姓名"", ""region_no"": 5}]",0.293496,0.193496
fixed_regression,fixed_regression,p (34).jpg,/home/quyu/PD_new/PD_max/app/ai_detection/images/tampered/p (34).jpg,篡改,篡改,0.8434963660342173,True,5,31,871.0,全局UI布局异常；存在局部边缘拼接/像素涂抹痕迹,"[{""result"": ""篡改"", ""confidence"": 0.7324476714226987, ""bbox"": [299, 407, 264, 54], ""reason"": ""全局UI布局异常"", ""bbox_overlap_check"": {""max_iou"": 0.0, ""risk_max_iou"": 0.0, ""overlapping_pairs"": [], ""box_count"": 5, ""anomalies"": []}, ""hard_tamper_flags"": {""bbox_iou"": false}, ""original_bbox"": [299, 407, 563, 461], ""field_type"": ""amount"", ""field_label"": ""金额"", ""region_no"": 1}, {""result"": ""篡改"", ""confidence"": 0.7590850161820991, ""bbox"": [477, 1000, 294, 32], ""reason"": ""全局UI布局异常；存在局部边缘拼接/像素涂抹痕迹"", ""bbox_overlap_check"": {""max_iou"": 0.0, ""risk_max_iou"": 0.0, ""overlapping_pairs"": [], ""box_count"": 5, ""anomalies"": []}, ""hard_tamper_flags"": {""bbox_iou"": false}, ""original_bbox"": [477, 1000, 771, 1032], ""field_type"": ""time"", ""field_label"": ""时间"", ""region_no"": 2}, {""result"": ""篡改"", ""confidence"": 0.8434963660342173, ""bbox"": [632, 940, 139, 33], ""reason"": ""全局UI布局异常；存在局部边缘拼接/像素涂抹痕迹"", ""bbox_overlap_check"": {""max_iou"": 0.0, ""risk_max_iou"": 0.0, ""overlapping_pairs"": [], ""box_count"": 5, ""anomalies"": []}, ""hard_tamper_flags"": {""bbox_iou"": false}, ""original_bbox"": [632, 940, 771, 973], ""field_type"": ""amount"", ""field_label"": ""金额"", ""region_no"": 3}, {""result"": ""篡改"", ""confidence"": 0.8183557592057001, ""bbox"": [701, 638, 70, 37], ""reason"": ""全局UI布局异常；存在局部边缘拼接/像素涂抹痕迹"", ""bbox_overlap_check"": {""max_iou"": 0.0, ""risk_max_iou"": 0.0, ""overlapping_pairs"": [], ""box_count"": 5, ""anomalies"": []}, ""hard_tamper_flags"": {""bbox_iou"": false}, ""original_bbox"": [701, 638, 771, 675], ""field_type"": ""name"", ""field_label"": ""姓名"", ""region_no"": 4}, {""result"": ""篡改"", ""confidence"": 0.8185068946475461, ""bbox"": [700, 759, 68, 37], ""reason"": ""全局UI布局异常；存在局部边缘拼接/像素涂抹痕迹"", ""bbox_overlap_check"": {""max_iou"": 0.0, ""risk_max_iou"": 0.0, ""overlapping_pairs"": [], ""box_count"": 5, ""anomalies"": []}, ""hard_tamper_flags"": {""bbox_iou"": false}, ""original_bbox"": [700, 759, 768, 796], ""field_type"": ""name"", ""field_label"": ""姓名"", ""region_no"": 5}]",0.293496,0.193496
fixed_regression,fixed_regression,p (35).jpg,/home/quyu/PD_new/PD_max/app/ai_detection/images/tampered/p (35).jpg,篡改,篡改,0.8186665781868656,True,5,32,856.0,全局UI布局异常；存在局部边缘拼接/像素涂抹痕迹,"[{""result"": ""篡改"", ""confidence"": 0.7229298298255797, ""bbox"": [298, 407, 265, 54], ""reason"": ""全局UI布局异常"", ""bbox_overlap_check"": {""max_iou"": 0.0, ""risk_max_iou"": 0.0, ""overlapping_pairs"": [], ""box_count"": 5, ""anomalies"": []}, ""hard_tamper_flags"": {""bbox_iou"": false}, ""original_bbox"": [298, 407, 563, 461], ""field_type"": ""amount"", ""field_label"": ""金额"", ""region_no"": 1}, {""result"": ""篡改"", ""confidence"": 0.7695822115273969, ""bbox"": [477, 999, 294, 33], ""reason"": ""全局UI布局异常；存在局部边缘拼接/像素涂抹痕迹"", ""bbox_overlap_check"": {""max_iou"": 0.0, ""risk_max_iou"": 0.0, ""overlapping_pairs"": [], ""box_count"": 5, ""anomalies"": []}, ""hard_tamper_flags"": {""bbox_iou"": false}, ""original_bbox"": [477, 999, 771, 1032], ""field_type"": ""time"", ""field_label"": ""时间"", ""region_no"": 2}, {""result"": ""篡改"", ""confidence"": 0.8109580545024584, ""bbox"": [632, 940, 139, 33], ""reason"": ""全局UI布局异常；存在局部边缘拼接/像素涂抹痕迹"", ""bbox_overlap_check"": {""max_iou"": 0.0, ""risk_max_iou"": 0.0, ""overlapping_pairs"": [], ""box_count"": 5, ""anomalies"": []}, ""hard_tamper_flags"": {""bbox_iou"": false}, ""original_bbox"": [632, 940, 771, 973], ""field_type"": ""amount"", ""field_label"": ""金额"", ""region_no"": 3}, {""result"": ""篡改"", ""confidence"": 0.8179561711369616, ""bbox"": [701, 759, 69, 37], ""reason"": ""全局UI布局异常；存在局部边缘拼接/像素涂抹痕迹"", ""bbox_overlap_check"": {""max_iou"": 0.0, ""risk_max_iou"": 0.0, ""overlapping_pairs"": [], ""box_count"": 5, ""anomalies"": []}, ""hard_tamper_flags"": {""bbox_iou"": false}, ""original_bbox"": [701, 759, 770, 796], ""field_type"": ""name"", ""field_label"": ""姓名"", ""region_no"": 4}, {""result"": ""篡改"", ""confidence"": 0.8186665781868656, ""bbox"": [700, 638, 70, 36], ""reason"": ""全局UI布局异常；存在局部边缘拼接/像素涂抹痕迹"", ""bbox_overlap_check"": {""max_iou"": 0.0, ""risk_max_iou"": 0.0, ""overlapping_pairs"": [], ""box_count"": 5, ""anomalies"": []}, ""hard_tamper_flags"": {""bbox_iou"": false}, ""original_bbox"": [700, 638, 770, 674], ""field_type"": ""name"", ""field_label"": ""姓名"", ""region_no"": 5}]",0.268667,0.168667
fixed_regression,fixed_regression,p (36).jpg,/home/quyu/PD_new/PD_max/app/ai_detection/images/tampered/p (36).jpg,篡改,篡改,0.825034529652482,True,5,30,845.5,全局UI布局异常；存在局部边缘拼接/像素涂抹痕迹,"[{""result"": ""篡改"", ""confidence"": 0.7197124725857819, ""bbox"": [298, 407, 265, 54], ""reason"": ""全局UI布局异常"", ""bbox_overlap_check"": {""max_iou"": 0.0, ""risk_max_iou"": 0.0, ""overlapping_pairs"": [], ""box_count"": 5, ""anomalies"": []}, ""hard_tamper_flags"": {""bbox_iou"": false}, ""original_bbox"": [298, 407, 563, 461], ""field_type"": ""amount"", ""field_label"": ""金额"", ""region_no"": 1}, {""result"": ""篡改"", ""confidence"": 0.825034529652482, ""bbox"": [477, 1000, 294, 32], ""reason"": ""全局UI布局异常；存在局部边缘拼接/像素涂抹痕迹"", ""bbox_overlap_check"": {""max_iou"": 0.0, ""risk_max_iou"": 0.0, ""overlapping_pairs"": [], ""box_count"": 5, ""anomalies"": []}, ""hard_tamper_flags"": {""bbox_iou"": false}, ""original_bbox"": [477, 1000, 771, 1032], ""field_type"": ""time"", ""field_label"": ""时间"", ""region_no"": 2}, {""result"": ""篡改"", ""confidence"": 0.8053844634770414, ""bbox"": [632, 940, 138, 33], ""reason"": ""全局UI布局异常；存在局部边缘拼接/像素涂抹痕迹"", ""bbox_overlap_check"": {""max_iou"": 0.0, ""risk_max_iou"": 0.0, ""overlapping_pairs"": [], ""box_count"": 5, ""anomalies"": []}, ""hard_tamper_flags"": {""bbox_iou"": false}, ""original_bbox"": [632, 940, 770, 973], ""field_type"": ""amount"", ""field_label"": ""金额"", ""region_no"": 3}, {""result"": ""篡改"", ""confidence"": 0.8117179167243621, ""bbox"": [670, 757, 101, 39], ""reason"": ""全局UI布局异常；存在局部边缘拼接/像素涂抹痕迹"", ""bbox_overlap_check"": {""max_iou"": 0.0, ""risk_max_iou"": 0.0, ""overlapping_pairs"": [], ""box_count"": 5, ""anomalies"": []}, ""hard_tamper_flags"": {""bbox_iou"": false}, ""original_bbox"": [670, 757, 771, 796], ""field_type"": ""name"", ""field_label"": ""姓名"", ""region_no"": 4}, {""result"": ""篡改"", ""confidence"": 0.8162146411560786, ""bbox"": [701, 638, 70, 37], ""reason"": ""全局UI布局异常；存在局部边缘拼接/像素涂抹痕迹"", ""bbox_overlap_check"": {""max_iou"": 0.0, ""risk_max_iou"": 0.0, ""overlapping_pairs"": [], ""box_count"": 5, ""anomalies"": []}, ""hard_tamper_flags"": {""bbox_iou"": false}, ""original_bbox"": [701, 638, 771, 675], ""field_type"": ""name"", ""field_label"": ""姓名"", ""region_no"": 5}]",0.275035,0.175035
fixed_regression,fixed_regression,p (37).jpg,/home/quyu/PD_new/PD_max/app/ai_detection/images/tampered/p (37).jpg,篡改,篡改,0.8420804292564494,True,5,31,841.2,全局UI布局异常；存在局部边缘拼接/像素涂抹痕迹,"[{""result"": ""篡改"", ""confidence"": 0.7177276679826718, ""bbox"": [298, 407, 265, 54], ""reason"": ""全局UI布局异常"", ""bbox_overlap_check"": {""max_iou"": 0.0, ""risk_max_iou"": 0.0, ""overlapping_pairs"": [], ""box_count"": 5, ""anomalies"": []}, ""hard_tamper_flags"": {""bbox_iou"": false}, ""original_bbox"": [298, 407, 563, 461], ""field_type"": ""amount"", ""field_label"": ""金额"", ""region_no"": 1}, {""result"": ""篡改"", ""confidence"": 0.7610058562261064, ""bbox"": [477, 1000, 293, 32], ""reason"": ""全局UI布局异常；存在局部边缘拼接/像素涂抹痕迹"", ""bbox_overlap_check"": {""max_iou"": 0.0, ""risk_max_iou"": 0.0, ""overlapping_pairs"": [], ""box_count"": 5, ""anomalies"": []}, ""hard_tamper_flags"": {""bbox_iou"": false}, ""original_bbox"": [477, 1000, 770, 1032], ""field_type"": ""time"", ""field_label"": ""时间"", ""region_no"": 2}, {""result"": ""篡改"", ""confidence"": 0.8420804292564494, ""bbox"": [631, 940, 139, 33], ""reason"": ""全局UI布局异常；存在局部边缘拼接/像素涂抹痕迹"", ""bbox_overlap_check"": {""max_iou"": 0.0, ""risk_max_iou"": 0.0, ""overlapping_pairs"": [], ""box_count"": 5, ""anomalies"": []}, ""hard_tamper_flags"": {""bbox_iou"": false}, ""original_bbox"": [631, 940, 770, 973], ""field_type"": ""amount"", ""field_label"": ""金额"", ""region_no"": 3}, {""result"": ""篡改"", ""confidence"": 0.8138990456605164, ""bbox"": [701, 638, 70, 39], ""reason"": ""全局UI布局异常；存在局部边缘拼接/像素涂抹痕迹"", ""bbox_overlap_check"": {""max_iou"": 0.0, ""risk_max_iou"": 0.0, ""overlapping_pairs"": [], ""box_count"": 5, ""anomalies"": []}, ""hard_tamper_flags"": {""bbox_iou"": false}, ""original_bbox"": [701, 638, 771, 677], ""field_type"": ""name"", ""field_label"": ""姓名"", ""region_no"": 4}, {""result"": ""篡改"", ""confidence"": 0.8144154767452116, ""bbox"": [701, 759, 70, 37], ""reason"": ""全局UI布局异常；存在局部边缘拼接/像素涂抹痕迹"", ""bbox_overlap_check"": {""max_iou"": 0.0, ""risk_max_iou"": 0.0, ""overlapping_pairs"": [], ""box_count"": 5, ""anomalies"": []}, ""hard_tamper_flags"": {""bbox_iou"": false}, ""original_bbox"": [701, 759, 771, 796], ""field_type"": ""name"", ""field_label"": ""姓名"", ""region_no"": 5}]",0.29208,0.19208
fixed_regression,fixed_regression,p (38).jpg,/home/quyu/PD_new/PD_max/app/ai_detection/images/tampered/p (38).jpg,篡改,篡改,0.8208354757598952,True,5,31,779.6,全局UI布局异常；存在局部边缘拼接/像素涂抹痕迹,"[{""result"": ""篡改"", ""confidence"": 0.7194904233956058, ""bbox"": [299, 407, 264, 54], ""reason"": ""全局UI布局异常"", ""bbox_overlap_check"": {""max_iou"": 0.0, ""risk_max_iou"": 0.0, ""overlapping_pairs"": [], ""box_count"": 5, ""anomalies"": []}, ""hard_tamper_flags"": {""bbox_iou"": false}, ""original_bbox"": [299, 407, 563, 461], ""field_type"": ""amount"", ""field_label"": ""金额"", ""region_no"": 1}, {""result"": ""篡改"", ""confidence"": 0.8180291541117839, ""bbox"": [477, 1000, 294, 32], ""reason"": ""全局UI布局异常；存在局部边缘拼接/像素涂抹痕迹"", ""bbox_overlap_check"": {""max_iou"": 0.0, ""risk_max_iou"": 0.0, ""overlapping_pairs"": [], ""box_count"": 5, ""anomalies"": []}, ""hard_tamper_flags"": {""bbox_iou"": false}, ""original_bbox"": [477, 1000, 771, 1032], ""field_type"": ""time"", ""field_label"": ""时间"", ""region_no"": 2}, {""result"": ""篡改"", ""confidence"": 0.8208354757598952, ""bbox"": [632, 940, 139, 33], ""reason"": ""全局UI布局异常；存在局部边缘拼接/像素涂抹痕迹"", ""bbox_overlap_check"": {""max_iou"": 0.0, ""risk_max_iou"": 0.0, ""overlapping_pairs"": [], ""box_count"": 5, ""anomalies"": []}, ""hard_tamper_flags"": {""bbox_iou"": false}, ""original_bbox"": [632, 940, 771, 973], ""field_type"": ""amount"", ""field_label"": ""金额"", ""region_no"": 3}, {""result"": ""篡改"", ""confidence"": 0.8167474172734034, ""bbox"": [701, 638, 70, 37], ""reason"": ""全局UI布局异常；存在局部边缘拼接/像素涂抹痕迹"", ""bbox_overlap_check"": {""max_iou"": 0.0, ""risk_max_iou"": 0.0, ""overlapping_pairs"": [], ""box_count"": 5, ""anomalies"": []}, ""hard_tamper_flags"": {""bbox_iou"": false}, ""original_bbox"": [701, 638, 771, 675], ""field_type"": ""name"", ""field_label"": ""姓名"", ""region_no"": 4}, {""result"": ""篡改"", ""confidence"": 0.8168985527152494, ""bbox"": [700, 759, 68, 37], ""reason"": ""全局UI布局异常；存在局部边缘拼接/像素涂抹痕迹"", ""bbox_overlap_check"": {""max_iou"": 0.0, ""risk_max_iou"": 0.0, ""overlapping_pairs"": [], ""box_count"": 5, ""anomalies"": []}, ""hard_tamper_flags"": {""bbox_iou"": false}, ""original_bbox"": [700, 759, 768, 796], ""field_type"": ""name"", ""field_label"": ""姓名"", ""region_no"": 5}]",0.270835,0.170835
fixed_regression,fixed_regression,p (39).jpg,/home/quyu/PD_new/PD_max/app/ai_detection/images/tampered/p (39).jpg,篡改,篡改,0.8589012324404814,True,5,31,795.6,全局UI布局异常；存在局部边缘拼接/像素涂抹痕迹,"[{""result"": ""篡改"", ""confidence"": 0.7326819380266881, ""bbox"": [299, 407, 264, 54], ""reason"": ""全局UI布局异常"", ""bbox_overlap_check"": {""max_iou"": 0.0, ""risk_max_iou"": 0.0, ""overlapping_pairs"": [], ""box_count"": 5, ""anomalies"": []}, ""hard_tamper_flags"": {""bbox_iou"": false}, ""original_bbox"": [299, 407, 563, 461], ""field_type"": ""amount"", ""field_label"": ""金额"", ""region_no"": 1}, {""result"": ""篡改"", ""confidence"": 0.8089432232798348, ""bbox"": [477, 1000, 294, 32], ""reason"": ""全局UI布局异常；存在局部边缘拼接/像素涂抹痕迹"", ""bbox_overlap_check"": {""max_iou"": 0.0, ""risk_max_iou"": 0.0, ""overlapping_pairs"": [], ""box_count"": 5, ""anomalies"": []}, ""hard_tamper_flags"": {""bbox_iou"": false}, ""original_bbox"": [477, 1000, 771, 1032], ""field_type"": ""time"", ""field_label"": ""时间"", ""region_no"": 2}, {""result"": ""篡改"", ""confidence"": 0.8589012324404814, ""bbox"": [632, 940, 138, 33], ""reason"": ""全局UI布局异常；存在局部边缘拼接/像素涂抹痕迹"", ""bbox_overlap_check"": {""max_iou"": 0.0, ""risk_max_iou"": 0.0, ""overlapping_pairs"": [], ""box_count"": 5, ""anomalies"": []}, ""hard_tamper_flags"": {""bbox_iou"": false}, ""original_bbox"": [632, 940, 770, 973], ""field_type"": ""amount"", ""field_label"": ""金额"", ""region_no"": 3}, {""result"": ""篡改"", ""confidence"": 0.8179561711369616, ""bbox"": [701, 759, 69, 37], ""reason"": ""全局UI布局异常；存在局部边缘拼接/像素涂抹痕迹"", ""bbox_overlap_check"": {""max_iou"": 0.0, ""risk_max_iou"": 0.0, ""overlapping_pairs"": [], ""box_count"": 5, ""anomalies"": []}, ""hard_tamper_flags"": {""bbox_iou"": false}, ""original_bbox"": [701, 759, 770, 796], ""field_type"": ""name"", ""field_label"": ""姓名"", ""region_no"": 4}, {""result"": ""篡改"", ""confidence"": 0.8186665781868656, ""bbox"": [700, 638, 70, 36], ""reason"": ""全局UI布局异常；存在局部边缘拼接/像素涂抹痕迹"", ""bbox_overlap_check"": {""max_iou"": 0.0, ""risk_max_iou"": 0.0, ""overlapping_pairs"": [], ""box_count"": 5, ""anomalies"": []}, ""hard_tamper_flags"": {""bbox_iou"": false}, ""original_bbox"": [700, 638, 770, 674], ""field_type"": ""name"", ""field_label"": ""姓名"", ""region_no"": 5}]",0.308901,0.208901
fixed_regression,fixed_regression,p (42).jpg,/home/quyu/PD_new/PD_max/app/ai_detection/images/tampered/p (42).jpg,篡改,篡改,0.8201485188932873,True,5,32,841.8,全局UI布局异常；存在局部边缘拼接/像素涂抹痕迹,"[{""result"": ""篡改"", ""confidence"": 0.7256248794003871, ""bbox"": [298, 407, 265, 54], ""reason"": ""全局UI布局异常"", ""bbox_overlap_check"": {""max_iou"": 0.0, ""risk_max_iou"": 0.0, ""overlapping_pairs"": [], ""box_count"": 5, ""anomalies"": []}, ""hard_tamper_flags"": {""bbox_iou"": false}, ""original_bbox"": [298, 407, 563, 461], ""field_type"": ""amount"", ""field_label"": ""金额"", ""region_no"": 1}, {""result"": ""篡改"", ""confidence"": 0.7978302386751296, ""bbox"": [477, 999, 293, 33], ""reason"": ""全局UI布局异常；存在局部边缘拼接/像素涂抹痕迹"", ""bbox_overlap_check"": {""max_iou"": 0.0, ""risk_max_iou"": 0.0, ""overlapping_pairs"": [], ""box_count"": 5, ""anomalies"": []}, ""hard_tamper_flags"": {""bbox_iou"": false}, ""original_bbox"": [477, 999, 770, 1032], ""field_type"": ""time"", ""field_label"": ""时间"", ""region_no"": 2}, {""result"": ""篡改"", ""confidence"": 0.785097071994439, ""bbox"": [632, 940, 138, 33], ""reason"": ""全局UI布局异常；存在局部边缘拼接/像素涂抹痕迹"", ""bbox_overlap_check"": {""max_iou"": 0.0, ""risk_max_iou"": 0.0, ""overlapping_pairs"": [], ""box_count"": 5, ""anomalies"": []}, ""hard_tamper_flags"": {""bbox_iou"": false}, ""original_bbox"": [632, 940, 770, 973], ""field_type"": ""amount"", ""field_label"": ""金额"", ""region_no"": 3}, {""result"": ""篡改"", ""confidence"": 0.8201485188932873, ""bbox"": [700, 638, 70, 37], ""reason"": ""全局UI布局异常；存在局部边缘拼接/像素涂抹痕迹"", ""bbox_overlap_check"": {""max_iou"": 0.0, ""risk_max_iou"": 0.0, ""overlapping_pairs"": [], ""box_count"": 5, ""anomalies"": []}, ""hard_tamper_flags"": {""bbox_iou"": false}, ""original_bbox"": [700, 638, 770, 675], ""field_type"": ""name"", ""field_label"": ""姓名"", ""region_no"": 4}, {""result"": ""篡改"", ""confidence"": 0.81970541877135, ""bbox"": [701, 759, 70, 37], ""reason"": ""全局UI布局异常；存在局部边缘拼接/像素涂抹痕迹"", ""bbox_overlap_check"": {""max_iou"": 0.0, ""risk_max_iou"": 0.0, ""overlapping_pairs"": [], ""box_count"": 5, ""anomalies"": []}, ""hard_tamper_flags"": {""bbox_iou"": false}, ""original_bbox"": [701, 759, 771, 796], ""field_type"": ""name"", ""field_label"": ""姓名"", ""region_no"": 5}]",0.270149,0.170149
fixed_regression,fixed_regression,p (8).jpg,/home/quyu/PD_new/PD_max/app/ai_detection/images/tampered/p (8).jpg,篡改,篡改,0.8581235331068604,True,5,29,902.4,全局UI布局异常；存在局部边缘拼接/像素涂抹痕迹,"[{""result"": ""篡改"", ""confidence"": 0.716342066742047, ""bbox"": [298, 407, 265, 54], ""reason"": ""全局UI布局异常"", ""bbox_overlap_check"": {""max_iou"": 0.0, ""risk_max_iou"": 0.0, ""overlapping_pairs"": [], ""box_count"": 5, ""anomalies"": []}, ""hard_tamper_flags"": {""bbox_iou"": false}, ""original_bbox"": [298, 407, 563, 461], ""field_type"": ""amount"", ""field_label"": ""金额"", ""region_no"": 1}, {""result"": ""篡改"", ""confidence"": 0.75702627317912, ""bbox"": [477, 1000, 293, 32], ""reason"": ""全局UI布局异常；存在局部边缘拼接/像素涂抹痕迹"", ""bbox_overlap_check"": {""max_iou"": 0.0, ""risk_max_iou"": 0.0, ""overlapping_pairs"": [], ""box_count"": 5, ""anomalies"": []}, ""hard_tamper_flags"": {""bbox_iou"": false}, ""original_bbox"": [477, 1000, 770, 1032], ""field_type"": ""time"", ""field_label"": ""时间"", ""region_no"": 2}, {""result"": ""篡改"", ""confidence"": 0.8581235331068604, ""bbox"": [632, 940, 139, 33], ""reason"": ""全局UI布局异常；存在局部边缘拼接/像素涂抹痕迹"", ""bbox_overlap_check"": {""max_iou"": 0.0, ""risk_max_iou"": 0.0, ""overlapping_pairs"": [], ""box_count"": 5, ""anomalies"": []}, ""hard_tamper_flags"": {""bbox_iou"": false}, ""original_bbox"": [632, 940, 771, 973], ""field_type"": ""amount"", ""field_label"": ""金额"", ""region_no"": 3}, {""result"": ""篡改"", ""confidence"": 0.8101497611136173, ""bbox"": [670, 757, 101, 39], ""reason"": ""全局UI布局异常；存在局部边缘拼接/像素涂抹痕迹"", ""bbox_overlap_check"": {""max_iou"": 0.0, ""risk_max_iou"": 0.0, ""overlapping_pairs"": [], ""box_count"": 5, ""anomalies"": []}, ""hard_tamper_flags"": {""bbox_iou"": false}, ""original_bbox"": [670, 757, 771, 796], ""field_type"": ""name"", ""field_label"": ""姓名"", ""region_no"": 4}, {""result"": ""篡改"", ""confidence"": 0.8148819812668522, ""bbox"": [700, 638, 70, 36], ""reason"": ""全局UI布局异常；存在局部边缘拼接/像素涂抹痕迹"", ""bbox_overlap_check"": {""max_iou"": 0.0, ""risk_max_iou"": 0.0, ""overlapping_pairs"": [], ""box_count"": 5, ""anomalies"": []}, ""hard_tamper_flags"": {""bbox_iou"": false}, ""original_bbox"": [700, 638, 770, 674], ""field_type"": ""name"", ""field_label"": ""姓名"", ""region_no"": 5}]",0.308124,0.208124
training_replay,train,pptest__ebe78fef76ed__111.png,/home/quyu/PD_new/PD_max/app/ai_detection/images/tampered/pptest__ebe78fef76ed__111.png,篡改,篡改,0.66,True,5,40,8956.6,文件体积/像素比异常(疑似工具导出)；全局UI布局异常；局部字体风格异常,"[{""result"": ""篡改"", ""confidence"": 0.66, ""bbox"": [753, 1170, 473, 59], ""reason"": ""文件体积/像素比异常(疑似工具导出)；全局UI布局异常；局部字体风格异常"", ""bbox_overlap_check"": {""max_iou"": 0.0, ""risk_max_iou"": 0.0, ""overlapping_pairs"": [], ""box_count"": 5, ""anomalies"": []}, ""hard_tamper_flags"": {""bbox_iou"": false}, ""original_bbox"": [753, 1170, 1226, 1229], ""field_type"": ""time"", ""field_label"": ""时间"", ""region_no"": 1}, {""result"": ""篡改"", ""confidence"": 0.66, ""bbox"": [745, 987, 395, 70], ""reason"": ""文件体积/像素比异常(疑似工具导出)；全局UI布局异常；局部字体风格异常"", ""bbox_overlap_check"": {""max_iou"": 0.0, ""risk_max_iou"": 0.0, ""overlapping_pairs"": [], ""box_count"": 5, ""anomalies"": []}, ""hard_tamper_flags"": {""bbox_iou"": false}, ""original_bbox"": [745, 987, 1140, 1057], ""field_type"": ""amount"", ""field_label"": ""金额"", ""region_no"": 2}, {""result"": ""篡改"", ""confidence"": 0.66, ""bbox"": [754, 1241, 475, 55], ""reason"": ""文件体积/像素比异常(疑似工具导出)；全局UI布局异常"", ""bbox_overlap_check"": {""max_iou"": 0.0, ""risk_max_iou"": 0.0, ""overlapping_pairs"": [], ""box_count"": 5, ""anomalies"": []}, ""hard_tamper_flags"": {""bbox_iou"": false}, ""original_bbox"": [754, 1241, 1229, 1296], ""field_type"": ""time"", ""field_label"": ""时间"", ""region_no"": 3}, {""result"": ""篡改"", ""confidence"": 0.66, ""bbox"": [1740, 672, 255, 70], ""reason"": ""文件体积/像素比异常(疑似工具导出)；全局UI布局异常"", ""bbox_overlap_check"": {""max_iou"": 0.0, ""risk_max_iou"": 0.0, ""overlapping_pairs"": [], ""box_count"": 5, ""anomalies"": []}, ""hard_tamper_flags"": {""bbox_iou"": false}, ""original_bbox"": [1740, 672, 1995, 742], ""field_type"": ""amount"", ""field_label"": ""金额"", ""region_no"": 4}, {""result"": ""篡改"", ""confidence"": 0.66, ""bbox"": [1812, 756, 106, 63], ""reason"": ""文件体积/像素比异常(疑似工具导出)；全局UI布局异常"", ""bbox_overlap_check"": {""max_iou"": 0.0, ""risk_max_iou"": 0.0, ""overlapping_pairs"": [], ""box_count"": 5, ""anomalies"": []}, ""hard_tamper_flags"": {""bbox_iou"": false}, ""original_bbox"": [1812, 756, 1918, 819], ""field_type"": ""name"", ""field_label"": ""姓名"", ""region_no"": 5}]",0.11,0.01
training_replay,train,pptest__21a9066bff6a__92e595cffb63d039f10b271f23b180dd.png,/home/quyu/PD_new/PD_max/app/ai_detection/images/tampered/pptest__21a9066bff6a__92e595cffb63d039f10b271f23b180dd.png,篡改,篡改,0.66,True,3,45,2233.2,缺少EXIF且图像结构异常(疑似生成图)；全局UI布局异常,"[{""result"": ""篡改"", ""confidence"": 0.66, ""bbox"": [315, 361, 114, 23], ""reason"": ""缺少EXIF且图像结构异常(疑似生成图)；全局UI布局异常"", ""bbox_overlap_check"": {""max_iou"": 0.0, ""risk_max_iou"": 0.0, ""overlapping_pairs"": [], ""box_count"": 3, ""anomalies"": []}, ""hard_tamper_flags"": {""bbox_iou"": false}, ""original_bbox"": [315, 361, 429, 384], ""field_type"": ""amount"", ""field_label"": ""金额"", ""region_no"": 1}, {""result"": ""篡改"", ""confidence"": 0.66, ""bbox"": [317, 414, 144, 18], ""reason"": ""缺少EXIF且图像结构异常(疑似生成图)；全局UI布局异常"", ""bbox_overlap_check"": {""max_iou"": 0.0, ""risk_max_iou"": 0.0, ""overlapping_pairs"": [], ""box_count"": 3, ""anomalies"": []}, ""hard_tamper_flags"": {""bbox_iou"": false}, ""original_bbox"": [317, 414, 461, 432], ""field_type"": ""time"", ""field_label"": ""时间"", ""region_no"": 2}, {""result"": ""篡改"", ""confidence"": 0.66, ""bbox"": [611, 264, 82, 26], ""reason"": ""缺少EXIF且图像结构异常(疑似生成图)；全局UI布局异常"", ""bbox_overlap_check"": {""max_iou"": 0.0, ""risk_max_iou"": 0.0, ""overlapping_pairs"": [], ""box_count"": 3, ""anomalies"": []}, ""hard_tamper_flags"": {""bbox_iou"": false}, ""original_bbox"": [611, 264, 693, 290], ""field_type"": ""amount"", ""field_label"": ""金额"", ""region_no"": 3}]",0.11,0.01
independent,test,1.png,/home/quyu/PD_new/PD_max/app/ai_detection/images/normal/1.png,正常,篡改,0.66,False,1,42,1427.1,全局UI布局异常,"[{""result"": ""篡改"", ""confidence"": 0.66, ""bbox"": [146, 220, 74, 13], ""reason"": ""全局UI布局异常"", ""bbox_overlap_check"": {""max_iou"": 0.0, ""risk_max_iou"": 0.0, ""overlapping_pairs"": [], ""box_count"": 1, ""anomalies"": []}, ""hard_tamper_flags"": {""bbox_iou"": false}, ""original_bbox"": [146, 220, 220, 233], ""field_type"": ""amount"", ""field_label"": ""金额"", ""region_no"": 1}]",0.11,0.01
independent,test,13.jpg,/home/quyu/PD_new/PD_max/app/ai_detection/images/normal/13.jpg,正常,正常,0.44097032615162096,True,6,30,1176.6,存在局部边缘拼接/像素涂抹痕迹,"[{""result"": ""正常"", ""confidence"": 0.3352829098856177, ""bbox"": [458, 387, 403, 103], ""reason"": ""存在局部边缘拼接/像素涂抹痕迹；局部字体风格异常"", ""bbox_overlap_check"": {""max_iou"": 0.0, ""risk_max_iou"": 0.0, ""overlapping_pairs"": [], ""box_count"": 6, ""anomalies"": []}, ""hard_tamper_flags"": {""bbox_iou"": false}, ""original_bbox"": [458, 387, 861, 490], ""field_type"": ""amount"", ""field_label"": ""金额"", ""region_no"": 1}, {""result"": ""正常"", ""confidence"": 0.3864932789170944, ""bbox"": [932, 664, 348, 47], ""reason"": ""存在局部边缘拼接/像素涂抹痕迹"", ""bbox_overlap_check"": {""max_iou"": 0.0, ""risk_max_iou"": 0.0, ""overlapping_pairs"": [], ""box_count"": 6, ""anomalies"": []}, ""hard_tamper_flags"": {""bbox_iou"": false}, ""original_bbox"": [932, 664, 1280, 711], ""field_type"": ""time"", ""field_label"": ""时间"", ""region_no"": 2}, {""result"": ""正常"", ""confidence"": 0.4089331897712546, ""bbox"": [530, 511, 257, 52], ""reason"": ""存在局部边缘拼接/像素涂抹痕迹"", ""bbox_overlap_check"": {""max_iou"": 0.0, ""risk_max_iou"": 0.0, ""overlapping_pairs"": [], ""box_count"": 6, ""anomalies"": []}, ""hard_tamper_flags"": {""bbox_iou"": false}, ""original_bbox"": [530, 511, 787, 563], ""field_type"": ""amount"", ""field_label"": ""金额"", ""region_no"": 3}, {""result"": ""正常"", ""confidence"": 0.43401915274209946, ""bbox"": [1098, 1198, 183, 52], ""reason"": ""存在局部边缘拼接/像素涂抹痕迹"", ""bbox_overlap_check"": {""max_iou"": 0.0, ""risk_max_iou"": 0.0, ""overlapping_pairs"": [], ""box_count"": 6, ""anomalies"": []}, ""hard_tamper_flags"": {""bbox_iou"": false}, ""original_bbox"": [1098, 1198, 1281, 1250], ""field_type"": ""amount"", ""field_label"": ""金额"", ""region_no"": 4}, {""result"": ""正常"", ""confidence"": 0.44097032615162096, ""bbox"": [1100, 1413, 180, 50], ""reason"": ""存在局部边缘拼接/像素涂抹痕迹"", ""bbox_overlap_check"": {""max_iou"": 0.0, ""risk_max_iou"": 0.0, ""overlapping_pairs"": [], ""box_count"": 6, ""anomalies"": []}, ""hard_tamper_flags"": {""bbox_iou"": false}, ""original_bbox"": [1100, 1413, 1280, 1463], ""field_type"": ""amount"", ""field_label"": ""金额"", ""region_no"": 5}, {""result"": ""正常"", ""confidence"": 0.4089197950197716, ""bbox"": [1110, 1626, 170, 50], ""reason"": ""存在局部边缘拼接/像素涂抹痕迹"", ""bbox_overlap_check"": {""max_iou"": 0.0, ""risk_max_iou"": 0.0, ""overlapping_pairs"": [], ""box_count"": 6, ""anomalies"": []}, ""hard_tamper_flags"": {""bbox_iou"": false}, ""original_bbox"": [1110, 1626, 1280, 1676], ""field_type"": ""amount"", ""field_label"": ""金额"", ""region_no"": 6}]",-0.10903,-0.20903
independent,test,10.png,/home/quyu/PD_new/PD_max/app/ai_detection/images/normal/10.png,正常,正常,0.3788010298126907,True,3,37,2471.3,缺少EXIF且图像结构异常(疑似生成图)；全局UI布局异常,"[{""result"": ""正常"", ""confidence"": 0.35864233924044303, ""bbox"": [147, 89, 107, 14], ""reason"": ""缺少EXIF且图像结构异常(疑似生成图)；全局UI布局异常"", ""bbox_overlap_check"": {""max_iou"": 0.0, ""risk_max_iou"": 0.0, ""overlapping_pairs"": [], ""box_count"": 3, ""anomalies"": []}, ""hard_tamper_flags"": {""bbox_iou"": false}, ""original_bbox"": [147, 89, 254, 103], ""field_type"": ""time"", ""field_label"": ""时间"", ""region_no"": 1}, {""result"": ""正常"", ""confidence"": 0.3788010298126907, ""bbox"": [147, 246, 107, 13], ""reason"": ""缺少EXIF且图像结构异常(疑似生成图)；全局UI布局异常"", ""bbox_overlap_check"": {""max_iou"": 0.0, ""risk_max_iou"": 0.0, ""overlapping_pairs"": [], ""box_count"": 3, ""anomalies"": []}, ""hard_tamper_flags"": {""bbox_iou"": false}, ""original_bbox"": [147, 246, 254, 259], ""field_type"": ""time"", ""field_label"": ""时间"", ""region_no"": 2}, {""result"": ""正常"", ""confidence"": 0.3708559437288894, ""bbox"": [146, 224, 79, 16], ""reason"": ""缺少EXIF且图像结构异常(疑似生成图)；全局UI布局异常"", ""bbox_overlap_check"": {""max_iou"": 0.0, ""risk_max_iou"": 0.0, ""overlapping_pairs"": [], ""box_count"": 3, ""anomalies"": []}, ""hard_tamper_flags"": {""bbox_iou"": false}, ""original_bbox"": [146, 224, 225, 240], ""field_type"": ""amount"", ""field_label"": ""金额"", ""region_no"": 3}]",-0.171199,-0.271199
independent,test,16.png,/home/quyu/PD_new/PD_max/app/ai_detection/images/normal/16.png,正常,正常,0.10977516176945568,True,2,39,2612.6,缺少EXIF且图像结构异常(疑似生成图),"[{""result"": ""正常"", ""confidence"": 0.0, ""bbox"": [26, 456, 252, 13], ""reason"": ""缺少EXIF且图像结构异常(疑似生成图)"", ""bbox_overlap_check"": {""max_iou"": 0.0, ""risk_max_iou"": 0.0, ""overlapping_pairs"": [], ""box_count"": 2, ""anomalies"": []}, ""hard_tamper_flags"": {""bbox_iou"": false}, ""original_bbox"": [26, 456, 278, 469], ""field_type"": ""amount"", ""field_label"": ""金额"", ""region_no"": 1}, {""result"": ""正常"", ""confidence"": 0.10977516176945568, ""bbox"": [112, 257, 86, 11], ""reason"": ""缺少EXIF且图像结构异常(疑似生成图)"", ""bbox_overlap_check"": {""max_iou"": 0.0, ""risk_max_iou"": 0.0, ""overlapping_pairs"": [], ""box_count"": 2, ""anomalies"": []}, ""hard_tamper_flags"": {""bbox_iou"": false}, ""original_bbox"": [112, 257, 198, 268], ""field_type"": ""amount"", ""field_label"": ""金额"", ""region_no"": 2}]",-0.440225,-0.540225
independent,test,2.png,/home/quyu/PD_new/PD_max/app/ai_detection/images/normal/2.png,正常,正常,0.17572144073142507,True,3,39,1920.8,缺少EXIF且图像结构异常(疑似生成图),"[{""result"": ""正常"", ""confidence"": 0.10310880397710592, ""bbox"": [98, 245, 88, 12], ""reason"": ""缺少EXIF且图像结构异常(疑似生成图)"", ""bbox_overlap_check"": {""max_iou"": 0.0, ""risk_max_iou"": 0.0, ""overlapping_pairs"": [], ""box_count"": 3, ""anomalies"": []}, ""hard_tamper_flags"": {""bbox_iou"": false}, ""original_bbox"": [98, 245, 186, 257], ""field_type"": ""time"", ""field_label"": ""时间"", ""region_no"": 1}, {""result"": ""正常"", ""confidence"": 0.0, ""bbox"": [99, 121, 85, 10], ""reason"": ""缺少EXIF且图像结构异常(疑似生成图)"", ""bbox_overlap_check"": {""max_iou"": 0.0, ""risk_max_iou"": 0.0, ""overlapping_pairs"": [], ""box_count"": 3, ""anomalies"": []}, ""hard_tamper_flags"": {""bbox_iou"": false}, ""original_bbox"": [99, 121, 184, 131], ""field_type"": ""time"", ""field_label"": ""时间"", ""region_no"": 2}, {""result"": ""正常"", ""confidence"": 0.17572144073142507, ""bbox"": [99, 228, 63, 12], ""reason"": ""缺少EXIF且图像结构异常(疑似生成图)"", ""bbox_overlap_check"": {""max_iou"": 0.0, ""risk_max_iou"": 0.0, ""overlapping_pairs"": [], ""box_count"": 3, ""anomalies"": []}, ""hard_tamper_flags"": {""bbox_iou"": false}, ""original_bbox"": [99, 228, 162, 240], ""field_type"": ""amount"", ""field_label"": ""金额"", ""region_no"": 3}]",-0.374279,-0.474279
independent,test,31.png,/home/quyu/PD_new/PD_max/app/ai_detection/images/normal/31.png,正常,篡改,0.66,False,2,38,2177.3,缺少EXIF且图像结构异常(疑似生成图)；全局UI布局异常,"[{""result"": ""篡改"", ""confidence"": 0.66, ""bbox"": [109, 113, 85, 10], ""reason"": ""缺少EXIF且图像结构异常(疑似生成图)；全局UI布局异常"", ""bbox_overlap_check"": {""max_iou"": 0.0, ""risk_max_iou"": 0.0, ""overlapping_pairs"": [], ""box_count"": 2, ""anomalies"": []}, ""hard_tamper_flags"": {""bbox_iou"": false}, ""original_bbox"": [109, 113, 194, 123], ""field_type"": ""time"", ""field_label"": ""时间"", ""region_no"": 1}, {""result"": ""篡改"", ""confidence"": 0.66, ""bbox"": [109, 221, 63, 12], ""reason"": ""缺少EXIF且图像结构异常(疑似生成图)；全局UI布局异常"", ""bbox_overlap_check"": {""max_iou"": 0.0, ""risk_max_iou"": 0.0, ""overlapping_pairs"": [], ""box_count"": 2, ""anomalies"": []}, ""hard_tamper_flags"": {""bbox_iou"": false}, ""original_bbox"": [109, 221, 172, 233], ""field_type"": ""amount"", ""field_label"": ""金额"", ""region_no"": 2}]",0.11,0.01
independent,test,32.png,/home/quyu/PD_new/PD_max/app/ai_detection/images/normal/32.png,正常,篡改,0.66,False,2,39,2022.0,缺少EXIF且图像结构异常(疑似生成图)；全局UI布局异常,"[{""result"": ""篡改"", ""confidence"": 0.66, ""bbox"": [108, 128, 88, 12], ""reason"": ""缺少EXIF且图像结构异常(疑似生成图)；全局UI布局异常"", ""bbox_overlap_check"": {""max_iou"": 0.0, ""risk_max_iou"": 0.0, ""overlapping_pairs"": [], ""box_count"": 2, ""anomalies"": []}, ""hard_tamper_flags"": {""bbox_iou"": false}, ""original_bbox"": [108, 128, 196, 140], ""field_type"": ""time"", ""field_label"": ""时间"", ""region_no"": 1}, {""result"": ""篡改"", ""confidence"": 0.66, ""bbox"": [108, 253, 88, 12], ""reason"": ""缺少EXIF且图像结构异常(疑似生成图)；全局UI布局异常"", ""bbox_overlap_check"": {""max_iou"": 0.0, ""risk_max_iou"": 0.0, ""overlapping_pairs"": [], ""box_count"": 2, ""anomalies"": []}, ""hard_tamper_flags"": {""bbox_iou"": false}, ""original_bbox"": [108, 253, 196, 265], ""field_type"": ""time"", ""field_label"": ""时间"", ""region_no"": 2}]",0.11,0.01
independent,test,33.png,/home/quyu/PD_new/PD_max/app/ai_detection/images/normal/33.png,正常,正常,0.07152179869025592,True,3,39,1993.1,缺少EXIF且图像结构异常(疑似生成图),"[{""result"": ""正常"", ""confidence"": 0.07152179869025592, ""bbox"": [97, 116, 82, 13], ""reason"": ""缺少EXIF且图像结构异常(疑似生成图)"", ""bbox_overlap_check"": {""max_iou"": 0.0, ""risk_max_iou"": 0.0, ""overlapping_pairs"": [], ""box_count"": 3, ""anomalies"": []}, ""hard_tamper_flags"": {""bbox_iou"": false}, ""original_bbox"": [97, 116, 179, 129], ""field_type"": ""time"", ""field_label"": ""时间"", ""region_no"": 1}, {""result"": ""正常"", ""confidence"": 0.0, ""bbox"": [97, 217, 60, 12], ""reason"": ""缺少EXIF且图像结构异常(疑似生成图)"", ""bbox_overlap_check"": {""max_iou"": 0.0, ""risk_max_iou"": 0.0, ""overlapping_pairs"": [], ""box_count"": 3, ""anomalies"": []}, ""hard_tamper_flags"": {""bbox_iou"": false}, ""original_bbox"": [97, 217, 157, 229], ""field_type"": ""amount"", ""field_label"": ""金额"", ""region_no"": 2}, {""result"": ""正常"", ""confidence"": 0.0, ""bbox"": [98, 235, 79, 9], ""reason"": ""缺少EXIF且图像结构异常(疑似生成图)"", ""bbox_overlap_check"": {""max_iou"": 0.0, ""risk_max_iou"": 0.0, ""overlapping_pairs"": [], ""box_count"": 3, ""anomalies"": []}, ""hard_tamper_flags"": {""bbox_iou"": false}, ""original_bbox"": [98, 235, 177, 244], ""field_type"": ""time"", ""field_label"": ""时间"", ""region_no"": 3}]",-0.478478,-0.578478
independent,test,34.png,/home/quyu/PD_new/PD_max/app/ai_detection/images/normal/34.png,正常,无法自动检测,0.0,False,0,38,1550.8,未识别到金额、姓名、时间关键区域，无法自动检测,[],-0.55,-0.65
independent,test,11.jpg,/home/quyu/PD_new/PD_max/app/ai_detection/images/normal/11.jpg,正常,正常,0.47135082917406695,True,2,32,881.5,存在局部边缘拼接/像素涂抹痕迹,"[{""result"": ""正常"", ""confidence"": 0.08470395511645246, ""bbox"": [359, 537, 511, 121], ""reason"": ""未检出明显篡改痕迹"", ""bbox_overlap_check"": {""max_iou"": 0.0, ""risk_max_iou"": 0.0, ""overlapping_pairs"": [], ""box_count"": 2, ""anomalies"": []}, ""hard_tamper_flags"": {""bbox_iou"": false}, ""original_bbox"": [359, 537, 870, 658], ""field_type"": ""amount"", ""field_label"": ""金额"", ""region_no"": 1}, {""result"": ""正常"", ""confidence"": 0.47135082917406695, ""bbox"": [44, 1669, 412, 44], ""reason"": ""存在局部边缘拼接/像素涂抹痕迹"", ""bbox_overlap_check"": {""max_iou"": 0.0, ""risk_max_iou"": 0.0, ""overlapping_pairs"": [], ""box_count"": 2, ""anomalies"": []}, ""hard_tamper_flags"": {""bbox_iou"": false}, ""original_bbox"": [44, 1669, 456, 1713], ""field_type"": ""time"", ""field_label"": ""时间"", ""region_no"": 2}]",-0.078649,-0.178649
independent,test,21.jpg,/home/quyu/PD_new/PD_max/app/ai_detection/images/normal/21.jpg,正常,正常,0.38971742880865906,True,2,32,874.3,存在局部边缘拼接/像素涂抹痕迹,"[{""result"": ""正常"", ""confidence"": 0.08348028117264863, ""bbox"": [357, 537, 515, 121], ""reason"": ""未检出明显篡改痕迹"", ""bbox_overlap_check"": {""max_iou"": 0.0, ""risk_max_iou"": 0.0, ""overlapping_pairs"": [], ""box_count"": 2, ""anomalies"": []}, ""hard_tamper_flags"": {""bbox_iou"": false}, ""original_bbox"": [357, 537, 872, 658], ""field_type"": ""amount"", ""field_label"": ""金额"", ""region_no"": 1}, {""result"": ""正常"", ""confidence"": 0.38971742880865906, ""bbox"": [44, 1669, 421, 44], ""reason"": ""存在局部边缘拼接/像素涂抹痕迹"", ""bbox_overlap_check"": {""max_iou"": 0.0, ""risk_max_iou"": 0.0, ""overlapping_pairs"": [], ""box_count"": 2, ""anomalies"": []}, ""hard_tamper_flags"": {""bbox_iou"": false}, ""original_bbox"": [44, 1669, 465, 1713], ""field_type"": ""time"", ""field_label"": ""时间"", ""region_no"": 2}]",-0.160283,-0.260283
independent,test,8.jpg,/home/quyu/PD_new/PD_max/app/ai_detection/images/normal/8.jpg,正常,可疑,0.6210040207848176,False,2,29,831.5,全局UI布局异常；存在局部边缘拼接/像素涂抹痕迹,"[{""result"": ""可疑"", ""confidence"": 0.6210040207848176, ""bbox"": [367, 542, 459, 105], ""reason"": ""全局UI布局异常；存在局部边缘拼接/像素涂抹痕迹"", ""bbox_overlap_check"": {""max_iou"": 0.0, ""risk_max_iou"": 0.0, ""overlapping_pairs"": [], ""box_count"": 2, ""anomalies"": []}, ""hard_tamper_flags"": {""bbox_iou"": false}, ""original_bbox"": [367, 542, 826, 647], ""field_type"": ""amount"", ""field_label"": ""金额"", ""region_no"": 1}, {""result"": ""可疑"", ""confidence"": 0.6068801531417068, ""bbox"": [44, 1669, 426, 44], ""reason"": ""全局UI布局异常；存在局部边缘拼接/像素涂抹痕迹"", ""bbox_overlap_check"": {""max_iou"": 0.0, ""risk_max_iou"": 0.0, ""overlapping_pairs"": [], ""box_count"": 2, ""anomalies"": []}, ""hard_tamper_flags"": {""bbox_iou"": false}, ""original_bbox"": [44, 1669, 470, 1713], ""field_type"": ""time"", ""field_label"": ""时间"", ""region_no"": 2}]",0.071004,-0.028996
independent,test,p (10).jpg,/home/quyu/PD_new/PD_max/app/ai_detection/images/tampered/p (10).jpg,篡改,正常,0.43398206158320857,False,2,23,618.2,全局UI布局异常,"[{""result"": ""正常"", ""confidence"": 0.43383580003853744, ""bbox"": [253, 143, 160, 35], ""reason"": ""全局UI布局异常"", ""bbox_overlap_check"": {""max_iou"": 0.0, ""risk_max_iou"": 0.0, ""overlapping_pairs"": [], ""box_count"": 2, ""anomalies"": []}, ""hard_tamper_flags"": {""bbox_iou"": false}, ""original_bbox"": [253, 143, 413, 178], ""field_type"": ""amount"", ""field_label"": ""金额"", ""region_no"": 1}, {""result"": ""正常"", ""confidence"": 0.43398206158320857, ""bbox"": [492, 492, 150, 16], ""reason"": ""全局UI布局异常"", ""bbox_overlap_check"": {""max_iou"": 0.0, ""risk_max_iou"": 0.0, ""overlapping_pairs"": [], ""box_count"": 2, ""anomalies"": []}, ""hard_tamper_flags"": {""bbox_iou"": false}, ""original_bbox"": [492, 492, 642, 508], ""field_type"": ""time"", ""field_label"": ""时间"", ""region_no"": 2}]",-0.116018,-0.216018
independent,test,p (11).jpg,/home/quyu/PD_new/PD_max/app/ai_detection/images/tampered/p (11).jpg,篡改,正常,0.1633589158189358,False,2,23,536.4,未检出明显篡改痕迹,"[{""result"": ""正常"", ""confidence"": 0.09603068405113026, ""bbox"": [252, 140, 158, 39], ""reason"": ""未检出明显篡改痕迹"", ""bbox_overlap_check"": {""max_iou"": 0.0, ""risk_max_iou"": 0.0, ""overlapping_pairs"": [], ""box_count"": 2, ""anomalies"": []}, ""hard_tamper_flags"": {""bbox_iou"": false}, ""original_bbox"": [252, 140, 410, 179], ""field_type"": ""amount"", ""field_label"": ""金额"", ""region_no"": 1}, {""result"": ""正常"", ""confidence"": 0.1633589158189358, ""bbox"": [489, 488, 151, 16], ""reason"": ""未检出明显篡改痕迹"", ""bbox_overlap_check"": {""max_iou"": 0.0, ""risk_max_iou"": 0.0, ""overlapping_pairs"": [], ""box_count"": 2, ""anomalies"": []}, ""hard_tamper_flags"": {""bbox_iou"": false}, ""original_bbox"": [489, 488, 640, 504], ""field_type"": ""time"", ""field_label"": ""时间"", ""region_no"": 2}]",-0.386641,-0.486641
independent,test,p (18).jpg,/home/quyu/PD_new/PD_max/app/ai_detection/images/tampered/p (18).jpg,篡改,正常,0.11614879207832363,False,2,23,487.5,未检出明显篡改痕迹,"[{""result"": ""正常"", ""confidence"": 0.09741876201259259, ""bbox"": [254, 141, 157, 37], ""reason"": ""未检出明显篡改痕迹"", ""bbox_overlap_check"": {""max_iou"": 0.0, ""risk_max_iou"": 0.0, ""overlapping_pairs"": [], ""box_count"": 2, ""anomalies"": []}, ""hard_tamper_flags"": {""bbox_iou"": false}, ""original_bbox"": [254, 141, 411, 178], ""field_type"": ""amount"", ""field_label"": ""金额"", ""region_no"": 1}, {""result"": ""正常"", ""confidence"": 0.11614879207832363, ""bbox"": [491, 488, 149, 16], ""reason"": ""未检出明显篡改痕迹"", ""bbox_overlap_check"": {""max_iou"": 0.0, ""risk_max_iou"": 0.0, ""overlapping_pairs"": [], ""box_count"": 2, ""anomalies"": []}, ""hard_tamper_flags"": {""bbox_iou"": false}, ""original_bbox"": [491, 488, 640, 504], ""field_type"": ""time"", ""field_label"": ""时间"", ""region_no"": 2}]",-0.433851,-0.533851
independent,test,p (41).jpg,/home/quyu/PD_new/PD_max/app/ai_detection/images/tampered/p (41).jpg,篡改,正常,0.18130519249466728,False,2,22,789.0,未检出明显篡改痕迹,"[{""result"": ""正常"", ""confidence"": 0.18130519249466728, ""bbox"": [269, 140, 140, 36], ""reason"": ""未检出明显篡改痕迹"", ""bbox_overlap_check"": {""max_iou"": 0.0, ""risk_max_iou"": 0.0, ""overlapping_pairs"": [], ""box_count"": 2, ""anomalies"": []}, ""hard_tamper_flags"": {""bbox_iou"": false}, ""original_bbox"": [269, 140, 409, 176], ""field_type"": ""amount"", ""field_label"": ""金额"", ""region_no"": 1}, {""result"": ""正常"", ""confidence"": 0.06426900453038896, ""bbox"": [488, 484, 147, 18], ""reason"": ""局部字体风格异常"", ""bbox_overlap_check"": {""max_iou"": 0.0, ""risk_max_iou"": 0.0, ""overlapping_pairs"": [], ""box_count"": 2, ""anomalies"": []}, ""hard_tamper_flags"": {""bbox_iou"": false}, ""original_bbox"": [488, 484, 635, 502], ""field_type"": ""time"", ""field_label"": ""时间"", ""region_no"": 2}]",-0.368695,-0.468695
independent,test,p (5).jpg,/home/quyu/PD_new/PD_max/app/ai_detection/images/tampered/p (5).jpg,篡改,正常,0.16062533797402143,False,2,23,640.0,未检出明显篡改痕迹,"[{""result"": ""正常"", ""confidence"": 0.16062533797402143, ""bbox"": [270, 141, 108, 36], ""reason"": ""未检出明显篡改痕迹"", ""bbox_overlap_check"": {""max_iou"": 0.0, ""risk_max_iou"": 0.0, ""overlapping_pairs"": [], ""box_count"": 2, ""anomalies"": []}, ""hard_tamper_flags"": {""bbox_iou"": false}, ""original_bbox"": [270, 141, 378, 177], ""field_type"": ""amount"", ""field_label"": ""金额"", ""region_no"": 1}, {""result"": ""正常"", ""confidence"": 0.06547534899223043, ""bbox"": [490, 487, 149, 16], ""reason"": ""局部字体风格异常"", ""bbox_overlap_check"": {""max_iou"": 0.0, ""risk_max_iou"": 0.0, ""overlapping_pairs"": [], ""box_count"": 2, ""anomalies"": []}, ""hard_tamper_flags"": {""bbox_iou"": false}, ""original_bbox"": [490, 487, 639, 503], ""field_type"": ""time"", ""field_label"": ""时间"", ""region_no"": 2}]",-0.389375,-0.489375
independent,test,p (6).jpg,/home/quyu/PD_new/PD_max/app/ai_detection/images/tampered/p (6).jpg,篡改,正常,0.1745864145267744,False,2,24,712.6,未检出明显篡改痕迹,"[{""result"": ""正常"", ""confidence"": 0.1745864145267744, ""bbox"": [255, 143, 160, 36], ""reason"": ""未检出明显篡改痕迹"", ""bbox_overlap_check"": {""max_iou"": 0.0, ""risk_max_iou"": 0.0, ""overlapping_pairs"": [], ""box_count"": 2, ""anomalies"": []}, ""hard_tamper_flags"": {""bbox_iou"": false}, ""original_bbox"": [255, 143, 415, 179], ""field_type"": ""amount"", ""field_label"": ""金额"", ""region_no"": 1}, {""result"": ""正常"", ""confidence"": 0.11017800350746468, ""bbox"": [495, 493, 151, 17], ""reason"": ""未检出明显篡改痕迹"", ""bbox_overlap_check"": {""max_iou"": 0.0, ""risk_max_iou"": 0.0, ""overlapping_pairs"": [], ""box_count"": 2, ""anomalies"": []}, ""hard_tamper_flags"": {""bbox_iou"": false}, ""original_bbox"": [495, 493, 646, 510], ""field_type"": ""time"", ""field_label"": ""时间"", ""region_no"": 2}]",-0.375414,-0.475414
independent,test,p (7).jpg,/home/quyu/PD_new/PD_max/app/ai_detection/images/tampered/p (7).jpg,篡改,正常,0.11603400512985704,False,2,26,615.4,未检出明显篡改痕迹,"[{""result"": ""正常"", ""confidence"": 0.10866500259533579, ""bbox"": [252, 140, 127, 39], ""reason"": ""未检出明显篡改痕迹"", ""bbox_overlap_check"": {""max_iou"": 0.0, ""risk_max_iou"": 0.0, ""overlapping_pairs"": [], ""box_count"": 2, ""anomalies"": []}, ""hard_tamper_flags"": {""bbox_iou"": false}, ""original_bbox"": [252, 140, 379, 179], ""field_type"": ""amount"", ""field_label"": ""金额"", ""region_no"": 1}, {""result"": ""正常"", ""confidence"": 0.11603400512985704, ""bbox"": [491, 488, 149, 16], ""reason"": ""未检出明显篡改痕迹"", ""bbox_overlap_check"": {""max_iou"": 0.0, ""risk_max_iou"": 0.0, ""overlapping_pairs"": [], ""box_count"": 2, ""anomalies"": []}, ""hard_tamper_flags"": {""bbox_iou"": false}, ""original_bbox"": [491, 488, 640, 504], ""field_type"": ""time"", ""field_label"": ""时间"", ""region_no"": 2}]",-0.433966,-0.533966
independent,test,p (1).jpg,/home/quyu/PD_new/PD_max/app/ai_detection/images/tampered/p (1).jpg,篡改,篡改,0.66,True,3,17,657.9,全局UI布局异常；局部字体风格异常,"[{""result"": ""篡改"", ""confidence"": 0.66, ""bbox"": [38, 384, 398, 36], ""reason"": ""全局UI布局异常；局部字体风格异常"", ""bbox_overlap_check"": {""max_iou"": 0.0264, ""risk_max_iou"": 0.0264, ""overlapping_pairs"": [], ""box_count"": 3, ""anomalies"": []}, ""hard_tamper_flags"": {""bbox_iou"": false}, ""original_bbox"": [38, 384, 436, 420], ""field_type"": ""amount"", ""field_label"": ""金额"", ""region_no"": 1}, {""result"": ""篡改"", ""confidence"": 0.66, ""bbox"": [38, 418, 344, 36], ""reason"": ""全局UI布局异常"", ""bbox_overlap_check"": {""max_iou"": 0.0264, ""risk_max_iou"": 0.0264, ""overlapping_pairs"": [], ""box_count"": 3, ""anomalies"": []}, ""hard_tamper_flags"": {""bbox_iou"": false}, ""original_bbox"": [38, 418, 382, 454], ""field_type"": ""amount"", ""field_label"": ""金额"", ""region_no"": 2}, {""result"": ""篡改"", ""confidence"": 0.66, ""bbox"": [230, 4, 265, 37], ""reason"": ""全局UI布局异常"", ""bbox_overlap_check"": {""max_iou"": 0.0264, ""risk_max_iou"": 0.0264, ""overlapping_pairs"": [], ""box_count"": 3, ""anomalies"": []}, ""hard_tamper_flags"": {""bbox_iou"": false}, ""original_bbox"": [230, 4, 495, 41], ""field_type"": ""amount"", ""field_label"": ""金额"", ""region_no"": 3}]",0.11,0.01
independent,test,p (17).jpg,/home/quyu/PD_new/PD_max/app/ai_detection/images/tampered/p (17).jpg,篡改,篡改,0.6676269609583163,True,2,15,479.7,全局UI布局异常,"[{""result"": ""篡改"", ""confidence"": 0.6607392093623942, ""bbox"": [43, 379, 441, 41], ""reason"": ""全局UI布局异常；局部字体风格异常"", ""bbox_overlap_check"": {""max_iou"": 0.0153, ""risk_max_iou"": 0.0153, ""overlapping_pairs"": [], ""box_count"": 2, ""anomalies"": []}, ""hard_tamper_flags"": {""bbox_iou"": false}, ""original_bbox"": [43, 379, 484, 420], ""field_type"": ""amount"", ""field_label"": ""金额"", ""region_no"": 1}, {""result"": ""篡改"", ""confidence"": 0.6676269609583163, ""bbox"": [44, 418, 198, 41], ""reason"": ""全局UI布局异常"", ""bbox_overlap_check"": {""max_iou"": 0.0153, ""risk_max_iou"": 0.0153, ""overlapping_pairs"": [], ""box_count"": 2, ""anomalies"": []}, ""hard_tamper_flags"": {""bbox_iou"": false}, ""original_bbox"": [44, 418, 242, 459], ""field_type"": ""amount"", ""field_label"": ""金额"", ""region_no"": 2}]",0.117627,0.017627
independent,test,14.png,/home/quyu/PD_new/PD_max/app/ai_detection/images/tampered/14.png,篡改,篡改,0.66,True,3,21,2081.7,文件体积/像素比异常(疑似工具导出)；全局UI布局异常,"[{""result"": ""篡改"", ""confidence"": 0.66, ""bbox"": [1215, 415, 724, 162], ""reason"": ""文件体积/像素比异常(疑似工具导出)；全局UI布局异常"", ""bbox_overlap_check"": {""max_iou"": 0.0, ""risk_max_iou"": 0.0, ""overlapping_pairs"": [], ""box_count"": 3, ""anomalies"": []}, ""hard_tamper_flags"": {""bbox_iou"": false}, ""original_bbox"": [1215, 415, 1939, 577], ""field_type"": ""amount"", ""field_label"": ""金额"", ""region_no"": 1}, {""result"": ""篡改"", ""confidence"": 0.66, ""bbox"": [1182, 820, 751, 76], ""reason"": ""文件体积/像素比异常(疑似工具导出)；全局UI布局异常"", ""bbox_overlap_check"": {""max_iou"": 0.0, ""risk_max_iou"": 0.0, ""overlapping_pairs"": [], ""box_count"": 3, ""anomalies"": []}, ""hard_tamper_flags"": {""bbox_iou"": false}, ""original_bbox"": [1182, 820, 1933, 896], ""field_type"": ""time"", ""field_label"": ""时间"", ""region_no"": 2}, {""result"": ""篡改"", ""confidence"": 0.66, ""bbox"": [667, 250, 214, 86], ""reason"": ""文件体积/像素比异常(疑似工具导出)；全局UI布局异常"", ""bbox_overlap_check"": {""max_iou"": 0.0, ""risk_max_iou"": 0.0, ""overlapping_pairs"": [], ""box_count"": 3, ""anomalies"": []}, ""hard_tamper_flags"": {""bbox_iou"": false}, ""original_bbox"": [667, 250, 881, 336], ""field_type"": ""amount"", ""field_label"": ""金额"", ""region_no"": 3}]",0.11,0.01
independent,test,17.png,/home/quyu/PD_new/PD_max/app/ai_detection/images/tampered/17.png,篡改,正常,0.4446547566398264,False,3,20,506.5,缺少EXIF且图像结构异常(疑似生成图)；存在局部边缘拼接/像素涂抹痕迹,"[{""result"": ""正常"", ""confidence"": 0.3999738194970751, ""bbox"": [423, 125, 206, 57], ""reason"": ""缺少EXIF且图像结构异常(疑似生成图)；存在局部边缘拼接/像素涂抹痕迹"", ""bbox_overlap_check"": {""max_iou"": 0.0, ""risk_max_iou"": 0.0, ""overlapping_pairs"": [], ""box_count"": 3, ""anomalies"": []}, ""hard_tamper_flags"": {""bbox_iou"": false}, ""original_bbox"": [423, 125, 629, 182], ""field_type"": ""amount"", ""field_label"": ""金额"", ""region_no"": 1}, {""result"": ""正常"", ""confidence"": 0.4446547566398264, ""bbox"": [379, 261, 246, 24], ""reason"": ""缺少EXIF且图像结构异常(疑似生成图)；存在局部边缘拼接/像素涂抹痕迹"", ""bbox_overlap_check"": {""max_iou"": 0.0, ""risk_max_iou"": 0.0, ""overlapping_pairs"": [], ""box_count"": 3, ""anomalies"": []}, ""hard_tamper_flags"": {""bbox_iou"": false}, ""original_bbox"": [379, 261, 625, 285], ""field_type"": ""time"", ""field_label"": ""时间"", ""region_no"": 2}, {""result"": ""正常"", ""confidence"": 0.15163624874780324, ""bbox"": [209, 73, 72, 28], ""reason"": ""缺少EXIF且图像结构异常(疑似生成图)"", ""bbox_overlap_check"": {""max_iou"": 0.0, ""risk_max_iou"": 0.0, ""overlapping_pairs"": [], ""box_count"": 3, ""anomalies"": []}, ""hard_tamper_flags"": {""bbox_iou"": false}, ""original_bbox"": [209, 73, 281, 101], ""field_type"": ""amount"", ""field_label"": ""金额"", ""region_no"": 3}]",-0.105345,-0.205345
independent,test,19.png,/home/quyu/PD_new/PD_max/app/ai_detection/images/tampered/19.png,篡改,篡改,0.66,True,5,35,973.5,文件体积/像素比异常(疑似工具导出)；全局UI布局异常,"[{""result"": ""篡改"", ""confidence"": 0.66, ""bbox"": [51, 401, 310, 18], ""reason"": ""文件体积/像素比异常(疑似工具导出)；全局UI布局异常"", ""bbox_overlap_check"": {""max_iou"": 0.2806, ""risk_max_iou"": 0.0, ""overlapping_pairs"": [], ""box_count"": 5, ""anomalies"": []}, ""hard_tamper_flags"": {""bbox_iou"": false}, ""original_bbox"": [51, 401, 361, 419], ""field_type"": ""amount"", ""field_label"": ""金额"", ""region_no"": 1}, {""result"": ""篡改"", ""confidence"": 0.66, ""bbox"": [274, 401, 87, 18], ""reason"": ""文件体积/像素比异常(疑似工具导出)；全局UI布局异常"", ""bbox_overlap_check"": {""max_iou"": 0.2806, ""risk_max_iou"": 0.0, ""overlapping_pairs"": [], ""box_count"": 5, ""anomalies"": []}, ""hard_tamper_flags"": {""bbox_iou"": false}, ""original_bbox"": [274, 401, 361, 419], ""field_type"": ""amount"", ""field_label"": ""金额"", ""region_no"": 2}, {""result"": ""篡改"", ""confidence"": 0.66, ""bbox"": [348, 61, 57, 18], ""reason"": ""文件体积/像素比异常(疑似工具导出)；全局UI布局异常"", ""bbox_overlap_check"": {""max_iou"": 0.2806, ""risk_max_iou"": 0.0, ""overlapping_pairs"": [], ""box_count"": 5, ""anomalies"": []}, ""hard_tamper_flags"": {""bbox_iou"": false}, ""original_bbox"": [348, 61, 405, 79], ""field_type"": ""name"", ""field_label"": ""姓名"", ""region_no"": 3}, {""result"": ""篡改"", ""confidence"": 0.66, ""bbox"": [317, 325, 44, 17], ""reason"": ""文件体积/像素比异常(疑似工具导出)；全局UI布局异常"", ""bbox_overlap_check"": {""max_iou"": 0.2806, ""risk_max_iou"": 0.0, ""overlapping_pairs"": [], ""box_count"": 5, ""anomalies"": []}, ""hard_tamper_flags"": {""bbox_iou"": false}, ""original_bbox"": [317, 325, 361, 342], ""field_type"": ""name"", ""field_label"": ""姓名"", ""region_no"": 4}, {""result"": ""篡改"", ""confidence"": 0.66, ""bbox"": [318, 426, 43, 17], ""reason"": ""文件体积/像素比异常(疑似工具导出)；全局UI布局异常"", ""bbox_overlap_check"": {""max_iou"": 0.2806, ""risk_max_iou"": 0.0, ""overlapping_pairs"": [], ""box_count"": 5, ""anomalies"": []}, ""hard_tamper_flags"": {""bbox_iou"": false}, ""original_bbox"": [318, 426, 361, 443], ""field_type"": ""name"", ""field_label"": ""姓名"", ""region_no"": 5}]",0.11,0.01
