cohort,split,filename,image_path,expected,result,confidence,strict_correct,roi_count,ocr_token_count,elapsed_ms,reason,regions_json,distance_to_suspicious,distance_to_tampered
independent,train,5.png,/home/quyu/PD_new/PD_max/app/ai_detection/images/normal/5.png,正常,正常,0.23515259797344076,True,1,40,34947.2,缺少EXIF且图像结构异常(疑似生成图),"[{""result"": ""正常"", ""confidence"": 0.23515259797344076, ""bbox"": [140, 210, 68, 12], ""reason"": ""缺少EXIF且图像结构异常(疑似生成图)"", ""bbox_overlap_check"": {""max_iou"": 0.0, ""risk_max_iou"": 0.0, ""overlapping_pairs"": [], ""box_count"": 1, ""anomalies"": []}, ""hard_tamper_flags"": {""bbox_iou"": false}, ""original_bbox"": [140, 210, 208, 222], ""field_type"": ""amount"", ""field_label"": ""金额"", ""region_no"": 1}]",-0.314847,-0.414847
independent,train,p (29).jpg,/home/quyu/PD_new/PD_max/app/ai_detection/images/tampered/p (29).jpg,篡改,篡改,0.66,True,2,11,23829.0,全局UI布局异常,"[{""result"": ""篡改"", ""confidence"": 0.66, ""bbox"": [365, 205, 325, 45], ""reason"": ""全局UI布局异常"", ""bbox_overlap_check"": {""max_iou"": 0.0, ""risk_max_iou"": 0.0, ""overlapping_pairs"": [], ""box_count"": 2, ""anomalies"": []}, ""hard_tamper_flags"": {""bbox_iou"": false}, ""original_bbox"": [365, 205, 690, 250], ""field_type"": ""amount"", ""field_label"": ""金额"", ""region_no"": 1}, {""result"": ""篡改"", ""confidence"": 0.66, ""bbox"": [72, 204, 280, 46], ""reason"": ""全局UI布局异常"", ""bbox_overlap_check"": {""max_iou"": 0.0, ""risk_max_iou"": 0.0, ""overlapping_pairs"": [], ""box_count"": 2, ""anomalies"": []}, ""hard_tamper_flags"": {""bbox_iou"": false}, ""original_bbox"": [72, 204, 352, 250], ""field_type"": ""amount"", ""field_label"": ""金额"", ""region_no"": 2}]",0.11,0.01
independent,train,no (6).jpg,/home/quyu/PD_new/PD_max/app/ai_detection/images/normal/no (6).jpg,正常,正常,0.0975693667062407,True,1,48,25369.4,未检出明显篡改痕迹,"[{""result"": ""正常"", ""confidence"": 0.0975693667062407, ""bbox"": [389, 982, 106, 24], ""reason"": ""未检出明显篡改痕迹"", ""bbox_overlap_check"": {""max_iou"": 0.0, ""risk_max_iou"": 0.0, ""overlapping_pairs"": [], ""box_count"": 1, ""anomalies"": []}, ""hard_tamper_flags"": {""bbox_iou"": false}, ""original_bbox"": [389, 982, 495, 1006], ""field_type"": ""amount"", ""field_label"": ""金额"", ""region_no"": 1}]",-0.452431,-0.552431
independent,train,no (7).jpg,/home/quyu/PD_new/PD_max/app/ai_detection/images/normal/no (7).jpg,正常,正常,0.0975693667062407,True,1,48,25257.9,未检出明显篡改痕迹,"[{""result"": ""正常"", ""confidence"": 0.0975693667062407, ""bbox"": [389, 982, 106, 24], ""reason"": ""未检出明显篡改痕迹"", ""bbox_overlap_check"": {""max_iou"": 0.0, ""risk_max_iou"": 0.0, ""overlapping_pairs"": [], ""box_count"": 1, ""anomalies"": []}, ""hard_tamper_flags"": {""bbox_iou"": false}, ""original_bbox"": [389, 982, 495, 1006], ""field_type"": ""amount"", ""field_label"": ""金额"", ""region_no"": 1}]",-0.452431,-0.552431
independent,train,45.jpg,/home/quyu/PD_new/PD_max/app/ai_detection/images/normal/45.jpg,正常,正常,0.46150506333517893,True,6,37,24392.9,存在局部边缘拼接/像素涂抹痕迹,"[{""result"": ""正常"", ""confidence"": 0.07440366039234063, ""bbox"": [396, 547, 508, 120], ""reason"": ""未检出明显篡改痕迹"", ""bbox_overlap_check"": {""max_iou"": 0.0, ""risk_max_iou"": 0.0, ""overlapping_pairs"": [], ""box_count"": 6, ""anomalies"": []}, ""hard_tamper_flags"": {""bbox_iou"": false}, ""original_bbox"": [396, 547, 904, 667], ""field_type"": ""amount"", ""field_label"": ""金额"", ""region_no"": 1}, {""result"": ""正常"", ""confidence"": 0.417742645526005, ""bbox"": [595, 1476, 457, 47], ""reason"": ""存在局部边缘拼接/像素涂抹痕迹"", ""bbox_overlap_check"": {""max_iou"": 0.0, ""risk_max_iou"": 0.0, ""overlapping_pairs"": [], ""box_count"": 6, ""anomalies"": []}, ""hard_tamper_flags"": {""bbox_iou"": false}, ""original_bbox"": [595, 1476, 1052, 1523], ""field_type"": ""time"", ""field_label"": ""时间"", ""region_no"": 2}, {""result"": ""正常"", ""confidence"": 0.46050015602422684, ""bbox"": [833, 1290, 219, 50], ""reason"": ""存在局部边缘拼接/像素涂抹痕迹"", ""bbox_overlap_check"": {""max_iou"": 0.0, ""risk_max_iou"": 0.0, ""overlapping_pairs"": [], ""box_count"": 6, ""anomalies"": []}, ""hard_tamper_flags"": {""bbox_iou"": false}, ""original_bbox"": [833, 1290, 1052, 1340], ""field_type"": ""amount"", ""field_label"": ""金额"", ""region_no"": 3}, {""result"": ""正常"", ""confidence"": 0.45542418478098856, ""bbox"": [908, 1004, 146, 59], ""reason"": ""存在局部边缘拼接/像素涂抹痕迹"", ""bbox_overlap_check"": {""max_iou"": 0.0, ""risk_max_iou"": 0.0, ""overlapping_pairs"": [], ""box_count"": 6, ""anomalies"": []}, ""hard_tamper_flags"": {""bbox_iou"": false}, ""original_bbox"": [908, 1004, 1054, 1063], ""field_type"": ""name"", ""field_label"": ""姓名"", ""region_no"": 4}, {""result"": ""正常"", ""confidence"": 0.07246622714465281, ""bbox"": [158, 1706, 186, 45], ""reason"": ""未检出明显篡改痕迹"", ""bbox_overlap_check"": {""max_iou"": 0.0, ""risk_max_iou"": 0.0, ""overlapping_pairs"": [], ""box_count"": 6, ""anomalies"": []}, ""hard_tamper_flags"": {""bbox_iou"": false}, ""original_bbox"": [158, 1706, 344, 1751], ""field_type"": ""amount"", ""field_label"": ""金额"", ""region_no"": 5}, {""result"": ""正常"", ""confidence"": 0.46150506333517893, ""bbox"": [953, 819, 95, 58], ""reason"": ""存在局部边缘拼接/像素涂抹痕迹"", ""bbox_overlap_check"": {""max_iou"": 0.0, ""risk_max_iou"": 0.0, ""overlapping_pairs"": [], ""box_count"": 6, ""anomalies"": []}, ""hard_tamper_flags"": {""bbox_iou"": false}, ""original_bbox"": [953, 819, 1048, 877], ""field_type"": ""name"", ""field_label"": ""姓名"", ""region_no"": 6}]",-0.088495,-0.188495
independent,train,47.jpg,/home/quyu/PD_new/PD_max/app/ai_detection/images/normal/47.jpg,正常,正常,0.461477232548848,True,5,37,23977.9,存在局部边缘拼接/像素涂抹痕迹,"[{""result"": ""正常"", ""confidence"": 0.07763525599974849, ""bbox"": [407, 550, 564, 116], ""reason"": ""未检出明显篡改痕迹"", ""bbox_overlap_check"": {""max_iou"": 0.0, ""risk_max_iou"": 0.0, ""overlapping_pairs"": [], ""box_count"": 5, ""anomalies"": []}, ""hard_tamper_flags"": {""bbox_iou"": false}, ""original_bbox"": [407, 550, 971, 666], ""field_type"": ""amount"", ""field_label"": ""金额"", ""region_no"": 1}, {""result"": ""正常"", ""confidence"": 0.4029646217386098, ""bbox"": [610, 1474, 442, 49], ""reason"": ""存在局部边缘拼接/像素涂抹痕迹"", ""bbox_overlap_check"": {""max_iou"": 0.0, ""risk_max_iou"": 0.0, ""overlapping_pairs"": [], ""box_count"": 5, ""anomalies"": []}, ""hard_tamper_flags"": {""bbox_iou"": false}, ""original_bbox"": [610, 1474, 1052, 1523], ""field_type"": ""time"", ""field_label"": ""时间"", ""region_no"": 2}, {""result"": ""正常"", ""confidence"": 0.39468655472673886, ""bbox"": [841, 1290, 211, 50], ""reason"": ""存在局部边缘拼接/像素涂抹痕迹"", ""bbox_overlap_check"": {""max_iou"": 0.0, ""risk_max_iou"": 0.0, ""overlapping_pairs"": [], ""box_count"": 5, ""anomalies"": []}, ""hard_tamper_flags"": {""bbox_iou"": false}, ""original_bbox"": [841, 1290, 1052, 1340], ""field_type"": ""amount"", ""field_label"": ""金额"", ""region_no"": 3}, {""result"": ""正常"", ""confidence"": 0.4601013277105846, ""bbox"": [952, 1004, 97, 60], ""reason"": ""存在局部边缘拼接/像素涂抹痕迹"", ""bbox_overlap_check"": {""max_iou"": 0.0, ""risk_max_iou"": 0.0, ""overlapping_pairs"": [], ""box_count"": 5, ""anomalies"": []}, ""hard_tamper_flags"": {""bbox_iou"": false}, ""original_bbox"": [952, 1004, 1049, 1064], ""field_type"": ""name"", ""field_label"": ""姓名"", ""region_no"": 4}, {""result"": ""正常"", ""confidence"": 0.461477232548848, ""bbox"": [953, 819, 95, 58], ""reason"": ""存在局部边缘拼接/像素涂抹痕迹"", ""bbox_overlap_check"": {""max_iou"": 0.0, ""risk_max_iou"": 0.0, ""overlapping_pairs"": [], ""box_count"": 5, ""anomalies"": []}, ""hard_tamper_flags"": {""bbox_iou"": false}, ""original_bbox"": [953, 819, 1048, 877], ""field_type"": ""name"", ""field_label"": ""姓名"", ""region_no"": 5}]",-0.088523,-0.188523
independent,train,38.png,/home/quyu/PD_new/PD_max/app/ai_detection/images/normal/38.png,正常,正常,0.489886341270949,True,6,40,35307.1,缺少EXIF且图像结构异常(疑似生成图)；存在局部边缘拼接/像素涂抹痕迹,"[{""result"": ""正常"", ""confidence"": 0.0, ""bbox"": [110, 337, 263, 20], ""reason"": ""缺少EXIF且图像结构异常(疑似生成图)"", ""bbox_overlap_check"": {""max_iou"": 0.4624, ""risk_max_iou"": 0.0, ""overlapping_pairs"": [{""bbox_a"": [110, 337, 373, 357], ""bbox_b"": [245, 337, 373, 356], ""iou"": 0.4624, ""same_row_fragment"": true}], ""box_count"": 6, ""anomalies"": []}, ""hard_tamper_flags"": {""bbox_iou"": false}, ""original_bbox"": [110, 337, 373, 357], ""field_type"": ""amount"", ""field_label"": ""金额"", ""region_no"": 1}, {""result"": ""正常"", ""confidence"": 0.16013815726965314, ""bbox"": [110, 298, 189, 19], ""reason"": ""缺少EXIF且图像结构异常(疑似生成图)"", ""bbox_overlap_check"": {""max_iou"": 0.4624, ""risk_max_iou"": 0.0, ""overlapping_pairs"": [{""bbox_a"": [110, 337, 373, 357], ""bbox_b"": [245, 337, 373, 356], ""iou"": 0.4624, ""same_row_fragment"": true}], ""box_count"": 6, ""anomalies"": []}, ""hard_tamper_flags"": {""bbox_iou"": false}, ""original_bbox"": [110, 298, 299, 317], ""field_type"": ""amount"", ""field_label"": ""金额"", ""region_no"": 2}, {""result"": ""正常"", ""confidence"": 0.12650039408875363, ""bbox"": [871, 70, 154, 17], ""reason"": ""缺少EXIF且图像结构异常(疑似生成图)"", ""bbox_overlap_check"": {""max_iou"": 0.4624, ""risk_max_iou"": 0.0, ""overlapping_pairs"": [{""bbox_a"": [110, 337, 373, 357], ""bbox_b"": [245, 337, 373, 356], ""iou"": 0.4624, ""same_row_fragment"": true}], ""box_count"": 6, ""anomalies"": []}, ""hard_tamper_flags"": {""bbox_iou"": false}, ""original_bbox"": [871, 70, 1025, 87], ""field_type"": ""time"", ""field_label"": ""时间"", ""region_no"": 3}, {""result"": ""正常"", ""confidence"": 0.0, ""bbox"": [245, 337, 128, 19], ""reason"": ""缺少EXIF且图像结构异常(疑似生成图)"", ""bbox_overlap_check"": {""max_iou"": 0.4624, ""risk_max_iou"": 0.0, ""overlapping_pairs"": [{""bbox_a"": [110, 337, 373, 357], ""bbox_b"": [245, 337, 373, 356], ""iou"": 0.4624, ""same_row_fragment"": true}], ""box_count"": 6, ""anomalies"": []}, ""hard_tamper_flags"": {""bbox_iou"": false}, ""original_bbox"": [245, 337, 373, 356], ""field_type"": ""amount"", ""field_label"": ""金额"", ""region_no"": 4}, {""result"": ""正常"", ""confidence"": 0.489886341270949, ""bbox"": [540, 204, 49, 19], ""reason"": ""缺少EXIF且图像结构异常(疑似生成图)；存在局部边缘拼接/像素涂抹痕迹"", ""bbox_overlap_check"": {""max_iou"": 0.4624, ""risk_max_iou"": 0.0, ""overlapping_pairs"": [{""bbox_a"": [110, 337, 373, 357], ""bbox_b"": [245, 337, 373, 356], ""iou"": 0.4624, ""same_row_fragment"": true}], ""box_count"": 6, ""anomalies"": []}, ""hard_tamper_flags"": {""bbox_iou"": false}, ""original_bbox"": [540, 204, 589, 223], ""field_type"": ""name"", ""field_label"": ""姓名"", ""region_no"": 5}, {""result"": ""正常"", ""confidence"": 0.1160559782984987, ""bbox"": [246, 300, 53, 16], ""reason"": ""缺少EXIF且图像结构异常(疑似生成图)"", ""bbox_overlap_check"": {""max_iou"": 0.4624, ""risk_max_iou"": 0.0, ""overlapping_pairs"": [{""bbox_a"": [110, 337, 373, 357], ""bbox_b"": [245, 337, 373, 356], ""iou"": 0.4624, ""same_row_fragment"": true}], ""box_count"": 6, ""anomalies"": []}, ""hard_tamper_flags"": {""bbox_iou"": false}, ""original_bbox"": [246, 300, 299, 316], ""field_type"": ""amount"", ""field_label"": ""金额"", ""region_no"": 6}]",-0.060114,-0.160114
independent,train,41.png,/home/quyu/PD_new/PD_max/app/ai_detection/images/normal/41.png,正常,正常,0.49108964072231603,True,6,39,35644.9,缺少EXIF且图像结构异常(疑似生成图)；存在局部边缘拼接/像素涂抹痕迹,"[{""result"": ""正常"", ""confidence"": 0.0, ""bbox"": [114, 337, 323, 20], ""reason"": ""缺少EXIF且图像结构异常(疑似生成图)"", ""bbox_overlap_check"": {""max_iou"": 0.5851, ""risk_max_iou"": 0.0, ""overlapping_pairs"": [{""bbox_a"": [114, 337, 437, 357], ""bbox_b"": [248, 337, 437, 357], ""iou"": 0.5851, ""same_row_fragment"": true}], ""box_count"": 6, ""anomalies"": []}, ""hard_tamper_flags"": {""bbox_iou"": false}, ""original_bbox"": [114, 337, 437, 357], ""field_type"": ""amount"", ""field_label"": ""金额"", ""region_no"": 1}, {""result"": ""正常"", ""confidence"": 0.16456106369306683, ""bbox"": [113, 298, 201, 20], ""reason"": ""缺少EXIF且图像结构异常(疑似生成图)"", ""bbox_overlap_check"": {""max_iou"": 0.5851, ""risk_max_iou"": 0.0, ""overlapping_pairs"": [{""bbox_a"": [114, 337, 437, 357], ""bbox_b"": [248, 337, 437, 357], ""iou"": 0.5851, ""same_row_fragment"": true}], ""box_count"": 6, ""anomalies"": []}, ""hard_tamper_flags"": {""bbox_iou"": false}, ""original_bbox"": [113, 298, 314, 318], ""field_type"": ""amount"", ""field_label"": ""金额"", ""region_no"": 2}, {""result"": ""正常"", ""confidence"": 0.0, ""bbox"": [248, 337, 189, 20], ""reason"": ""缺少EXIF且图像结构异常(疑似生成图)"", ""bbox_overlap_check"": {""max_iou"": 0.5851, ""risk_max_iou"": 0.0, ""overlapping_pairs"": [{""bbox_a"": [114, 337, 437, 357], ""bbox_b"": [248, 337, 437, 357], ""iou"": 0.5851, ""same_row_fragment"": true}], ""box_count"": 6, ""anomalies"": []}, ""hard_tamper_flags"": {""bbox_iou"": false}, ""original_bbox"": [248, 337, 437, 357], ""field_type"": ""amount"", ""field_label"": ""金额"", ""region_no"": 3}, {""result"": ""正常"", ""confidence"": 0.19158024423341333, ""bbox"": [873, 70, 153, 17], ""reason"": ""缺少EXIF且图像结构异常(疑似生成图)"", ""bbox_overlap_check"": {""max_iou"": 0.5851, ""risk_max_iou"": 0.0, ""overlapping_pairs"": [{""bbox_a"": [114, 337, 437, 357], ""bbox_b"": [248, 337, 437, 357], ""iou"": 0.5851, ""same_row_fragment"": true}], ""box_count"": 6, ""anomalies"": []}, ""hard_tamper_flags"": {""bbox_iou"": false}, ""original_bbox"": [873, 70, 1026, 87], ""field_type"": ""time"", ""field_label"": ""时间"", ""region_no"": 4}, {""result"": ""正常"", ""confidence"": 0.18321403222603097, ""bbox"": [248, 299, 66, 19], ""reason"": ""缺少EXIF且图像结构异常(疑似生成图)"", ""bbox_overlap_check"": {""max_iou"": 0.5851, ""risk_max_iou"": 0.0, ""overlapping_pairs"": [{""bbox_a"": [114, 337, 437, 357], ""bbox_b"": [248, 337, 437, 357], ""iou"": 0.5851, ""same_row_fragment"": true}], ""box_count"": 6, ""anomalies"": []}, ""hard_tamper_flags"": {""bbox_iou"": false}, ""original_bbox"": [248, 299, 314, 318], ""field_type"": ""amount"", ""field_label"": ""金额"", ""region_no"": 5}, {""result"": ""正常"", ""confidence"": 0.49108964072231603, ""bbox"": [542, 204, 49, 18], ""reason"": ""缺少EXIF且图像结构异常(疑似生成图)；存在局部边缘拼接/像素涂抹痕迹"", ""bbox_overlap_check"": {""max_iou"": 0.5851, ""risk_max_iou"": 0.0, ""overlapping_pairs"": [{""bbox_a"": [114, 337, 437, 357], ""bbox_b"": [248, 337, 437, 357], ""iou"": 0.5851, ""same_row_fragment"": true}], ""box_count"": 6, ""anomalies"": []}, ""hard_tamper_flags"": {""bbox_iou"": false}, ""original_bbox"": [542, 204, 591, 222], ""field_type"": ""name"", ""field_label"": ""姓名"", ""region_no"": 6}]",-0.05891,-0.15891
independent,validation,25.png,/home/quyu/PD_new/PD_max/app/ai_detection/images/normal/25.png,正常,正常,0.45139298873438427,True,3,25,30191.9,存在局部边缘拼接/像素涂抹痕迹,"[{""result"": ""正常"", ""confidence"": 0.0, ""bbox"": [879, 89, 233, 179], ""reason"": ""未检出明显篡改痕迹"", ""bbox_overlap_check"": {""max_iou"": 0.0, ""risk_max_iou"": 0.0, ""overlapping_pairs"": [], ""box_count"": 3, ""anomalies"": []}, ""hard_tamper_flags"": {""bbox_iou"": false}, ""original_bbox"": [879, 89, 1112, 268], ""field_type"": ""time"", ""field_label"": ""时间"", ""region_no"": 1}, {""result"": ""正常"", ""confidence"": 0.37063195467430027, ""bbox"": [874, 751, 284, 55], ""reason"": ""存在局部边缘拼接/像素涂抹痕迹"", ""bbox_overlap_check"": {""max_iou"": 0.0, ""risk_max_iou"": 0.0, ""overlapping_pairs"": [], ""box_count"": 3, ""anomalies"": []}, ""hard_tamper_flags"": {""bbox_iou"": false}, ""original_bbox"": [874, 751, 1158, 806], ""field_type"": ""amount"", ""field_label"": ""金额"", ""region_no"": 2}, {""result"": ""正常"", ""confidence"": 0.45139298873438427, ""bbox"": [1016, 460, 140, 54], ""reason"": ""存在局部边缘拼接/像素涂抹痕迹"", ""bbox_overlap_check"": {""max_iou"": 0.0, ""risk_max_iou"": 0.0, ""overlapping_pairs"": [], ""box_count"": 3, ""anomalies"": []}, ""hard_tamper_flags"": {""bbox_iou"": false}, ""original_bbox"": [1016, 460, 1156, 514], ""field_type"": ""name"", ""field_label"": ""姓名"", ""region_no"": 3}]",-0.098607,-0.198607
independent,validation,26.png,/home/quyu/PD_new/PD_max/app/ai_detection/images/normal/26.png,正常,正常,0.456977646748936,True,3,25,30202.0,存在局部边缘拼接/像素涂抹痕迹,"[{""result"": ""正常"", ""confidence"": 0.0, ""bbox"": [879, 89, 233, 179], ""reason"": ""未检出明显篡改痕迹"", ""bbox_overlap_check"": {""max_iou"": 0.0, ""risk_max_iou"": 0.0, ""overlapping_pairs"": [], ""box_count"": 3, ""anomalies"": []}, ""hard_tamper_flags"": {""bbox_iou"": false}, ""original_bbox"": [879, 89, 1112, 268], ""field_type"": ""time"", ""field_label"": ""时间"", ""region_no"": 1}, {""result"": ""正常"", ""confidence"": 0.393732338905796, ""bbox"": [965, 753, 192, 48], ""reason"": ""存在局部边缘拼接/像素涂抹痕迹"", ""bbox_overlap_check"": {""max_iou"": 0.0, ""risk_max_iou"": 0.0, ""overlapping_pairs"": [], ""box_count"": 3, ""anomalies"": []}, ""hard_tamper_flags"": {""bbox_iou"": false}, ""original_bbox"": [965, 753, 1157, 801], ""field_type"": ""amount"", ""field_label"": ""金额"", ""region_no"": 2}, {""result"": ""正常"", ""confidence"": 0.456977646748936, ""bbox"": [1061, 461, 92, 53], ""reason"": ""存在局部边缘拼接/像素涂抹痕迹"", ""bbox_overlap_check"": {""max_iou"": 0.0, ""risk_max_iou"": 0.0, ""overlapping_pairs"": [], ""box_count"": 3, ""anomalies"": []}, ""hard_tamper_flags"": {""bbox_iou"": false}, ""original_bbox"": [1061, 461, 1153, 514], ""field_type"": ""name"", ""field_label"": ""姓名"", ""region_no"": 3}]",-0.093022,-0.193022
independent,validation,27.png,/home/quyu/PD_new/PD_max/app/ai_detection/images/normal/27.png,正常,正常,0.456977646748936,True,3,25,29717.7,存在局部边缘拼接/像素涂抹痕迹,"[{""result"": ""正常"", ""confidence"": 0.0, ""bbox"": [879, 89, 233, 179], ""reason"": ""未检出明显篡改痕迹"", ""bbox_overlap_check"": {""max_iou"": 0.0, ""risk_max_iou"": 0.0, ""overlapping_pairs"": [], ""box_count"": 3, ""anomalies"": []}, ""hard_tamper_flags"": {""bbox_iou"": false}, ""original_bbox"": [879, 89, 1112, 268], ""field_type"": ""time"", ""field_label"": ""时间"", ""region_no"": 1}, {""result"": ""正常"", ""confidence"": 0.44480828923142934, ""bbox"": [980, 752, 178, 48], ""reason"": ""存在局部边缘拼接/像素涂抹痕迹"", ""bbox_overlap_check"": {""max_iou"": 0.0, ""risk_max_iou"": 0.0, ""overlapping_pairs"": [], ""box_count"": 3, ""anomalies"": []}, ""hard_tamper_flags"": {""bbox_iou"": false}, ""original_bbox"": [980, 752, 1158, 800], ""field_type"": ""amount"", ""field_label"": ""金额"", ""region_no"": 2}, {""result"": ""正常"", ""confidence"": 0.456977646748936, ""bbox"": [1061, 461, 92, 53], ""reason"": ""存在局部边缘拼接/像素涂抹痕迹"", ""bbox_overlap_check"": {""max_iou"": 0.0, ""risk_max_iou"": 0.0, ""overlapping_pairs"": [], ""box_count"": 3, ""anomalies"": []}, ""hard_tamper_flags"": {""bbox_iou"": false}, ""original_bbox"": [1061, 461, 1153, 514], ""field_type"": ""name"", ""field_label"": ""姓名"", ""region_no"": 3}]",-0.093022,-0.193022
independent,validation,28.png,/home/quyu/PD_new/PD_max/app/ai_detection/images/normal/28.png,正常,正常,0.456977646748936,True,3,25,30237.9,存在局部边缘拼接/像素涂抹痕迹,"[{""result"": ""正常"", ""confidence"": 0.0, ""bbox"": [879, 89, 233, 179], ""reason"": ""未检出明显篡改痕迹"", ""bbox_overlap_check"": {""max_iou"": 0.0, ""risk_max_iou"": 0.0, ""overlapping_pairs"": [], ""box_count"": 3, ""anomalies"": []}, ""hard_tamper_flags"": {""bbox_iou"": false}, ""original_bbox"": [879, 89, 1112, 268], ""field_type"": ""time"", ""field_label"": ""时间"", ""region_no"": 1}, {""result"": ""正常"", ""confidence"": 0.3801230021421103, ""bbox"": [938, 751, 220, 55], ""reason"": ""存在局部边缘拼接/像素涂抹痕迹"", ""bbox_overlap_check"": {""max_iou"": 0.0, ""risk_max_iou"": 0.0, ""overlapping_pairs"": [], ""box_count"": 3, ""anomalies"": []}, ""hard_tamper_flags"": {""bbox_iou"": false}, ""original_bbox"": [938, 751, 1158, 806], ""field_type"": ""amount"", ""field_label"": ""金额"", ""region_no"": 2}, {""result"": ""正常"", ""confidence"": 0.456977646748936, ""bbox"": [1061, 461, 92, 53], ""reason"": ""存在局部边缘拼接/像素涂抹痕迹"", ""bbox_overlap_check"": {""max_iou"": 0.0, ""risk_max_iou"": 0.0, ""overlapping_pairs"": [], ""box_count"": 3, ""anomalies"": []}, ""hard_tamper_flags"": {""bbox_iou"": false}, ""original_bbox"": [1061, 461, 1153, 514], ""field_type"": ""name"", ""field_label"": ""姓名"", ""region_no"": 3}]",-0.093022,-0.193022
independent,validation,29.png,/home/quyu/PD_new/PD_max/app/ai_detection/images/normal/29.png,正常,正常,0.456977646748936,True,3,26,30498.4,存在局部边缘拼接/像素涂抹痕迹,"[{""result"": ""正常"", ""confidence"": 0.0, ""bbox"": [879, 89, 233, 179], ""reason"": ""未检出明显篡改痕迹"", ""bbox_overlap_check"": {""max_iou"": 0.0, ""risk_max_iou"": 0.0, ""overlapping_pairs"": [], ""box_count"": 3, ""anomalies"": []}, ""hard_tamper_flags"": {""bbox_iou"": false}, ""original_bbox"": [879, 89, 1112, 268], ""field_type"": ""time"", ""field_label"": ""时间"", ""region_no"": 1}, {""result"": ""正常"", ""confidence"": 0.3854564547089885, ""bbox"": [939, 747, 221, 60], ""reason"": ""存在局部边缘拼接/像素涂抹痕迹"", ""bbox_overlap_check"": {""max_iou"": 0.0, ""risk_max_iou"": 0.0, ""overlapping_pairs"": [], ""box_count"": 3, ""anomalies"": []}, ""hard_tamper_flags"": {""bbox_iou"": false}, ""original_bbox"": [939, 747, 1160, 807], ""field_type"": ""amount"", ""field_label"": ""金额"", ""region_no"": 2}, {""result"": ""正常"", ""confidence"": 0.456977646748936, ""bbox"": [1061, 461, 92, 53], ""reason"": ""存在局部边缘拼接/像素涂抹痕迹"", ""bbox_overlap_check"": {""max_iou"": 0.0, ""risk_max_iou"": 0.0, ""overlapping_pairs"": [], ""box_count"": 3, ""anomalies"": []}, ""hard_tamper_flags"": {""bbox_iou"": false}, ""original_bbox"": [1061, 461, 1153, 514], ""field_type"": ""name"", ""field_label"": ""姓名"", ""region_no"": 3}]",-0.093022,-0.193022
independent,validation,4.jpg,/home/quyu/PD_new/PD_max/app/ai_detection/images/normal/4.jpg,正常,正常,0.45873356088360484,True,3,25,31069.1,存在局部边缘拼接/像素涂抹痕迹,"[{""result"": ""正常"", ""confidence"": 0.0, ""bbox"": [879, 89, 233, 179], ""reason"": ""未检出明显篡改痕迹"", ""bbox_overlap_check"": {""max_iou"": 0.0, ""risk_max_iou"": 0.0, ""overlapping_pairs"": [], ""box_count"": 3, ""anomalies"": []}, ""hard_tamper_flags"": {""bbox_iou"": false}, ""original_bbox"": [879, 89, 1112, 268], ""field_type"": ""time"", ""field_label"": ""时间"", ""region_no"": 1}, {""result"": ""正常"", ""confidence"": 0.4285018292073761, ""bbox"": [978, 751, 181, 50], ""reason"": ""存在局部边缘拼接/像素涂抹痕迹"", ""bbox_overlap_check"": {""max_iou"": 0.0, ""risk_max_iou"": 0.0, ""overlapping_pairs"": [], ""box_count"": 3, ""anomalies"": []}, ""hard_tamper_flags"": {""bbox_iou"": false}, ""original_bbox"": [978, 751, 1159, 801], ""field_type"": ""amount"", ""field_label"": ""金额"", ""region_no"": 2}, {""result"": ""正常"", ""confidence"": 0.45873356088360484, ""bbox"": [1061, 461, 92, 53], ""reason"": ""存在局部边缘拼接/像素涂抹痕迹"", ""bbox_overlap_check"": {""max_iou"": 0.0, ""risk_max_iou"": 0.0, ""overlapping_pairs"": [], ""box_count"": 3, ""anomalies"": []}, ""hard_tamper_flags"": {""bbox_iou"": false}, ""original_bbox"": [1061, 461, 1153, 514], ""field_type"": ""name"", ""field_label"": ""姓名"", ""region_no"": 3}]",-0.091266,-0.191266
independent,train,p (40).jpg,/home/quyu/PD_new/PD_max/app/ai_detection/images/tampered/p (40).jpg,篡改,篡改,0.66,True,4,37,23400.7,全局UI布局异常；存在局部边缘拼接/像素涂抹痕迹,"[{""result"": ""篡改"", ""confidence"": 0.66, ""bbox"": [34, 356, 327, 84], ""reason"": ""全局UI布局异常；存在局部边缘拼接/像素涂抹痕迹"", ""bbox_overlap_check"": {""max_iou"": 0.0, ""risk_max_iou"": 0.0, ""overlapping_pairs"": [], ""box_count"": 4, ""anomalies"": []}, ""hard_tamper_flags"": {""bbox_iou"": false}, ""original_bbox"": [34, 356, 361, 440], ""field_type"": ""amount"", ""field_label"": ""金额"", ""region_no"": 1}, {""result"": ""篡改"", ""confidence"": 0.66, ""bbox"": [268, 691, 342, 36], ""reason"": ""全局UI布局异常；存在局部边缘拼接/像素涂抹痕迹"", ""bbox_overlap_check"": {""max_iou"": 0.0, ""risk_max_iou"": 0.0, ""overlapping_pairs"": [], ""box_count"": 4, ""anomalies"": []}, ""hard_tamper_flags"": {""bbox_iou"": false}, ""original_bbox"": [268, 691, 610, 727], ""field_type"": ""time"", ""field_label"": ""时间"", ""region_no"": 2}, {""result"": ""篡改"", ""confidence"": 0.66, ""bbox"": [269, 796, 343, 35], ""reason"": ""全局UI布局异常；存在局部边缘拼接/像素涂抹痕迹"", ""bbox_overlap_check"": {""max_iou"": 0.0, ""risk_max_iou"": 0.0, ""overlapping_pairs"": [], ""box_count"": 4, ""anomalies"": []}, ""hard_tamper_flags"": {""bbox_iou"": false}, ""original_bbox"": [269, 796, 612, 831], ""field_type"": ""time"", ""field_label"": ""时间"", ""region_no"": 3}, {""result"": ""篡改"", ""confidence"": 0.66, ""bbox"": [270, 1002, 217, 43], ""reason"": ""全局UI布局异常；存在局部边缘拼接/像素涂抹痕迹"", ""bbox_overlap_check"": {""max_iou"": 0.0, ""risk_max_iou"": 0.0, ""overlapping_pairs"": [], ""box_count"": 4, ""anomalies"": []}, ""hard_tamper_flags"": {""bbox_iou"": false}, ""original_bbox"": [270, 1002, 487, 1045], ""field_type"": ""amount"", ""field_label"": ""金额"", ""region_no"": 4}]",0.11,0.01
independent,train,37.png,/home/quyu/PD_new/PD_max/app/ai_detection/images/normal/37.png,正常,正常,0.47486410383826677,True,5,54,33930.8,缺少EXIF且图像结构异常(疑似生成图)；存在局部边缘拼接/像素涂抹痕迹,"[{""result"": ""正常"", ""confidence"": 0.15184044904830898, ""bbox"": [314, 356, 389, 20], ""reason"": ""缺少EXIF且图像结构异常(疑似生成图)"", ""bbox_overlap_check"": {""max_iou"": 0.4833, ""risk_max_iou"": 0.0, ""overlapping_pairs"": [{""bbox_a"": [314, 356, 703, 376], ""bbox_b"": [515, 356, 703, 376], ""iou"": 0.4833, ""same_row_fragment"": true}], ""box_count"": 5, ""anomalies"": []}, ""hard_tamper_flags"": {""bbox_iou"": false}, ""original_bbox"": [314, 356, 703, 376], ""field_type"": ""amount"", ""field_label"": ""金额"", ""region_no"": 1}, {""result"": ""正常"", ""confidence"": 0.47486410383826677, ""bbox"": [515, 356, 188, 20], ""reason"": ""缺少EXIF且图像结构异常(疑似生成图)；存在局部边缘拼接/像素涂抹痕迹"", ""bbox_overlap_check"": {""max_iou"": 0.4833, ""risk_max_iou"": 0.0, ""overlapping_pairs"": [{""bbox_a"": [314, 356, 703, 376], ""bbox_b"": [515, 356, 703, 376], ""iou"": 0.4833, ""same_row_fragment"": true}], ""box_count"": 5, ""anomalies"": []}, ""hard_tamper_flags"": {""bbox_iou"": false}, ""original_bbox"": [515, 356, 703, 376], ""field_type"": ""amount"", ""field_label"": ""金额"", ""region_no"": 2}, {""result"": ""正常"", ""confidence"": 0.0, ""bbox"": [877, 218, 96, 21], ""reason"": ""缺少EXIF且图像结构异常(疑似生成图)"", ""bbox_overlap_check"": {""max_iou"": 0.4833, ""risk_max_iou"": 0.0, ""overlapping_pairs"": [{""bbox_a"": [314, 356, 703, 376], ""bbox_b"": [515, 356, 703, 376], ""iou"": 0.4833, ""same_row_fragment"": true}], ""box_count"": 5, ""anomalies"": []}, ""hard_tamper_flags"": {""bbox_iou"": false}, ""original_bbox"": [877, 218, 973, 239], ""field_type"": ""name"", ""field_label"": ""姓名"", ""region_no"": 3}, {""result"": ""正常"", ""confidence"": 0.11472617434541575, ""bbox"": [315, 441, 81, 16], ""reason"": ""缺少EXIF且图像结构异常(疑似生成图)"", ""bbox_overlap_check"": {""max_iou"": 0.4833, ""risk_max_iou"": 0.0, ""overlapping_pairs"": [{""bbox_a"": [314, 356, 703, 376], ""bbox_b"": [515, 356, 703, 376], ""iou"": 0.4833, ""same_row_fragment"": true}], ""box_count"": 5, ""anomalies"": []}, ""hard_tamper_flags"": {""bbox_iou"": false}, ""original_bbox"": [315, 441, 396, 457], ""field_type"": ""time"", ""field_label"": ""时间"", ""region_no"": 4}, {""result"": ""正常"", ""confidence"": 0.14226267639231982, ""bbox"": [314, 358, 60, 18], ""reason"": ""缺少EXIF且图像结构异常(疑似生成图)"", ""bbox_overlap_check"": {""max_iou"": 0.4833, ""risk_max_iou"": 0.0, ""overlapping_pairs"": [{""bbox_a"": [314, 356, 703, 376], ""bbox_b"": [515, 356, 703, 376], ""iou"": 0.4833, ""same_row_fragment"": true}], ""box_count"": 5, ""anomalies"": []}, ""hard_tamper_flags"": {""bbox_iou"": false}, ""original_bbox"": [314, 358, 374, 376], ""field_type"": ""amount"", ""field_label"": ""金额"", ""region_no"": 5}]",-0.075136,-0.175136
independent,train,43.png,/home/quyu/PD_new/PD_max/app/ai_detection/images/normal/43.png,正常,正常,0.5063418459892273,True,5,59,37731.9,缺少EXIF且图像结构异常(疑似生成图)；存在局部边缘拼接/像素涂抹痕迹,"[{""result"": ""正常"", ""confidence"": 0.0, ""bbox"": [117, 217, 862, 22], ""reason"": ""缺少EXIF且图像结构异常(疑似生成图)"", ""bbox_overlap_check"": {""max_iou"": 0.4111, ""risk_max_iou"": 0.0, ""overlapping_pairs"": [{""bbox_a"": [318, 355, 661, 374], ""bbox_b"": [520, 355, 661, 374], ""iou"": 0.4111, ""same_row_fragment"": true}], ""box_count"": 5, ""anomalies"": []}, ""hard_tamper_flags"": {""bbox_iou"": false}, ""original_bbox"": [117, 217, 979, 239], ""field_type"": ""name"", ""field_label"": ""姓名"", ""region_no"": 1}, {""result"": ""正常"", ""confidence"": 0.1401416562939762, ""bbox"": [318, 355, 343, 19], ""reason"": ""缺少EXIF且图像结构异常(疑似生成图)"", ""bbox_overlap_check"": {""max_iou"": 0.4111, ""risk_max_iou"": 0.0, ""overlapping_pairs"": [{""bbox_a"": [318, 355, 661, 374], ""bbox_b"": [520, 355, 661, 374], ""iou"": 0.4111, ""same_row_fragment"": true}], ""box_count"": 5, ""anomalies"": []}, ""hard_tamper_flags"": {""bbox_iou"": false}, ""original_bbox"": [318, 355, 661, 374], ""field_type"": ""amount"", ""field_label"": ""金额"", ""region_no"": 2}, {""result"": ""正常"", ""confidence"": 0.4783950337962469, ""bbox"": [520, 355, 141, 19], ""reason"": ""缺少EXIF且图像结构异常(疑似生成图)；存在局部边缘拼接/像素涂抹痕迹"", ""bbox_overlap_check"": {""max_iou"": 0.4111, ""risk_max_iou"": 0.0, ""overlapping_pairs"": [{""bbox_a"": [318, 355, 661, 374], ""bbox_b"": [520, 355, 661, 374], ""iou"": 0.4111, ""same_row_fragment"": true}], ""box_count"": 5, ""anomalies"": []}, ""hard_tamper_flags"": {""bbox_iou"": false}, ""original_bbox"": [520, 355, 661, 374], ""field_type"": ""amount"", ""field_label"": ""金额"", ""region_no"": 3}, {""result"": ""正常"", ""confidence"": 0.5063418459892273, ""bbox"": [319, 440, 82, 15], ""reason"": ""缺少EXIF且图像结构异常(疑似生成图)；存在局部边缘拼接/像素涂抹痕迹"", ""bbox_overlap_check"": {""max_iou"": 0.4111, ""risk_max_iou"": 0.0, ""overlapping_pairs"": [{""bbox_a"": [318, 355, 661, 374], ""bbox_b"": [520, 355, 661, 374], ""iou"": 0.4111, ""same_row_fragment"": true}], ""box_count"": 5, ""anomalies"": []}, ""hard_tamper_flags"": {""bbox_iou"": false}, ""original_bbox"": [319, 440, 401, 455], ""field_type"": ""time"", ""field_label"": ""时间"", ""region_no"": 4}, {""result"": ""正常"", ""confidence"": 0.14543142100407358, ""bbox"": [318, 356, 62, 18], ""reason"": ""缺少EXIF且图像结构异常(疑似生成图)"", ""bbox_overlap_check"": {""max_iou"": 0.4111, ""risk_max_iou"": 0.0, ""overlapping_pairs"": [{""bbox_a"": [318, 355, 661, 374], ""bbox_b"": [520, 355, 661, 374], ""iou"": 0.4111, ""same_row_fragment"": true}], ""box_count"": 5, ""anomalies"": []}, ""hard_tamper_flags"": {""bbox_iou"": false}, ""original_bbox"": [318, 356, 380, 374], ""field_type"": ""amount"", ""field_label"": ""金额"", ""region_no"": 5}]",-0.043658,-0.143658
independent,train,7.jpg,/home/quyu/PD_new/PD_max/app/ai_detection/images/normal/7.jpg,正常,正常,0.4515106876885027,True,6,30,23921.1,存在局部边缘拼接/像素涂抹痕迹,"[{""result"": ""正常"", ""confidence"": 0.3380454883616368, ""bbox"": [497, 388, 328, 96], ""reason"": ""存在局部边缘拼接/像素涂抹痕迹；局部字体风格异常"", ""bbox_overlap_check"": {""max_iou"": 0.0, ""risk_max_iou"": 0.0, ""overlapping_pairs"": [], ""box_count"": 6, ""anomalies"": []}, ""hard_tamper_flags"": {""bbox_iou"": false}, ""original_bbox"": [497, 388, 825, 484], ""field_type"": ""amount"", ""field_label"": ""金额"", ""region_no"": 1}, {""result"": ""正常"", ""confidence"": 0.39751087708982513, ""bbox"": [911, 664, 369, 47], ""reason"": ""存在局部边缘拼接/像素涂抹痕迹；局部字体风格异常"", ""bbox_overlap_check"": {""max_iou"": 0.0, ""risk_max_iou"": 0.0, ""overlapping_pairs"": [], ""box_count"": 6, ""anomalies"": []}, ""hard_tamper_flags"": {""bbox_iou"": false}, ""original_bbox"": [911, 664, 1280, 711], ""field_type"": ""time"", ""field_label"": ""时间"", ""region_no"": 2}, {""result"": ""正常"", ""confidence"": 0.4515106876885027, ""bbox"": [530, 511, 260, 52], ""reason"": ""存在局部边缘拼接/像素涂抹痕迹"", ""bbox_overlap_check"": {""max_iou"": 0.0, ""risk_max_iou"": 0.0, ""overlapping_pairs"": [], ""box_count"": 6, ""anomalies"": []}, ""hard_tamper_flags"": {""bbox_iou"": false}, ""original_bbox"": [530, 511, 790, 563], ""field_type"": ""amount"", ""field_label"": ""金额"", ""region_no"": 3}, {""result"": ""正常"", ""confidence"": 0.4083077636217985, ""bbox"": [1108, 1625, 173, 52], ""reason"": ""存在局部边缘拼接/像素涂抹痕迹"", ""bbox_overlap_check"": {""max_iou"": 0.0, ""risk_max_iou"": 0.0, ""overlapping_pairs"": [], ""box_count"": 6, ""anomalies"": []}, ""hard_tamper_flags"": {""bbox_iou"": false}, ""original_bbox"": [1108, 1625, 1281, 1677], ""field_type"": ""amount"", ""field_label"": ""金额"", ""region_no"": 4}, {""result"": ""正常"", ""confidence"": 0.4376202019128483, ""bbox"": [1134, 1413, 146, 47], ""reason"": ""存在局部边缘拼接/像素涂抹痕迹"", ""bbox_overlap_check"": {""max_iou"": 0.0, ""risk_max_iou"": 0.0, ""overlapping_pairs"": [], ""box_count"": 6, ""anomalies"": []}, ""hard_tamper_flags"": {""bbox_iou"": false}, ""original_bbox"": [1134, 1413, 1280, 1460], ""field_type"": ""amount"", ""field_label"": ""金额"", ""region_no"": 5}, {""result"": ""正常"", ""confidence"": 0.39322800160111065, ""bbox"": [1132, 1307, 146, 43], ""reason"": ""存在局部边缘拼接/像素涂抹痕迹"", ""bbox_overlap_check"": {""max_iou"": 0.0, ""risk_max_iou"": 0.0, ""overlapping_pairs"": [], ""box_count"": 6, ""anomalies"": []}, ""hard_tamper_flags"": {""bbox_iou"": false}, ""original_bbox"": [1132, 1307, 1278, 1350], ""field_type"": ""amount"", ""field_label"": ""金额"", ""region_no"": 6}]",-0.098489,-0.198489
independent,train,40.png,/home/quyu/PD_new/PD_max/app/ai_detection/images/normal/40.png,正常,正常,0.15213975620686976,True,6,45,26873.6,未检出明显篡改痕迹,"[{""result"": ""正常"", ""confidence"": 0.0, ""bbox"": [157, 202, 857, 37], ""reason"": ""未检出明显篡改痕迹"", ""bbox_overlap_check"": {""max_iou"": 0.2536, ""risk_max_iou"": 0.2536, ""overlapping_pairs"": [], ""box_count"": 6, ""anomalies"": []}, ""hard_tamper_flags"": {""bbox_iou"": false}, ""original_bbox"": [157, 202, 1014, 239], ""field_type"": ""name"", ""field_label"": ""姓名"", ""region_no"": 1}, {""result"": ""正常"", ""confidence"": 0.15213975620686976, ""bbox"": [288, 307, 627, 25], ""reason"": ""未检出明显篡改痕迹"", ""bbox_overlap_check"": {""max_iou"": 0.2536, ""risk_max_iou"": 0.2536, ""overlapping_pairs"": [], ""box_count"": 6, ""anomalies"": []}, ""hard_tamper_flags"": {""bbox_iou"": false}, ""original_bbox"": [288, 307, 915, 332], ""field_type"": ""amount"", ""field_label"": ""金额"", ""region_no"": 2}, {""result"": ""正常"", ""confidence"": 0.0981241407426848, ""bbox"": [288, 429, 604, 22], ""reason"": ""未检出明显篡改痕迹"", ""bbox_overlap_check"": {""max_iou"": 0.2536, ""risk_max_iou"": 0.2536, ""overlapping_pairs"": [], ""box_count"": 6, ""anomalies"": []}, ""hard_tamper_flags"": {""bbox_iou"": false}, ""original_bbox"": [288, 429, 892, 451], ""field_type"": ""time"", ""field_label"": ""时间"", ""region_no"": 3}, {""result"": ""正常"", ""confidence"": 0.0, ""bbox"": [679, 202, 335, 24], ""reason"": ""未检出明显篡改痕迹"", ""bbox_overlap_check"": {""max_iou"": 0.2536, ""risk_max_iou"": 0.2536, ""overlapping_pairs"": [], ""box_count"": 6, ""anomalies"": []}, ""hard_tamper_flags"": {""bbox_iou"": false}, ""original_bbox"": [679, 202, 1014, 226], ""field_type"": ""name"", ""field_label"": ""姓名"", ""region_no"": 4}, {""result"": ""正常"", ""confidence"": 0.10281646875500616, ""bbox"": [288, 429, 166, 19], ""reason"": ""未检出明显篡改痕迹"", ""bbox_overlap_check"": {""max_iou"": 0.2536, ""risk_max_iou"": 0.2536, ""overlapping_pairs"": [], ""box_count"": 6, ""anomalies"": []}, ""hard_tamper_flags"": {""bbox_iou"": false}, ""original_bbox"": [288, 429, 454, 448], ""field_type"": ""time"", ""field_label"": ""时间"", ""region_no"": 5}, {""result"": ""正常"", ""confidence"": 0.0, ""bbox"": [808, 307, 107, 25], ""reason"": ""未检出明显篡改痕迹"", ""bbox_overlap_check"": {""max_iou"": 0.2536, ""risk_max_iou"": 0.2536, ""overlapping_pairs"": [], ""box_count"": 6, ""anomalies"": []}, ""hard_tamper_flags"": {""bbox_iou"": false}, ""original_bbox"": [808, 307, 915, 332], ""field_type"": ""amount"", ""field_label"": ""金额"", ""region_no"": 6}]",-0.39786,-0.49786
independent,test,1.png,/home/quyu/PD_new/PD_max/app/ai_detection/images/normal/1.png,正常,正常,0.0,True,1,42,29875.9,未检出明显篡改痕迹,"[{""result"": ""正常"", ""confidence"": 0.0, ""bbox"": [146, 220, 74, 13], ""reason"": ""未检出明显篡改痕迹"", ""bbox_overlap_check"": {""max_iou"": 0.0, ""risk_max_iou"": 0.0, ""overlapping_pairs"": [], ""box_count"": 1, ""anomalies"": []}, ""hard_tamper_flags"": {""bbox_iou"": false}, ""original_bbox"": [146, 220, 220, 233], ""field_type"": ""amount"", ""field_label"": ""金额"", ""region_no"": 1}]",-0.55,-0.65
independent,train,p (30).jpg,/home/quyu/PD_new/PD_max/app/ai_detection/images/tampered/p (30).jpg,篡改,篡改,0.6610941275405022,True,2,28,22918.9,全局UI布局异常；存在局部边缘拼接/像素涂抹痕迹,"[{""result"": ""篡改"", ""confidence"": 0.66, ""bbox"": [350, 451, 515, 131], ""reason"": ""全局UI布局异常"", ""bbox_overlap_check"": {""max_iou"": 0.0, ""risk_max_iou"": 0.0, ""overlapping_pairs"": [], ""box_count"": 2, ""anomalies"": []}, ""hard_tamper_flags"": {""bbox_iou"": false}, ""original_bbox"": [350, 451, 865, 582], ""field_type"": ""amount"", ""field_label"": ""金额"", ""region_no"": 1}, {""result"": ""篡改"", ""confidence"": 0.6610941275405022, ""bbox"": [556, 1577, 440, 53], ""reason"": ""全局UI布局异常；存在局部边缘拼接/像素涂抹痕迹"", ""bbox_overlap_check"": {""max_iou"": 0.0, ""risk_max_iou"": 0.0, ""overlapping_pairs"": [], ""box_count"": 2, ""anomalies"": []}, ""hard_tamper_flags"": {""bbox_iou"": false}, ""original_bbox"": [556, 1577, 996, 1630], ""field_type"": ""time"", ""field_label"": ""时间"", ""region_no"": 2}]",0.111094,0.011094
independent,train,no (10).jpg,/home/quyu/PD_new/PD_max/app/ai_detection/images/normal/no (10).jpg,正常,正常,0.20767226159676871,True,2,57,25106.9,未检出明显篡改痕迹,"[{""result"": ""正常"", ""confidence"": 0.0, ""bbox"": [804, 463, 149, 21], ""reason"": ""未检出明显篡改痕迹"", ""bbox_overlap_check"": {""max_iou"": 0.0, ""risk_max_iou"": 0.0, ""overlapping_pairs"": [], ""box_count"": 2, ""anomalies"": []}, ""hard_tamper_flags"": {""bbox_iou"": false}, ""original_bbox"": [804, 463, 953, 484], ""field_type"": ""amount"", ""field_label"": ""金额"", ""region_no"": 1}, {""result"": ""正常"", ""confidence"": 0.20767226159676871, ""bbox"": [277, 680, 141, 21], ""reason"": ""未检出明显篡改痕迹"", ""bbox_overlap_check"": {""max_iou"": 0.0, ""risk_max_iou"": 0.0, ""overlapping_pairs"": [], ""box_count"": 2, ""anomalies"": []}, ""hard_tamper_flags"": {""bbox_iou"": false}, ""original_bbox"": [277, 680, 418, 701], ""field_type"": ""amount"", ""field_label"": ""金额"", ""region_no"": 2}]",-0.342328,-0.442328
independent,train,no (2).jpg,/home/quyu/PD_new/PD_max/app/ai_detection/images/normal/no (2).jpg,正常,正常,0.051396960204269766,True,2,65,25226.5,未检出明显篡改痕迹,"[{""result"": ""正常"", ""confidence"": 0.0, ""bbox"": [295, 2556, 877, 54], ""reason"": ""未检出明显篡改痕迹"", ""bbox_overlap_check"": {""max_iou"": 0.0, ""risk_max_iou"": 0.0, ""overlapping_pairs"": [], ""box_count"": 2, ""anomalies"": []}, ""hard_tamper_flags"": {""bbox_iou"": false}, ""original_bbox"": [295, 2556, 1172, 2610], ""field_type"": ""amount"", ""field_label"": ""金额"", ""region_no"": 1}, {""result"": ""正常"", ""confidence"": 0.051396960204269766, ""bbox"": [324, 831, 164, 25], ""reason"": ""未检出明显篡改痕迹"", ""bbox_overlap_check"": {""max_iou"": 0.0, ""risk_max_iou"": 0.0, ""overlapping_pairs"": [], ""box_count"": 2, ""anomalies"": []}, ""hard_tamper_flags"": {""bbox_iou"": false}, ""original_bbox"": [324, 831, 488, 856], ""field_type"": ""amount"", ""field_label"": ""金额"", ""region_no"": 2}]",-0.498603,-0.598603
independent,train,no (9).jpg,/home/quyu/PD_new/PD_max/app/ai_detection/images/normal/no (9).jpg,正常,正常,0.20767226159676871,True,2,57,24883.1,未检出明显篡改痕迹,"[{""result"": ""正常"", ""confidence"": 0.0, ""bbox"": [804, 463, 149, 21], ""reason"": ""未检出明显篡改痕迹"", ""bbox_overlap_check"": {""max_iou"": 0.0, ""risk_max_iou"": 0.0, ""overlapping_pairs"": [], ""box_count"": 2, ""anomalies"": []}, ""hard_tamper_flags"": {""bbox_iou"": false}, ""original_bbox"": [804, 463, 953, 484], ""field_type"": ""amount"", ""field_label"": ""金额"", ""region_no"": 1}, {""result"": ""正常"", ""confidence"": 0.20767226159676871, ""bbox"": [277, 680, 141, 21], ""reason"": ""未检出明显篡改痕迹"", ""bbox_overlap_check"": {""max_iou"": 0.0, ""risk_max_iou"": 0.0, ""overlapping_pairs"": [], ""box_count"": 2, ""anomalies"": []}, ""hard_tamper_flags"": {""bbox_iou"": false}, ""original_bbox"": [277, 680, 418, 701], ""field_type"": ""amount"", ""field_label"": ""金额"", ""region_no"": 2}]",-0.342328,-0.442328
independent,validation,3.jpg,/home/quyu/PD_new/PD_max/app/ai_detection/images/normal/3.jpg,正常,正常,0.427159061889811,True,3,28,23351.9,存在局部边缘拼接/像素涂抹痕迹,"[{""result"": ""正常"", ""confidence"": 0.4102559450547142, ""bbox"": [418, 681, 345, 98], ""reason"": ""存在局部边缘拼接/像素涂抹痕迹"", ""bbox_overlap_check"": {""max_iou"": 0.0, ""risk_max_iou"": 0.0, ""overlapping_pairs"": [], ""box_count"": 3, ""anomalies"": []}, ""hard_tamper_flags"": {""bbox_iou"": false}, ""original_bbox"": [418, 681, 763, 779], ""field_type"": ""amount"", ""field_label"": ""金额"", ""region_no"": 1}, {""result"": ""正常"", ""confidence"": 0.427159061889811, ""bbox"": [350, 1183, 451, 49], ""reason"": ""存在局部边缘拼接/像素涂抹痕迹"", ""bbox_overlap_check"": {""max_iou"": 0.0, ""risk_max_iou"": 0.0, ""overlapping_pairs"": [], ""box_count"": 3, ""anomalies"": []}, ""hard_tamper_flags"": {""bbox_iou"": false}, ""original_bbox"": [350, 1183, 801, 1232], ""field_type"": ""time"", ""field_label"": ""时间"", ""region_no"": 2}, {""result"": ""正常"", ""confidence"": 0.4246503761420513, ""bbox"": [353, 1267, 442, 49], ""reason"": ""存在局部边缘拼接/像素涂抹痕迹"", ""bbox_overlap_check"": {""max_iou"": 0.0, ""risk_max_iou"": 0.0, ""overlapping_pairs"": [], ""box_count"": 3, ""anomalies"": []}, ""hard_tamper_flags"": {""bbox_iou"": false}, ""original_bbox"": [353, 1267, 795, 1316], ""field_type"": ""time"", ""field_label"": ""时间"", ""region_no"": 3}]",-0.122841,-0.222841
independent,train,p (4).jpg,/home/quyu/PD_new/PD_max/app/ai_detection/images/tampered/p (4).jpg,篡改,篡改,0.66,True,6,37,25362.4,全局UI布局异常；局部字体风格异常,"[{""result"": ""篡改"", ""confidence"": 0.66, ""bbox"": [115, 353, 941, 79], ""reason"": ""全局UI布局异常；局部字体风格异常"", ""bbox_overlap_check"": {""max_iou"": 0.0, ""risk_max_iou"": 0.0, ""overlapping_pairs"": [], ""box_count"": 6, ""anomalies"": []}, ""hard_tamper_flags"": {""bbox_iou"": false}, ""original_bbox"": [115, 353, 1056, 432], ""field_type"": ""amount"", ""field_label"": ""金额"", ""region_no"": 1}, {""result"": ""篡改"", ""confidence"": 0.66, ""bbox"": [595, 2191, 497, 70], ""reason"": ""全局UI布局异常"", ""bbox_overlap_check"": {""max_iou"": 0.0, ""risk_max_iou"": 0.0, ""overlapping_pairs"": [], ""box_count"": 6, ""anomalies"": []}, ""hard_tamper_flags"": {""bbox_iou"": false}, ""original_bbox"": [595, 2191, 1092, 2261], ""field_type"": ""amount"", ""field_label"": ""金额"", ""region_no"": 2}, {""result"": ""篡改"", ""confidence"": 0.66, ""bbox"": [119, 434, 465, 69], ""reason"": ""全局UI布局异常"", ""bbox_overlap_check"": {""max_iou"": 0.0, ""risk_max_iou"": 0.0, ""overlapping_pairs"": [], ""box_count"": 6, ""anomalies"": []}, ""hard_tamper_flags"": {""bbox_iou"": false}, ""original_bbox"": [119, 434, 584, 503], ""field_type"": ""amount"", ""field_label"": ""金额"", ""region_no"": 3}, {""result"": ""篡改"", ""confidence"": 0.66, ""bbox"": [119, 2191, 444, 68], ""reason"": ""全局UI布局异常"", ""bbox_overlap_check"": {""max_iou"": 0.0, ""risk_max_iou"": 0.0, ""overlapping_pairs"": [], ""box_count"": 6, ""anomalies"": []}, ""hard_tamper_flags"": {""bbox_iou"": false}, ""original_bbox"": [119, 2191, 563, 2259], ""field_type"": ""amount"", ""field_label"": ""金额"", ""region_no"": 4}, {""result"": ""篡改"", ""confidence"": 0.66, ""bbox"": [470, 1019, 324, 92], ""reason"": ""全局UI布局异常"", ""bbox_overlap_check"": {""max_iou"": 0.0, ""risk_max_iou"": 0.0, ""overlapping_pairs"": [], ""box_count"": 6, ""anomalies"": []}, ""hard_tamper_flags"": {""bbox_iou"": false}, ""original_bbox"": [470, 1019, 794, 1111], ""field_type"": ""amount"", ""field_label"": ""金额"", ""region_no"": 5}, {""result"": ""篡改"", ""confidence"": 0.66, ""bbox"": [116, 1341, 200, 55], ""reason"": ""全局UI布局异常"", ""bbox_overlap_check"": {""max_iou"": 0.0, ""risk_max_iou"": 0.0, ""overlapping_pairs"": [], ""box_count"": 6, ""anomalies"": []}, ""hard_tamper_flags"": {""bbox_iou"": false}, ""original_bbox"": [116, 1341, 316, 1396], ""field_type"": ""amount"", ""field_label"": ""金额"", ""region_no"": 6}]",0.11,0.01
independent,test,13.jpg,/home/quyu/PD_new/PD_max/app/ai_detection/images/normal/13.jpg,正常,正常,0.41161531887598,True,6,30,24088.8,存在局部边缘拼接/像素涂抹痕迹,"[{""result"": ""正常"", ""confidence"": 0.3352829098856177, ""bbox"": [458, 387, 403, 103], ""reason"": ""存在局部边缘拼接/像素涂抹痕迹；局部字体风格异常"", ""bbox_overlap_check"": {""max_iou"": 0.0, ""risk_max_iou"": 0.0, ""overlapping_pairs"": [], ""box_count"": 6, ""anomalies"": []}, ""hard_tamper_flags"": {""bbox_iou"": false}, ""original_bbox"": [458, 387, 861, 490], ""field_type"": ""amount"", ""field_label"": ""金额"", ""region_no"": 1}, {""result"": ""正常"", ""confidence"": 0.39473591249825585, ""bbox"": [932, 664, 348, 47], ""reason"": ""存在局部边缘拼接/像素涂抹痕迹"", ""bbox_overlap_check"": {""max_iou"": 0.0, ""risk_max_iou"": 0.0, ""overlapping_pairs"": [], ""box_count"": 6, ""anomalies"": []}, ""hard_tamper_flags"": {""bbox_iou"": false}, ""original_bbox"": [932, 664, 1280, 711], ""field_type"": ""time"", ""field_label"": ""时间"", ""region_no"": 2}, {""result"": ""正常"", ""confidence"": 0.40823514308698944, ""bbox"": [530, 511, 257, 52], ""reason"": ""存在局部边缘拼接/像素涂抹痕迹"", ""bbox_overlap_check"": {""max_iou"": 0.0, ""risk_max_iou"": 0.0, ""overlapping_pairs"": [], ""box_count"": 6, ""anomalies"": []}, ""hard_tamper_flags"": {""bbox_iou"": false}, ""original_bbox"": [530, 511, 787, 563], ""field_type"": ""amount"", ""field_label"": ""金额"", ""region_no"": 3}, {""result"": ""正常"", ""confidence"": 0.41161531887598, ""bbox"": [1098, 1198, 183, 52], ""reason"": ""存在局部边缘拼接/像素涂抹痕迹"", ""bbox_overlap_check"": {""max_iou"": 0.0, ""risk_max_iou"": 0.0, ""overlapping_pairs"": [], ""box_count"": 6, ""anomalies"": []}, ""hard_tamper_flags"": {""bbox_iou"": false}, ""original_bbox"": [1098, 1198, 1281, 1250], ""field_type"": ""amount"", ""field_label"": ""金额"", ""region_no"": 4}, {""result"": ""正常"", ""confidence"": 0.40895243712879387, ""bbox"": [1100, 1413, 180, 50], ""reason"": ""存在局部边缘拼接/像素涂抹痕迹"", ""bbox_overlap_check"": {""max_iou"": 0.0, ""risk_max_iou"": 0.0, ""overlapping_pairs"": [], ""box_count"": 6, ""anomalies"": []}, ""hard_tamper_flags"": {""bbox_iou"": false}, ""original_bbox"": [1100, 1413, 1280, 1463], ""field_type"": ""amount"", ""field_label"": ""金额"", ""region_no"": 5}, {""result"": ""正常"", ""confidence"": 0.4100279812647362, ""bbox"": [1110, 1626, 170, 50], ""reason"": ""存在局部边缘拼接/像素涂抹痕迹"", ""bbox_overlap_check"": {""max_iou"": 0.0, ""risk_max_iou"": 0.0, ""overlapping_pairs"": [], ""box_count"": 6, ""anomalies"": []}, ""hard_tamper_flags"": {""bbox_iou"": false}, ""original_bbox"": [1110, 1626, 1280, 1676], ""field_type"": ""amount"", ""field_label"": ""金额"", ""region_no"": 6}]",-0.138385,-0.238385
independent,validation,p (13).jpg,/home/quyu/PD_new/PD_max/app/ai_detection/images/tampered/p (13).jpg,篡改,篡改,0.6981978862636593,True,6,32,23780.7,全局UI布局异常；存在局部边缘拼接/像素涂抹痕迹,"[{""result"": ""篡改"", ""confidence"": 0.66, ""bbox"": [333, 484, 607, 132], ""reason"": ""全局UI布局异常"", ""bbox_overlap_check"": {""max_iou"": 0.0, ""risk_max_iou"": 0.0, ""overlapping_pairs"": [], ""box_count"": 6, ""anomalies"": []}, ""hard_tamper_flags"": {""bbox_iou"": false}, ""original_bbox"": [333, 484, 940, 616], ""field_type"": ""amount"", ""field_label"": ""金额"", ""region_no"": 1}, {""result"": ""篡改"", ""confidence"": 0.6774272276284383, ""bbox"": [782, 822, 448, 54], ""reason"": ""全局UI布局异常；存在局部边缘拼接/像素涂抹痕迹"", ""bbox_overlap_check"": {""max_iou"": 0.0, ""risk_max_iou"": 0.0, ""overlapping_pairs"": [], ""box_count"": 6, ""anomalies"": []}, ""hard_tamper_flags"": {""bbox_iou"": false}, ""original_bbox"": [782, 822, 1230, 876], ""field_type"": ""time"", ""field_label"": ""时间"", ""region_no"": 2}, {""result"": ""篡改"", ""confidence"": 0.66, ""bbox"": [460, 624, 358, 64], ""reason"": ""全局UI布局异常"", ""bbox_overlap_check"": {""max_iou"": 0.0, ""risk_max_iou"": 0.0, ""overlapping_pairs"": [], ""box_count"": 6, ""anomalies"": []}, ""hard_tamper_flags"": {""bbox_iou"": false}, ""original_bbox"": [460, 624, 818, 688], ""field_type"": ""amount"", ""field_label"": ""金额"", ""region_no"": 3}, {""result"": ""篡改"", ""confidence"": 0.66, ""bbox"": [983, 1861, 248, 62], ""reason"": ""全局UI布局异常；存在局部边缘拼接/像素涂抹痕迹"", ""bbox_overlap_check"": {""max_iou"": 0.0, ""risk_max_iou"": 0.0, ""overlapping_pairs"": [], ""box_count"": 6, ""anomalies"": []}, ""hard_tamper_flags"": {""bbox_iou"": false}, ""original_bbox"": [983, 1861, 1231, 1923], ""field_type"": ""amount"", ""field_label"": ""金额"", ""region_no"": 4}, {""result"": ""篡改"", ""confidence"": 0.6981978862636593, ""bbox"": [987, 1473, 243, 58], ""reason"": ""全局UI布局异常；存在局部边缘拼接/像素涂抹痕迹"", ""bbox_overlap_check"": {""max_iou"": 0.0, ""risk_max_iou"": 0.0, ""overlapping_pairs"": [], ""box_count"": 6, ""anomalies"": []}, ""hard_tamper_flags"": {""bbox_iou"": false}, ""original_bbox"": [987, 1473, 1230, 1531], ""field_type"": ""amount"", ""field_label"": ""金额"", ""region_no"": 5}, {""result"": ""篡改"", ""confidence"": 0.66, ""bbox"": [1059, 1603, 171, 55], ""reason"": ""全局UI布局异常"", ""bbox_overlap_check"": {""max_iou"": 0.0, ""risk_max_iou"": 0.0, ""overlapping_pairs"": [], ""box_count"": 6, ""anomalies"": []}, ""hard_tamper_flags"": {""bbox_iou"": false}, ""original_bbox"": [1059, 1603, 1230, 1658], ""field_type"": ""amount"", ""field_label"": ""金额"", ""region_no"": 6}]",0.148198,0.048198
independent,validation,p (31).jpg,/home/quyu/PD_new/PD_max/app/ai_detection/images/tampered/p (31).jpg,篡改,篡改,0.7243211003301782,True,6,31,24340.7,全局UI布局异常；存在局部边缘拼接/像素涂抹痕迹,"[{""result"": ""篡改"", ""confidence"": 0.66, ""bbox"": [335, 484, 608, 132], ""reason"": ""全局UI布局异常"", ""bbox_overlap_check"": {""max_iou"": 0.0, ""risk_max_iou"": 0.0, ""overlapping_pairs"": [], ""box_count"": 6, ""anomalies"": []}, ""hard_tamper_flags"": {""bbox_iou"": false}, ""original_bbox"": [335, 484, 943, 616], ""field_type"": ""amount"", ""field_label"": ""金额"", ""region_no"": 1}, {""result"": ""篡改"", ""confidence"": 0.7184555975117493, ""bbox"": [782, 822, 448, 54], ""reason"": ""全局UI布局异常；存在局部边缘拼接/像素涂抹痕迹"", ""bbox_overlap_check"": {""max_iou"": 0.0, ""risk_max_iou"": 0.0, ""overlapping_pairs"": [], ""box_count"": 6, ""anomalies"": []}, ""hard_tamper_flags"": {""bbox_iou"": false}, ""original_bbox"": [782, 822, 1230, 876], ""field_type"": ""time"", ""field_label"": ""时间"", ""region_no"": 2}, {""result"": ""篡改"", ""confidence"": 0.66, ""bbox"": [460, 624, 358, 64], ""reason"": ""全局UI布局异常"", ""bbox_overlap_check"": {""max_iou"": 0.0, ""risk_max_iou"": 0.0, ""overlapping_pairs"": [], ""box_count"": 6, ""anomalies"": []}, ""hard_tamper_flags"": {""bbox_iou"": false}, ""original_bbox"": [460, 624, 818, 688], ""field_type"": ""amount"", ""field_label"": ""金额"", ""region_no"": 3}, {""result"": ""篡改"", ""confidence"": 0.663521747911838, ""bbox"": [986, 1861, 245, 63], ""reason"": ""全局UI布局异常；存在局部边缘拼接/像素涂抹痕迹"", ""bbox_overlap_check"": {""max_iou"": 0.0, ""risk_max_iou"": 0.0, ""overlapping_pairs"": [], ""box_count"": 6, ""anomalies"": []}, ""hard_tamper_flags"": {""bbox_iou"": false}, ""original_bbox"": [986, 1861, 1231, 1924], ""field_type"": ""amount"", ""field_label"": ""金额"", ""region_no"": 4}, {""result"": ""篡改"", ""confidence"": 0.66, ""bbox"": [986, 1602, 245, 62], ""reason"": ""全局UI布局异常；存在局部边缘拼接/像素涂抹痕迹"", ""bbox_overlap_check"": {""max_iou"": 0.0, ""risk_max_iou"": 0.0, ""overlapping_pairs"": [], ""box_count"": 6, ""anomalies"": []}, ""hard_tamper_flags"": {""bbox_iou"": false}, ""original_bbox"": [986, 1602, 1231, 1664], ""field_type"": ""amount"", ""field_label"": ""金额"", ""region_no"": 5}, {""result"": ""篡改"", ""confidence"": 0.7243211003301782, ""bbox"": [987, 1473, 243, 58], ""reason"": ""全局UI布局异常；存在局部边缘拼接/像素涂抹痕迹"", ""bbox_overlap_check"": {""max_iou"": 0.0, ""risk_max_iou"": 0.0, ""overlapping_pairs"": [], ""box_count"": 6, ""anomalies"": []}, ""hard_tamper_flags"": {""bbox_iou"": false}, ""original_bbox"": [987, 1473, 1230, 1531], ""field_type"": ""amount"", ""field_label"": ""金额"", ""region_no"": 6}]",0.174321,0.074321
independent,train,no (4).jpg,/home/quyu/PD_new/PD_max/app/ai_detection/images/normal/no (4).jpg,正常,正常,0.44165456875731735,True,2,23,23124.7,存在局部边缘拼接/像素涂抹痕迹,"[{""result"": ""正常"", ""confidence"": 0.3293685299187751, ""bbox"": [308, 382, 509, 105], ""reason"": ""存在局部边缘拼接/像素涂抹痕迹"", ""bbox_overlap_check"": {""max_iou"": 0.0, ""risk_max_iou"": 0.0, ""overlapping_pairs"": [], ""box_count"": 2, ""anomalies"": []}, ""hard_tamper_flags"": {""bbox_iou"": false}, ""original_bbox"": [308, 382, 817, 487], ""field_type"": ""amount"", ""field_label"": ""金额"", ""region_no"": 1}, {""result"": ""正常"", ""confidence"": 0.44165456875731735, ""bbox"": [625, 999, 408, 42], ""reason"": ""存在局部边缘拼接/像素涂抹痕迹"", ""bbox_overlap_check"": {""max_iou"": 0.0, ""risk_max_iou"": 0.0, ""overlapping_pairs"": [], ""box_count"": 2, ""anomalies"": []}, ""hard_tamper_flags"": {""bbox_iou"": false}, ""original_bbox"": [625, 999, 1033, 1041], ""field_type"": ""time"", ""field_label"": ""时间"", ""region_no"": 2}]",-0.108345,-0.208345
independent,test,10.png,/home/quyu/PD_new/PD_max/app/ai_detection/images/normal/10.png,正常,正常,0.13220632576379684,True,3,37,35099.4,缺少EXIF且图像结构异常(疑似生成图),"[{""result"": ""正常"", ""confidence"": 0.096095071918376, ""bbox"": [147, 89, 107, 14], ""reason"": ""缺少EXIF且图像结构异常(疑似生成图)"", ""bbox_overlap_check"": {""max_iou"": 0.0, ""risk_max_iou"": 0.0, ""overlapping_pairs"": [], ""box_count"": 3, ""anomalies"": []}, ""hard_tamper_flags"": {""bbox_iou"": false}, ""original_bbox"": [147, 89, 254, 103], ""field_type"": ""time"", ""field_label"": ""时间"", ""region_no"": 1}, {""result"": ""正常"", ""confidence"": 0.11754738300632621, ""bbox"": [147, 246, 107, 13], ""reason"": ""缺少EXIF且图像结构异常(疑似生成图)"", ""bbox_overlap_check"": {""max_iou"": 0.0, ""risk_max_iou"": 0.0, ""overlapping_pairs"": [], ""box_count"": 3, ""anomalies"": []}, ""hard_tamper_flags"": {""bbox_iou"": false}, ""original_bbox"": [147, 246, 254, 259], ""field_type"": ""time"", ""field_label"": ""时间"", ""region_no"": 2}, {""result"": ""正常"", ""confidence"": 0.13220632576379684, ""bbox"": [146, 224, 79, 16], ""reason"": ""缺少EXIF且图像结构异常(疑似生成图)"", ""bbox_overlap_check"": {""max_iou"": 0.0, ""risk_max_iou"": 0.0, ""overlapping_pairs"": [], ""box_count"": 3, ""anomalies"": []}, ""hard_tamper_flags"": {""bbox_iou"": false}, ""original_bbox"": [146, 224, 225, 240], ""field_type"": ""amount"", ""field_label"": ""金额"", ""region_no"": 3}]",-0.417794,-0.517794
independent,test,16.png,/home/quyu/PD_new/PD_max/app/ai_detection/images/normal/16.png,正常,正常,0.11148843529469371,True,2,39,39399.0,缺少EXIF且图像结构异常(疑似生成图),"[{""result"": ""正常"", ""confidence"": 0.0, ""bbox"": [26, 456, 252, 13], ""reason"": ""缺少EXIF且图像结构异常(疑似生成图)"", ""bbox_overlap_check"": {""max_iou"": 0.0, ""risk_max_iou"": 0.0, ""overlapping_pairs"": [], ""box_count"": 2, ""anomalies"": []}, ""hard_tamper_flags"": {""bbox_iou"": false}, ""original_bbox"": [26, 456, 278, 469], ""field_type"": ""amount"", ""field_label"": ""金额"", ""region_no"": 1}, {""result"": ""正常"", ""confidence"": 0.11148843529469371, ""bbox"": [112, 257, 86, 11], ""reason"": ""缺少EXIF且图像结构异常(疑似生成图)"", ""bbox_overlap_check"": {""max_iou"": 0.0, ""risk_max_iou"": 0.0, ""overlapping_pairs"": [], ""box_count"": 2, ""anomalies"": []}, ""hard_tamper_flags"": {""bbox_iou"": false}, ""original_bbox"": [112, 257, 198, 268], ""field_type"": ""amount"", ""field_label"": ""金额"", ""region_no"": 2}]",-0.438512,-0.538512
independent,test,2.png,/home/quyu/PD_new/PD_max/app/ai_detection/images/normal/2.png,正常,正常,0.10694387172612937,True,3,39,33353.3,缺少EXIF且图像结构异常(疑似生成图),"[{""result"": ""正常"", ""confidence"": 0.10694387172612937, ""bbox"": [98, 245, 88, 12], ""reason"": ""缺少EXIF且图像结构异常(疑似生成图)"", ""bbox_overlap_check"": {""max_iou"": 0.0, ""risk_max_iou"": 0.0, ""overlapping_pairs"": [], ""box_count"": 3, ""anomalies"": []}, ""hard_tamper_flags"": {""bbox_iou"": false}, ""original_bbox"": [98, 245, 186, 257], ""field_type"": ""time"", ""field_label"": ""时间"", ""region_no"": 1}, {""result"": ""正常"", ""confidence"": 0.0, ""bbox"": [99, 121, 85, 10], ""reason"": ""缺少EXIF且图像结构异常(疑似生成图)"", ""bbox_overlap_check"": {""max_iou"": 0.0, ""risk_max_iou"": 0.0, ""overlapping_pairs"": [], ""box_count"": 3, ""anomalies"": []}, ""hard_tamper_flags"": {""bbox_iou"": false}, ""original_bbox"": [99, 121, 184, 131], ""field_type"": ""time"", ""field_label"": ""时间"", ""region_no"": 2}, {""result"": ""正常"", ""confidence"": 0.0, ""bbox"": [99, 228, 63, 12], ""reason"": ""缺少EXIF且图像结构异常(疑似生成图)"", ""bbox_overlap_check"": {""max_iou"": 0.0, ""risk_max_iou"": 0.0, ""overlapping_pairs"": [], ""box_count"": 3, ""anomalies"": []}, ""hard_tamper_flags"": {""bbox_iou"": false}, ""original_bbox"": [99, 228, 162, 240], ""field_type"": ""amount"", ""field_label"": ""金额"", ""region_no"": 3}]",-0.443056,-0.543056
independent,test,31.png,/home/quyu/PD_new/PD_max/app/ai_detection/images/normal/31.png,正常,正常,0.1072698552669924,True,3,38,37274.0,缺少EXIF且图像结构异常(疑似生成图)；局部字体风格异常,"[{""result"": ""正常"", ""confidence"": 0.1072698552669924, ""bbox"": [109, 238, 86, 10], ""reason"": ""缺少EXIF且图像结构异常(疑似生成图)；局部字体风格异常"", ""bbox_overlap_check"": {""max_iou"": 0.0, ""risk_max_iou"": 0.0, ""overlapping_pairs"": [], ""box_count"": 3, ""anomalies"": []}, ""hard_tamper_flags"": {""bbox_iou"": false}, ""original_bbox"": [109, 238, 195, 248], ""field_type"": ""time"", ""field_label"": ""时间"", ""region_no"": 1}, {""result"": ""正常"", ""confidence"": 0.0, ""bbox"": [109, 113, 85, 10], ""reason"": ""缺少EXIF且图像结构异常(疑似生成图)"", ""bbox_overlap_check"": {""max_iou"": 0.0, ""risk_max_iou"": 0.0, ""overlapping_pairs"": [], ""box_count"": 3, ""anomalies"": []}, ""hard_tamper_flags"": {""bbox_iou"": false}, ""original_bbox"": [109, 113, 194, 123], ""field_type"": ""time"", ""field_label"": ""时间"", ""region_no"": 2}, {""result"": ""正常"", ""confidence"": 0.0, ""bbox"": [109, 221, 63, 12], ""reason"": ""缺少EXIF且图像结构异常(疑似生成图)"", ""bbox_overlap_check"": {""max_iou"": 0.0, ""risk_max_iou"": 0.0, ""overlapping_pairs"": [], ""box_count"": 3, ""anomalies"": []}, ""hard_tamper_flags"": {""bbox_iou"": false}, ""original_bbox"": [109, 221, 172, 233], ""field_type"": ""amount"", ""field_label"": ""金额"", ""region_no"": 3}]",-0.44273,-0.54273
independent,test,32.png,/home/quyu/PD_new/PD_max/app/ai_detection/images/normal/32.png,正常,正常,0.09223305757172338,True,2,39,35251.4,缺少EXIF且图像结构异常(疑似生成图),"[{""result"": ""正常"", ""confidence"": 0.09142450178357735, ""bbox"": [108, 128, 88, 12], ""reason"": ""缺少EXIF且图像结构异常(疑似生成图)"", ""bbox_overlap_check"": {""max_iou"": 0.0, ""risk_max_iou"": 0.0, ""overlapping_pairs"": [], ""box_count"": 2, ""anomalies"": []}, ""hard_tamper_flags"": {""bbox_iou"": false}, ""original_bbox"": [108, 128, 196, 140], ""field_type"": ""time"", ""field_label"": ""时间"", ""region_no"": 1}, {""result"": ""正常"", ""confidence"": 0.09223305757172338, ""bbox"": [108, 253, 88, 12], ""reason"": ""缺少EXIF且图像结构异常(疑似生成图)"", ""bbox_overlap_check"": {""max_iou"": 0.0, ""risk_max_iou"": 0.0, ""overlapping_pairs"": [], ""box_count"": 2, ""anomalies"": []}, ""hard_tamper_flags"": {""bbox_iou"": false}, ""original_bbox"": [108, 253, 196, 265], ""field_type"": ""time"", ""field_label"": ""时间"", ""region_no"": 2}]",-0.457767,-0.557767
independent,test,33.png,/home/quyu/PD_new/PD_max/app/ai_detection/images/normal/33.png,正常,正常,0.06756171139090901,True,3,39,37722.8,缺少EXIF且图像结构异常(疑似生成图),"[{""result"": ""正常"", ""confidence"": 0.06756171139090901, ""bbox"": [97, 116, 82, 13], ""reason"": ""缺少EXIF且图像结构异常(疑似生成图)"", ""bbox_overlap_check"": {""max_iou"": 0.0, ""risk_max_iou"": 0.0, ""overlapping_pairs"": [], ""box_count"": 3, ""anomalies"": []}, ""hard_tamper_flags"": {""bbox_iou"": false}, ""original_bbox"": [97, 116, 179, 129], ""field_type"": ""time"", ""field_label"": ""时间"", ""region_no"": 1}, {""result"": ""正常"", ""confidence"": 0.0, ""bbox"": [97, 217, 60, 12], ""reason"": ""缺少EXIF且图像结构异常(疑似生成图)"", ""bbox_overlap_check"": {""max_iou"": 0.0, ""risk_max_iou"": 0.0, ""overlapping_pairs"": [], ""box_count"": 3, ""anomalies"": []}, ""hard_tamper_flags"": {""bbox_iou"": false}, ""original_bbox"": [97, 217, 157, 229], ""field_type"": ""amount"", ""field_label"": ""金额"", ""region_no"": 2}, {""result"": ""正常"", ""confidence"": 0.0, ""bbox"": [98, 235, 79, 9], ""reason"": ""缺少EXIF且图像结构异常(疑似生成图)"", ""bbox_overlap_check"": {""max_iou"": 0.0, ""risk_max_iou"": 0.0, ""overlapping_pairs"": [], ""box_count"": 3, ""anomalies"": []}, ""hard_tamper_flags"": {""bbox_iou"": false}, ""original_bbox"": [98, 235, 177, 244], ""field_type"": ""time"", ""field_label"": ""时间"", ""region_no"": 3}]",-0.482438,-0.582438
independent,test,34.png,/home/quyu/PD_new/PD_max/app/ai_detection/images/normal/34.png,正常,无法自动检测,0.0,False,0,38,29945.1,未识别到金额、姓名、时间关键区域，无法自动检测,[],-0.55,-0.65
independent,train,46.jpg,/home/quyu/PD_new/PD_max/app/ai_detection/images/normal/46.jpg,正常,正常,0.38980111047394234,True,2,25,23122.5,存在局部边缘拼接/像素涂抹痕迹,"[{""result"": ""正常"", ""confidence"": 0.37722786707109923, ""bbox"": [381, 475, 447, 117], ""reason"": ""存在局部边缘拼接/像素涂抹痕迹"", ""bbox_overlap_check"": {""max_iou"": 0.0, ""risk_max_iou"": 0.0, ""overlapping_pairs"": [], ""box_count"": 2, ""anomalies"": []}, ""hard_tamper_flags"": {""bbox_iou"": false}, ""original_bbox"": [381, 475, 828, 592], ""field_type"": ""amount"", ""field_label"": ""金额"", ""region_no"": 1}, {""result"": ""正常"", ""confidence"": 0.38980111047394234, ""bbox"": [636, 1595, 522, 54], ""reason"": ""存在局部边缘拼接/像素涂抹痕迹"", ""bbox_overlap_check"": {""max_iou"": 0.0, ""risk_max_iou"": 0.0, ""overlapping_pairs"": [], ""box_count"": 2, ""anomalies"": []}, ""hard_tamper_flags"": {""bbox_iou"": false}, ""original_bbox"": [636, 1595, 1158, 1649], ""field_type"": ""time"", ""field_label"": ""时间"", ""region_no"": 2}]",-0.160199,-0.260199
independent,train,no (3).jpg,/home/quyu/PD_new/PD_max/app/ai_detection/images/normal/no (3).jpg,正常,正常,0.09090634754046578,True,2,59,25594.6,未检出明显篡改痕迹,"[{""result"": ""正常"", ""confidence"": 0.09090634754046578, ""bbox"": [312, 895, 160, 26], ""reason"": ""未检出明显篡改痕迹"", ""bbox_overlap_check"": {""max_iou"": 0.0, ""risk_max_iou"": 0.0, ""overlapping_pairs"": [], ""box_count"": 2, ""anomalies"": []}, ""hard_tamper_flags"": {""bbox_iou"": false}, ""original_bbox"": [312, 895, 472, 921], ""field_type"": ""amount"", ""field_label"": ""金额"", ""region_no"": 1}, {""result"": ""正常"", ""confidence"": 0.07242843627371254, ""bbox"": [312, 964, 175, 23], ""reason"": ""未检出明显篡改痕迹"", ""bbox_overlap_check"": {""max_iou"": 0.0, ""risk_max_iou"": 0.0, ""overlapping_pairs"": [], ""box_count"": 2, ""anomalies"": []}, ""hard_tamper_flags"": {""bbox_iou"": false}, ""original_bbox"": [312, 964, 487, 987], ""field_type"": ""amount"", ""field_label"": ""金额"", ""region_no"": 2}]",-0.459094,-0.559094
independent,train,p (24).jpg,/home/quyu/PD_new/PD_max/app/ai_detection/images/tampered/p (24).jpg,篡改,篡改,0.6697151047764112,True,3,22,22875.7,全局UI布局异常；存在局部边缘拼接/像素涂抹痕迹,"[{""result"": ""篡改"", ""confidence"": 0.66, ""bbox"": [483, 527, 432, 109], ""reason"": ""全局UI布局异常；存在局部边缘拼接/像素涂抹痕迹"", ""bbox_overlap_check"": {""max_iou"": 0.0, ""risk_max_iou"": 0.0, ""overlapping_pairs"": [], ""box_count"": 3, ""anomalies"": []}, ""hard_tamper_flags"": {""bbox_iou"": false}, ""original_bbox"": [483, 527, 915, 636], ""field_type"": ""amount"", ""field_label"": ""金额"", ""region_no"": 1}, {""result"": ""篡改"", ""confidence"": 0.66, ""bbox"": [584, 1138, 547, 54], ""reason"": ""全局UI布局异常；存在局部边缘拼接/像素涂抹痕迹"", ""bbox_overlap_check"": {""max_iou"": 0.0, ""risk_max_iou"": 0.0, ""overlapping_pairs"": [], ""box_count"": 3, ""anomalies"": []}, ""hard_tamper_flags"": {""bbox_iou"": false}, ""original_bbox"": [584, 1138, 1131, 1192], ""field_type"": ""time"", ""field_label"": ""时间"", ""region_no"": 2}, {""result"": ""篡改"", ""confidence"": 0.6697151047764112, ""bbox"": [445, 678, 336, 54], ""reason"": ""全局UI布局异常；存在局部边缘拼接/像素涂抹痕迹"", ""bbox_overlap_check"": {""max_iou"": 0.0, ""risk_max_iou"": 0.0, ""overlapping_pairs"": [], ""box_count"": 3, ""anomalies"": []}, ""hard_tamper_flags"": {""bbox_iou"": false}, ""original_bbox"": [445, 678, 781, 732], ""field_type"": ""amount"", ""field_label"": ""金额"", ""region_no"": 3}]",0.119715,0.019715
independent,train,no (11).jpg,/home/quyu/PD_new/PD_max/app/ai_detection/images/normal/no (11).jpg,正常,正常,0.16469663573365792,True,4,54,25258.0,未检出明显篡改痕迹,"[{""result"": ""正常"", ""confidence"": 0.09656137931532974, ""bbox"": [254, 695, 654, 33], ""reason"": ""未检出明显篡改痕迹"", ""bbox_overlap_check"": {""max_iou"": 0.0, ""risk_max_iou"": 0.0, ""overlapping_pairs"": [], ""box_count"": 4, ""anomalies"": []}, ""hard_tamper_flags"": {""bbox_iou"": false}, ""original_bbox"": [254, 695, 908, 728], ""field_type"": ""name"", ""field_label"": ""姓名"", ""region_no"": 1}, {""result"": ""正常"", ""confidence"": 0.07642202562998117, ""bbox"": [222, 885, 215, 34], ""reason"": ""未检出明显篡改痕迹"", ""bbox_overlap_check"": {""max_iou"": 0.0, ""risk_max_iou"": 0.0, ""overlapping_pairs"": [], ""box_count"": 4, ""anomalies"": []}, ""hard_tamper_flags"": {""bbox_iou"": false}, ""original_bbox"": [222, 885, 437, 919], ""field_type"": ""amount"", ""field_label"": ""金额"", ""region_no"": 2}, {""result"": ""正常"", ""confidence"": 0.10497958633062299, ""bbox"": [222, 1022, 234, 31], ""reason"": ""未检出明显篡改痕迹"", ""bbox_overlap_check"": {""max_iou"": 0.0, ""risk_max_iou"": 0.0, ""overlapping_pairs"": [], ""box_count"": 4, ""anomalies"": []}, ""hard_tamper_flags"": {""bbox_iou"": false}, ""original_bbox"": [222, 1022, 456, 1053], ""field_type"": ""time"", ""field_label"": ""时间"", ""region_no"": 3}, {""result"": ""正常"", ""confidence"": 0.16469663573365792, ""bbox"": [223, 977, 232, 27], ""reason"": ""未检出明显篡改痕迹"", ""bbox_overlap_check"": {""max_iou"": 0.0, ""risk_max_iou"": 0.0, ""overlapping_pairs"": [], ""box_count"": 4, ""anomalies"": []}, ""hard_tamper_flags"": {""bbox_iou"": false}, ""original_bbox"": [223, 977, 455, 1004], ""field_type"": ""time"", ""field_label"": ""时间"", ""region_no"": 4}]",-0.385303,-0.485303
independent,validation,p (12).jpg,/home/quyu/PD_new/PD_max/app/ai_detection/images/tampered/p (12).jpg,篡改,篡改,0.7901840463761325,True,6,39,24123.7,全局UI布局异常；存在局部边缘拼接/像素涂抹痕迹,"[{""result"": ""篡改"", ""confidence"": 0.66, ""bbox"": [541, 2113, 560, 71], ""reason"": ""全局UI布局异常"", ""bbox_overlap_check"": {""max_iou"": 0.0, ""risk_max_iou"": 0.0, ""overlapping_pairs"": [], ""box_count"": 6, ""anomalies"": []}, ""hard_tamper_flags"": {""bbox_iou"": false}, ""original_bbox"": [541, 2113, 1101, 2184], ""field_type"": ""amount"", ""field_label"": ""金额"", ""region_no"": 1}, {""result"": ""篡改"", ""confidence"": 0.66, ""bbox"": [466, 940, 321, 93], ""reason"": ""全局UI布局异常"", ""bbox_overlap_check"": {""max_iou"": 0.0, ""risk_max_iou"": 0.0, ""overlapping_pairs"": [], ""box_count"": 6, ""anomalies"": []}, ""hard_tamper_flags"": {""bbox_iou"": false}, ""original_bbox"": [466, 940, 787, 1033], ""field_type"": ""amount"", ""field_label"": ""金额"", ""region_no"": 2}, {""result"": ""篡改"", ""confidence"": 0.66, ""bbox"": [116, 2113, 393, 68], ""reason"": ""全局UI布局异常"", ""bbox_overlap_check"": {""max_iou"": 0.0, ""risk_max_iou"": 0.0, ""overlapping_pairs"": [], ""box_count"": 6, ""anomalies"": []}, ""hard_tamper_flags"": {""bbox_iou"": false}, ""original_bbox"": [116, 2113, 509, 2181], ""field_type"": ""amount"", ""field_label"": ""金额"", ""region_no"": 3}, {""result"": ""篡改"", ""confidence"": 0.66, ""bbox"": [115, 1259, 199, 60], ""reason"": ""全局UI布局异常"", ""bbox_overlap_check"": {""max_iou"": 0.0, ""risk_max_iou"": 0.0, ""overlapping_pairs"": [], ""box_count"": 6, ""anomalies"": []}, ""hard_tamper_flags"": {""bbox_iou"": false}, ""original_bbox"": [115, 1259, 314, 1319], ""field_type"": ""amount"", ""field_label"": ""金额"", ""region_no"": 4}, {""result"": ""篡改"", ""confidence"": 0.66, ""bbox"": [632, 1130, 179, 53], ""reason"": ""全局UI布局异常"", ""bbox_overlap_check"": {""max_iou"": 0.0, ""risk_max_iou"": 0.0, ""overlapping_pairs"": [], ""box_count"": 6, ""anomalies"": []}, ""hard_tamper_flags"": {""bbox_iou"": false}, ""original_bbox"": [632, 1130, 811, 1183], ""field_type"": ""amount"", ""field_label"": ""金额"", ""region_no"": 5}, {""result"": ""篡改"", ""confidence"": 0.7901840463761325, ""bbox"": [372, 249, 146, 52], ""reason"": ""全局UI布局异常；存在局部边缘拼接/像素涂抹痕迹"", ""bbox_overlap_check"": {""max_iou"": 0.0, ""risk_max_iou"": 0.0, ""overlapping_pairs"": [], ""box_count"": 6, ""anomalies"": []}, ""hard_tamper_flags"": {""bbox_iou"": false}, ""original_bbox"": [372, 249, 518, 301], ""field_type"": ""amount"", ""field_label"": ""金额"", ""region_no"": 6}]",0.240184,0.140184
independent,train,p (14).jpg,/home/quyu/PD_new/PD_max/app/ai_detection/images/tampered/p (14).jpg,篡改,篡改,0.66,True,1,4,12824.0,全局UI布局异常；局部字体风格异常,"[{""result"": ""篡改"", ""confidence"": 0.66, ""bbox"": [82, 192, 265, 51], ""reason"": ""全局UI布局异常；局部字体风格异常"", ""bbox_overlap_check"": {""max_iou"": 0.0, ""risk_max_iou"": 0.0, ""overlapping_pairs"": [], ""box_count"": 1, ""anomalies"": []}, ""hard_tamper_flags"": {""bbox_iou"": false}, ""original_bbox"": [82, 192, 347, 243], ""field_type"": ""amount"", ""field_label"": ""金额"", ""region_no"": 1}]",0.11,0.01
independent,train,p (43).jpg,/home/quyu/PD_new/PD_max/app/ai_detection/images/tampered/p (43).jpg,篡改,篡改,0.66,True,1,4,12760.0,全局UI布局异常；局部字体风格异常,"[{""result"": ""篡改"", ""confidence"": 0.66, ""bbox"": [82, 193, 264, 49], ""reason"": ""全局UI布局异常；局部字体风格异常"", ""bbox_overlap_check"": {""max_iou"": 0.0, ""risk_max_iou"": 0.0, ""overlapping_pairs"": [], ""box_count"": 1, ""anomalies"": []}, ""hard_tamper_flags"": {""bbox_iou"": false}, ""original_bbox"": [82, 193, 346, 242], ""field_type"": ""amount"", ""field_label"": ""金额"", ""region_no"": 1}]",0.11,0.01
independent,train,44.jpg,/home/quyu/PD_new/PD_max/app/ai_detection/images/normal/44.jpg,正常,正常,0.4355446399834915,True,2,30,22643.2,存在局部边缘拼接/像素涂抹痕迹,"[{""result"": ""正常"", ""confidence"": 0.4355446399834915, ""bbox"": [387, 1060, 468, 49], ""reason"": ""存在局部边缘拼接/像素涂抹痕迹"", ""bbox_overlap_check"": {""max_iou"": 0.0, ""risk_max_iou"": 0.0, ""overlapping_pairs"": [], ""box_count"": 2, ""anomalies"": []}, ""hard_tamper_flags"": {""bbox_iou"": false}, ""original_bbox"": [387, 1060, 855, 1109], ""field_type"": ""time"", ""field_label"": ""时间"", ""region_no"": 1}, {""result"": ""正常"", ""confidence"": 0.43430019923634955, ""bbox"": [384, 1587, 128, 44], ""reason"": ""存在局部边缘拼接/像素涂抹痕迹"", ""bbox_overlap_check"": {""max_iou"": 0.0, ""risk_max_iou"": 0.0, ""overlapping_pairs"": [], ""box_count"": 2, ""anomalies"": []}, ""hard_tamper_flags"": {""bbox_iou"": false}, ""original_bbox"": [384, 1587, 512, 1631], ""field_type"": ""amount"", ""field_label"": ""金额"", ""region_no"": 2}]",-0.114455,-0.214455
independent,train,39.png,/home/quyu/PD_new/PD_max/app/ai_detection/images/normal/39.png,正常,正常,0.2380153464556213,True,3,51,32242.1,缺少EXIF且图像结构异常(疑似生成图)；文件体积/像素比异常(疑似工具导出),"[{""result"": ""正常"", ""confidence"": 0.2110850582426444, ""bbox"": [196, 163, 436, 16], ""reason"": ""缺少EXIF且图像结构异常(疑似生成图)；文件体积/像素比异常(疑似工具导出)"", ""bbox_overlap_check"": {""max_iou"": 0.1835, ""risk_max_iou"": 0.0, ""overlapping_pairs"": [], ""box_count"": 3, ""anomalies"": []}, ""hard_tamper_flags"": {""bbox_iou"": false}, ""original_bbox"": [196, 163, 632, 179], ""field_type"": ""amount"", ""field_label"": ""金额"", ""region_no"": 1}, {""result"": ""正常"", ""confidence"": 0.2380153464556213, ""bbox"": [447, 61, 146, 17], ""reason"": ""缺少EXIF且图像结构异常(疑似生成图)；文件体积/像素比异常(疑似工具导出)"", ""bbox_overlap_check"": {""max_iou"": 0.1835, ""risk_max_iou"": 0.0, ""overlapping_pairs"": [], ""box_count"": 3, ""anomalies"": []}, ""hard_tamper_flags"": {""bbox_iou"": false}, ""original_bbox"": [447, 61, 593, 78], ""field_type"": ""amount"", ""field_label"": ""金额"", ""region_no"": 2}, {""result"": ""正常"", ""confidence"": 0.13799280897494695, ""bbox"": [196, 163, 80, 16], ""reason"": ""缺少EXIF且图像结构异常(疑似生成图)；文件体积/像素比异常(疑似工具导出)"", ""bbox_overlap_check"": {""max_iou"": 0.1835, ""risk_max_iou"": 0.0, ""overlapping_pairs"": [], ""box_count"": 3, ""anomalies"": []}, ""hard_tamper_flags"": {""bbox_iou"": false}, ""original_bbox"": [196, 163, 276, 179], ""field_type"": ""amount"", ""field_label"": ""金额"", ""region_no"": 3}]",-0.311985,-0.411985
independent,validation,14.jpg,/home/quyu/PD_new/PD_max/app/ai_detection/images/normal/14.jpg,正常,正常,0.4497266836835006,True,6,31,23619.2,存在局部边缘拼接/像素涂抹痕迹,"[{""result"": ""正常"", ""confidence"": 0.3912295784525004, ""bbox"": [504, 388, 312, 96], ""reason"": ""存在局部边缘拼接/像素涂抹痕迹"", ""bbox_overlap_check"": {""max_iou"": 0.0, ""risk_max_iou"": 0.0, ""overlapping_pairs"": [], ""box_count"": 6, ""anomalies"": []}, ""hard_tamper_flags"": {""bbox_iou"": false}, ""original_bbox"": [504, 388, 816, 484], ""field_type"": ""amount"", ""field_label"": ""金额"", ""region_no"": 1}, {""result"": ""正常"", ""confidence"": 0.37382369457931125, ""bbox"": [904, 664, 376, 47], ""reason"": ""存在局部边缘拼接/像素涂抹痕迹"", ""bbox_overlap_check"": {""max_iou"": 0.0, ""risk_max_iou"": 0.0, ""overlapping_pairs"": [], ""box_count"": 6, ""anomalies"": []}, ""hard_tamper_flags"": {""bbox_iou"": false}, ""original_bbox"": [904, 664, 1280, 711], ""field_type"": ""time"", ""field_label"": ""时间"", ""region_no"": 2}, {""result"": ""正常"", ""confidence"": 0.4235683814725471, ""bbox"": [530, 511, 257, 52], ""reason"": ""存在局部边缘拼接/像素涂抹痕迹"", ""bbox_overlap_check"": {""max_iou"": 0.0, ""risk_max_iou"": 0.0, ""overlapping_pairs"": [], ""box_count"": 6, ""anomalies"": []}, ""hard_tamper_flags"": {""bbox_iou"": false}, ""original_bbox"": [530, 511, 787, 563], ""field_type"": ""amount"", ""field_label"": ""金额"", ""region_no"": 3}, {""result"": ""正常"", ""confidence"": 0.12478165543231123, ""bbox"": [1109, 1521, 168, 51], ""reason"": ""未检出明显篡改痕迹"", ""bbox_overlap_check"": {""max_iou"": 0.0, ""risk_max_iou"": 0.0, ""overlapping_pairs"": [], ""box_count"": 6, ""anomalies"": []}, ""hard_tamper_flags"": {""bbox_iou"": false}, ""original_bbox"": [1109, 1521, 1277, 1572], ""field_type"": ""amount"", ""field_label"": ""金额"", ""region_no"": 4}, {""result"": ""正常"", ""confidence"": 0.4497266836835006, ""bbox"": [1134, 1198, 146, 48], ""reason"": ""存在局部边缘拼接/像素涂抹痕迹"", ""bbox_overlap_check"": {""max_iou"": 0.0, ""risk_max_iou"": 0.0, ""overlapping_pairs"": [], ""box_count"": 6, ""anomalies"": []}, ""hard_tamper_flags"": {""bbox_iou"": false}, ""original_bbox"": [1134, 1198, 1280, 1246], ""field_type"": ""amount"", ""field_label"": ""金额"", ""region_no"": 5}, {""result"": ""正常"", ""confidence"": 0.39588278768034807, ""bbox"": [1136, 1307, 142, 43], ""reason"": ""存在局部边缘拼接/像素涂抹痕迹"", ""bbox_overlap_check"": {""max_iou"": 0.0, ""risk_max_iou"": 0.0, ""overlapping_pairs"": [], ""box_count"": 6, ""anomalies"": []}, ""hard_tamper_flags"": {""bbox_iou"": false}, ""original_bbox"": [1136, 1307, 1278, 1350], ""field_type"": ""amount"", ""field_label"": ""金额"", ""region_no"": 6}]",-0.100273,-0.200273
independent,validation,15.jpg,/home/quyu/PD_new/PD_max/app/ai_detection/images/normal/15.jpg,正常,正常,0.4381935226801363,True,5,31,22972.7,存在局部边缘拼接/像素涂抹痕迹,"[{""result"": ""正常"", ""confidence"": 0.3770908536423539, ""bbox"": [470, 385, 377, 99], ""reason"": ""存在局部边缘拼接/像素涂抹痕迹"", ""bbox_overlap_check"": {""max_iou"": 0.0, ""risk_max_iou"": 0.0, ""overlapping_pairs"": [], ""box_count"": 5, ""anomalies"": []}, ""hard_tamper_flags"": {""bbox_iou"": false}, ""original_bbox"": [470, 385, 847, 484], ""field_type"": ""amount"", ""field_label"": ""金额"", ""region_no"": 1}, {""result"": ""正常"", ""confidence"": 0.4369390290873548, ""bbox"": [903, 663, 377, 48], ""reason"": ""存在局部边缘拼接/像素涂抹痕迹"", ""bbox_overlap_check"": {""max_iou"": 0.0, ""risk_max_iou"": 0.0, ""overlapping_pairs"": [], ""box_count"": 5, ""anomalies"": []}, ""hard_tamper_flags"": {""bbox_iou"": false}, ""original_bbox"": [903, 663, 1280, 711], ""field_type"": ""time"", ""field_label"": ""时间"", ""region_no"": 2}, {""result"": ""正常"", ""confidence"": 0.40945267386429507, ""bbox"": [530, 511, 257, 52], ""reason"": ""存在局部边缘拼接/像素涂抹痕迹"", ""bbox_overlap_check"": {""max_iou"": 0.0, ""risk_max_iou"": 0.0, ""overlapping_pairs"": [], ""box_count"": 5, ""anomalies"": []}, ""hard_tamper_flags"": {""bbox_iou"": false}, ""original_bbox"": [530, 511, 787, 563], ""field_type"": ""amount"", ""field_label"": ""金额"", ""region_no"": 3}, {""result"": ""正常"", ""confidence"": 0.1273063199854123, ""bbox"": [1113, 1518, 167, 54], ""reason"": ""未检出明显篡改痕迹"", ""bbox_overlap_check"": {""max_iou"": 0.0, ""risk_max_iou"": 0.0, ""overlapping_pairs"": [], ""box_count"": 5, ""anomalies"": []}, ""hard_tamper_flags"": {""bbox_iou"": false}, ""original_bbox"": [1113, 1518, 1280, 1572], ""field_type"": ""amount"", ""field_label"": ""金额"", ""region_no"": 4}, {""result"": ""正常"", ""confidence"": 0.4381935226801363, ""bbox"": [1104, 1198, 176, 50], ""reason"": ""存在局部边缘拼接/像素涂抹痕迹"", ""bbox_overlap_check"": {""max_iou"": 0.0, ""risk_max_iou"": 0.0, ""overlapping_pairs"": [], ""box_count"": 5, ""anomalies"": []}, ""hard_tamper_flags"": {""bbox_iou"": false}, ""original_bbox"": [1104, 1198, 1280, 1248], ""field_type"": ""amount"", ""field_label"": ""金额"", ""region_no"": 5}]",-0.111806,-0.211806
independent,validation,9.jpg,/home/quyu/PD_new/PD_max/app/ai_detection/images/normal/9.jpg,正常,正常,0.48600320594826313,True,5,31,23301.1,存在局部边缘拼接/像素涂抹痕迹,"[{""result"": ""正常"", ""confidence"": 0.4194758131323495, ""bbox"": [504, 388, 309, 94], ""reason"": ""存在局部边缘拼接/像素涂抹痕迹"", ""bbox_overlap_check"": {""max_iou"": 0.0, ""risk_max_iou"": 0.0, ""overlapping_pairs"": [], ""box_count"": 5, ""anomalies"": []}, ""hard_tamper_flags"": {""bbox_iou"": false}, ""original_bbox"": [504, 388, 813, 482], ""field_type"": ""amount"", ""field_label"": ""金额"", ""region_no"": 1}, {""result"": ""正常"", ""confidence"": 0.41288777439690694, ""bbox"": [920, 663, 360, 48], ""reason"": ""存在局部边缘拼接/像素涂抹痕迹"", ""bbox_overlap_check"": {""max_iou"": 0.0, ""risk_max_iou"": 0.0, ""overlapping_pairs"": [], ""box_count"": 5, ""anomalies"": []}, ""hard_tamper_flags"": {""bbox_iou"": false}, ""original_bbox"": [920, 663, 1280, 711], ""field_type"": ""time"", ""field_label"": ""时间"", ""region_no"": 2}, {""result"": ""正常"", ""confidence"": 0.4121440630433847, ""bbox"": [546, 511, 228, 52], ""reason"": ""存在局部边缘拼接/像素涂抹痕迹"", ""bbox_overlap_check"": {""max_iou"": 0.0, ""risk_max_iou"": 0.0, ""overlapping_pairs"": [], ""box_count"": 5, ""anomalies"": []}, ""hard_tamper_flags"": {""bbox_iou"": false}, ""original_bbox"": [546, 511, 774, 563], ""field_type"": ""amount"", ""field_label"": ""金额"", ""region_no"": 3}, {""result"": ""正常"", ""confidence"": 0.48600320594826313, ""bbox"": [1134, 1198, 146, 48], ""reason"": ""存在局部边缘拼接/像素涂抹痕迹"", ""bbox_overlap_check"": {""max_iou"": 0.0, ""risk_max_iou"": 0.0, ""overlapping_pairs"": [], ""box_count"": 5, ""anomalies"": []}, ""hard_tamper_flags"": {""bbox_iou"": false}, ""original_bbox"": [1134, 1198, 1280, 1246], ""field_type"": ""amount"", ""field_label"": ""金额"", ""region_no"": 4}, {""result"": ""正常"", ""confidence"": 0.44451231117494, ""bbox"": [1141, 1522, 137, 43], ""reason"": ""存在局部边缘拼接/像素涂抹痕迹"", ""bbox_overlap_check"": {""max_iou"": 0.0, ""risk_max_iou"": 0.0, ""overlapping_pairs"": [], ""box_count"": 5, ""anomalies"": []}, ""hard_tamper_flags"": {""bbox_iou"": false}, ""original_bbox"": [1141, 1522, 1278, 1565], ""field_type"": ""amount"", ""field_label"": ""金额"", ""region_no"": 5}]",-0.063997,-0.163997
independent,train,no (12).jpg,/home/quyu/PD_new/PD_max/app/ai_detection/images/normal/no (12).jpg,正常,篡改,0.66,False,4,34,23066.4,全局UI布局异常；存在局部边缘拼接/像素涂抹痕迹,"[{""result"": ""篡改"", ""confidence"": 0.66, ""bbox"": [322, 565, 435, 97], ""reason"": ""全局UI布局异常；存在局部边缘拼接/像素涂抹痕迹"", ""bbox_overlap_check"": {""max_iou"": 0.0, ""risk_max_iou"": 0.0, ""overlapping_pairs"": [], ""box_count"": 4, ""anomalies"": []}, ""hard_tamper_flags"": {""bbox_iou"": false}, ""original_bbox"": [322, 565, 757, 662], ""field_type"": ""amount"", ""field_label"": ""金额"", ""region_no"": 1}, {""result"": ""篡改"", ""confidence"": 0.66, ""bbox"": [88, 1387, 568, 49], ""reason"": ""全局UI布局异常；存在局部边缘拼接/像素涂抹痕迹"", ""bbox_overlap_check"": {""max_iou"": 0.0, ""risk_max_iou"": 0.0, ""overlapping_pairs"": [], ""box_count"": 4, ""anomalies"": []}, ""hard_tamper_flags"": {""bbox_iou"": false}, ""original_bbox"": [88, 1387, 656, 1436], ""field_type"": ""amount"", ""field_label"": ""金额"", ""region_no"": 2}, {""result"": ""篡改"", ""confidence"": 0.66, ""bbox"": [334, 896, 382, 53], ""reason"": ""全局UI布局异常"", ""bbox_overlap_check"": {""max_iou"": 0.0, ""risk_max_iou"": 0.0, ""overlapping_pairs"": [], ""box_count"": 4, ""anomalies"": []}, ""hard_tamper_flags"": {""bbox_iou"": false}, ""original_bbox"": [334, 896, 716, 949], ""field_type"": ""name"", ""field_label"": ""姓名"", ""region_no"": 3}, {""result"": ""篡改"", ""confidence"": 0.66, ""bbox"": [333, 811, 352, 41], ""reason"": ""全局UI布局异常；存在局部边缘拼接/像素涂抹痕迹"", ""bbox_overlap_check"": {""max_iou"": 0.0, ""risk_max_iou"": 0.0, ""overlapping_pairs"": [], ""box_count"": 4, ""anomalies"": []}, ""hard_tamper_flags"": {""bbox_iou"": false}, ""original_bbox"": [333, 811, 685, 852], ""field_type"": ""time"", ""field_label"": ""时间"", ""region_no"": 4}]",0.11,0.01
independent,train,no (5).jpg,/home/quyu/PD_new/PD_max/app/ai_detection/images/normal/no (5).jpg,正常,正常,0.36136966276776733,True,2,25,22716.8,存在局部边缘拼接/像素涂抹痕迹,"[{""result"": ""正常"", ""confidence"": 0.36136966276776733, ""bbox"": [140, 1119, 992, 65], ""reason"": ""存在局部边缘拼接/像素涂抹痕迹"", ""bbox_overlap_check"": {""max_iou"": 0.2056, ""risk_max_iou"": 0.0, ""overlapping_pairs"": [], ""box_count"": 2, ""anomalies"": []}, ""hard_tamper_flags"": {""bbox_iou"": false}, ""original_bbox"": [140, 1119, 1132, 1184], ""field_type"": ""amount"", ""field_label"": ""金额"", ""region_no"": 1}, {""result"": ""正常"", ""confidence"": 0.3520042236082897, ""bbox"": [891, 1125, 241, 55], ""reason"": ""存在局部边缘拼接/像素涂抹痕迹"", ""bbox_overlap_check"": {""max_iou"": 0.2056, ""risk_max_iou"": 0.0, ""overlapping_pairs"": [], ""box_count"": 2, ""anomalies"": []}, ""hard_tamper_flags"": {""bbox_iou"": false}, ""original_bbox"": [891, 1125, 1132, 1180], ""field_type"": ""amount"", ""field_label"": ""金额"", ""region_no"": 2}]",-0.18863,-0.28863
independent,train,p (2).jpg,/home/quyu/PD_new/PD_max/app/ai_detection/images/tampered/p (2).jpg,篡改,篡改,0.6850050829370968,True,2,25,22995.4,全局UI布局异常；存在局部边缘拼接/像素涂抹痕迹,"[{""result"": ""篡改"", ""confidence"": 0.6850050829370968, ""bbox"": [140, 1119, 992, 65], ""reason"": ""全局UI布局异常；存在局部边缘拼接/像素涂抹痕迹"", ""bbox_overlap_check"": {""max_iou"": 0.2056, ""risk_max_iou"": 0.0, ""overlapping_pairs"": [], ""box_count"": 2, ""anomalies"": []}, ""hard_tamper_flags"": {""bbox_iou"": false}, ""original_bbox"": [140, 1119, 1132, 1184], ""field_type"": ""amount"", ""field_label"": ""金额"", ""region_no"": 1}, {""result"": ""篡改"", ""confidence"": 0.6668671960144031, ""bbox"": [891, 1125, 241, 55], ""reason"": ""全局UI布局异常；存在局部边缘拼接/像素涂抹痕迹"", ""bbox_overlap_check"": {""max_iou"": 0.2056, ""risk_max_iou"": 0.0, ""overlapping_pairs"": [], ""box_count"": 2, ""anomalies"": []}, ""hard_tamper_flags"": {""bbox_iou"": false}, ""original_bbox"": [891, 1125, 1132, 1180], ""field_type"": ""amount"", ""field_label"": ""金额"", ""region_no"": 2}]",0.135005,0.035005
independent,test,11.jpg,/home/quyu/PD_new/PD_max/app/ai_detection/images/normal/11.jpg,正常,正常,0.44954266982271807,True,2,32,23424.9,存在局部边缘拼接/像素涂抹痕迹,"[{""result"": ""正常"", ""confidence"": 0.07790283149737287, ""bbox"": [359, 537, 511, 121], ""reason"": ""未检出明显篡改痕迹"", ""bbox_overlap_check"": {""max_iou"": 0.0, ""risk_max_iou"": 0.0, ""overlapping_pairs"": [], ""box_count"": 2, ""anomalies"": []}, ""hard_tamper_flags"": {""bbox_iou"": false}, ""original_bbox"": [359, 537, 870, 658], ""field_type"": ""amount"", ""field_label"": ""金额"", ""region_no"": 1}, {""result"": ""正常"", ""confidence"": 0.44954266982271807, ""bbox"": [44, 1669, 412, 44], ""reason"": ""存在局部边缘拼接/像素涂抹痕迹"", ""bbox_overlap_check"": {""max_iou"": 0.0, ""risk_max_iou"": 0.0, ""overlapping_pairs"": [], ""box_count"": 2, ""anomalies"": []}, ""hard_tamper_flags"": {""bbox_iou"": false}, ""original_bbox"": [44, 1669, 456, 1713], ""field_type"": ""time"", ""field_label"": ""时间"", ""region_no"": 2}]",-0.100457,-0.200457
independent,test,21.jpg,/home/quyu/PD_new/PD_max/app/ai_detection/images/normal/21.jpg,正常,正常,0.38296817553564877,True,2,32,23985.1,存在局部边缘拼接/像素涂抹痕迹,"[{""result"": ""正常"", ""confidence"": 0.06072286778535005, ""bbox"": [357, 537, 515, 121], ""reason"": ""未检出明显篡改痕迹"", ""bbox_overlap_check"": {""max_iou"": 0.0, ""risk_max_iou"": 0.0, ""overlapping_pairs"": [], ""box_count"": 2, ""anomalies"": []}, ""hard_tamper_flags"": {""bbox_iou"": false}, ""original_bbox"": [357, 537, 872, 658], ""field_type"": ""amount"", ""field_label"": ""金额"", ""region_no"": 1}, {""result"": ""正常"", ""confidence"": 0.38296817553564877, ""bbox"": [44, 1669, 421, 44], ""reason"": ""存在局部边缘拼接/像素涂抹痕迹"", ""bbox_overlap_check"": {""max_iou"": 0.0, ""risk_max_iou"": 0.0, ""overlapping_pairs"": [], ""box_count"": 2, ""anomalies"": []}, ""hard_tamper_flags"": {""bbox_iou"": false}, ""original_bbox"": [44, 1669, 465, 1713], ""field_type"": ""time"", ""field_label"": ""时间"", ""region_no"": 2}]",-0.167032,-0.267032
independent,test,8.jpg,/home/quyu/PD_new/PD_max/app/ai_detection/images/normal/8.jpg,正常,正常,0.44026318201542447,True,2,29,23377.6,存在局部边缘拼接/像素涂抹痕迹,"[{""result"": ""正常"", ""confidence"": 0.4167152614000753, ""bbox"": [367, 542, 459, 105], ""reason"": ""存在局部边缘拼接/像素涂抹痕迹"", ""bbox_overlap_check"": {""max_iou"": 0.0, ""risk_max_iou"": 0.0, ""overlapping_pairs"": [], ""box_count"": 2, ""anomalies"": []}, ""hard_tamper_flags"": {""bbox_iou"": false}, ""original_bbox"": [367, 542, 826, 647], ""field_type"": ""amount"", ""field_label"": ""金额"", ""region_no"": 1}, {""result"": ""正常"", ""confidence"": 0.44026318201542447, ""bbox"": [44, 1669, 426, 44], ""reason"": ""存在局部边缘拼接/像素涂抹痕迹"", ""bbox_overlap_check"": {""max_iou"": 0.0, ""risk_max_iou"": 0.0, ""overlapping_pairs"": [], ""box_count"": 2, ""anomalies"": []}, ""hard_tamper_flags"": {""bbox_iou"": false}, ""original_bbox"": [44, 1669, 470, 1713], ""field_type"": ""time"", ""field_label"": ""时间"", ""region_no"": 2}]",-0.109737,-0.209737
independent,train,p (16).jpg,/home/quyu/PD_new/PD_max/app/ai_detection/images/tampered/p (16).jpg,篡改,篡改,0.7206135245928698,True,2,27,22677.3,全局UI布局异常；存在局部边缘拼接/像素涂抹痕迹,"[{""result"": ""篡改"", ""confidence"": 0.66, ""bbox"": [406, 489, 554, 135], ""reason"": ""全局UI布局异常"", ""bbox_overlap_check"": {""max_iou"": 0.0, ""risk_max_iou"": 0.0, ""overlapping_pairs"": [], ""box_count"": 2, ""anomalies"": []}, ""hard_tamper_flags"": {""bbox_iou"": false}, ""original_bbox"": [406, 489, 960, 624], ""field_type"": ""amount"", ""field_label"": ""金额"", ""region_no"": 1}, {""result"": ""篡改"", ""confidence"": 0.7206135245928698, ""bbox"": [745, 1206, 485, 51], ""reason"": ""全局UI布局异常；存在局部边缘拼接/像素涂抹痕迹"", ""bbox_overlap_check"": {""max_iou"": 0.0, ""risk_max_iou"": 0.0, ""overlapping_pairs"": [], ""box_count"": 2, ""anomalies"": []}, ""hard_tamper_flags"": {""bbox_iou"": false}, ""original_bbox"": [745, 1206, 1230, 1257], ""field_type"": ""time"", ""field_label"": ""时间"", ""region_no"": 2}]",0.170614,0.070614
independent,train,p (20).jpg,/home/quyu/PD_new/PD_max/app/ai_detection/images/tampered/p (20).jpg,篡改,篡改,0.7394822066242814,True,2,26,22890.1,全局UI布局异常；存在局部边缘拼接/像素涂抹痕迹,"[{""result"": ""篡改"", ""confidence"": 0.66, ""bbox"": [393, 490, 566, 133], ""reason"": ""全局UI布局异常"", ""bbox_overlap_check"": {""max_iou"": 0.0, ""risk_max_iou"": 0.0, ""overlapping_pairs"": [], ""box_count"": 2, ""anomalies"": []}, ""hard_tamper_flags"": {""bbox_iou"": false}, ""original_bbox"": [393, 490, 959, 623], ""field_type"": ""amount"", ""field_label"": ""金额"", ""region_no"": 1}, {""result"": ""篡改"", ""confidence"": 0.7394822066242814, ""bbox"": [745, 1206, 488, 51], ""reason"": ""全局UI布局异常；存在局部边缘拼接/像素涂抹痕迹"", ""bbox_overlap_check"": {""max_iou"": 0.0, ""risk_max_iou"": 0.0, ""overlapping_pairs"": [], ""box_count"": 2, ""anomalies"": []}, ""hard_tamper_flags"": {""bbox_iou"": false}, ""original_bbox"": [745, 1206, 1233, 1257], ""field_type"": ""time"", ""field_label"": ""时间"", ""region_no"": 2}]",0.189482,0.089482
independent,train,p (22).jpg,/home/quyu/PD_new/PD_max/app/ai_detection/images/tampered/p (22).jpg,篡改,篡改,0.7167055936709061,True,2,27,22823.5,全局UI布局异常；存在局部边缘拼接/像素涂抹痕迹,"[{""result"": ""篡改"", ""confidence"": 0.66, ""bbox"": [406, 475, 558, 154], ""reason"": ""全局UI布局异常"", ""bbox_overlap_check"": {""max_iou"": 0.0, ""risk_max_iou"": 0.0, ""overlapping_pairs"": [], ""box_count"": 2, ""anomalies"": []}, ""hard_tamper_flags"": {""bbox_iou"": false}, ""original_bbox"": [406, 475, 964, 629], ""field_type"": ""amount"", ""field_label"": ""金额"", ""region_no"": 1}, {""result"": ""篡改"", ""confidence"": 0.7167055936709061, ""bbox"": [745, 1206, 485, 51], ""reason"": ""全局UI布局异常；存在局部边缘拼接/像素涂抹痕迹"", ""bbox_overlap_check"": {""max_iou"": 0.0, ""risk_max_iou"": 0.0, ""overlapping_pairs"": [], ""box_count"": 2, ""anomalies"": []}, ""hard_tamper_flags"": {""bbox_iou"": false}, ""original_bbox"": [745, 1206, 1230, 1257], ""field_type"": ""time"", ""field_label"": ""时间"", ""region_no"": 2}]",0.166706,0.066706
independent,train,p (26).jpg,/home/quyu/PD_new/PD_max/app/ai_detection/images/tampered/p (26).jpg,篡改,篡改,0.7554090458778511,True,2,26,22782.8,全局UI布局异常；存在局部边缘拼接/像素涂抹痕迹,"[{""result"": ""篡改"", ""confidence"": 0.66, ""bbox"": [402, 489, 557, 139], ""reason"": ""全局UI布局异常"", ""bbox_overlap_check"": {""max_iou"": 0.0, ""risk_max_iou"": 0.0, ""overlapping_pairs"": [], ""box_count"": 2, ""anomalies"": []}, ""hard_tamper_flags"": {""bbox_iou"": false}, ""original_bbox"": [402, 489, 959, 628], ""field_type"": ""amount"", ""field_label"": ""金额"", ""region_no"": 1}, {""result"": ""篡改"", ""confidence"": 0.7554090458778511, ""bbox"": [745, 1206, 485, 51], ""reason"": ""全局UI布局异常；存在局部边缘拼接/像素涂抹痕迹"", ""bbox_overlap_check"": {""max_iou"": 0.0, ""risk_max_iou"": 0.0, ""overlapping_pairs"": [], ""box_count"": 2, ""anomalies"": []}, ""hard_tamper_flags"": {""bbox_iou"": false}, ""original_bbox"": [745, 1206, 1230, 1257], ""field_type"": ""time"", ""field_label"": ""时间"", ""region_no"": 2}]",0.205409,0.105409
independent,train,p (32).jpg,/home/quyu/PD_new/PD_max/app/ai_detection/images/tampered/p (32).jpg,篡改,篡改,0.672943801076758,True,2,26,22710.4,全局UI布局异常；存在局部边缘拼接/像素涂抹痕迹,"[{""result"": ""篡改"", ""confidence"": 0.66, ""bbox"": [395, 449, 511, 124], ""reason"": ""全局UI布局异常"", ""bbox_overlap_check"": {""max_iou"": 0.0, ""risk_max_iou"": 0.0, ""overlapping_pairs"": [], ""box_count"": 2, ""anomalies"": []}, ""hard_tamper_flags"": {""bbox_iou"": false}, ""original_bbox"": [395, 449, 906, 573], ""field_type"": ""amount"", ""field_label"": ""金额"", ""region_no"": 1}, {""result"": ""篡改"", ""confidence"": 0.672943801076758, ""bbox"": [719, 1110, 456, 54], ""reason"": ""全局UI布局异常；存在局部边缘拼接/像素涂抹痕迹"", ""bbox_overlap_check"": {""max_iou"": 0.0, ""risk_max_iou"": 0.0, ""overlapping_pairs"": [], ""box_count"": 2, ""anomalies"": []}, ""hard_tamper_flags"": {""bbox_iou"": false}, ""original_bbox"": [719, 1110, 1175, 1164], ""field_type"": ""time"", ""field_label"": ""时间"", ""region_no"": 2}]",0.122944,0.022944
independent,train,p (9).jpg,/home/quyu/PD_new/PD_max/app/ai_detection/images/tampered/p (9).jpg,篡改,篡改,0.7270565869289255,True,2,27,22942.3,全局UI布局异常；存在局部边缘拼接/像素涂抹痕迹,"[{""result"": ""篡改"", ""confidence"": 0.66, ""bbox"": [404, 478, 558, 150], ""reason"": ""全局UI布局异常"", ""bbox_overlap_check"": {""max_iou"": 0.0, ""risk_max_iou"": 0.0, ""overlapping_pairs"": [], ""box_count"": 2, ""anomalies"": []}, ""hard_tamper_flags"": {""bbox_iou"": false}, ""original_bbox"": [404, 478, 962, 628], ""field_type"": ""amount"", ""field_label"": ""金额"", ""region_no"": 1}, {""result"": ""篡改"", ""confidence"": 0.7270565869289255, ""bbox"": [745, 1203, 484, 54], ""reason"": ""全局UI布局异常；存在局部边缘拼接/像素涂抹痕迹"", ""bbox_overlap_check"": {""max_iou"": 0.0, ""risk_max_iou"": 0.0, ""overlapping_pairs"": [], ""box_count"": 2, ""anomalies"": []}, ""hard_tamper_flags"": {""bbox_iou"": false}, ""original_bbox"": [745, 1203, 1229, 1257], ""field_type"": ""time"", ""field_label"": ""时间"", ""region_no"": 2}]",0.177057,0.077057
independent,train,35.png,/home/quyu/PD_new/PD_max/app/ai_detection/images/normal/35.png,正常,正常,0.22220355927246996,True,4,51,31968.8,缺少EXIF且图像结构异常(疑似生成图),"[{""result"": ""正常"", ""confidence"": 0.22220355927246996, ""bbox"": [231, 202, 496, 20], ""reason"": ""缺少EXIF且图像结构异常(疑似生成图)"", ""bbox_overlap_check"": {""max_iou"": 0.3185, ""risk_max_iou"": 0.0, ""overlapping_pairs"": [], ""box_count"": 4, ""anomalies"": []}, ""hard_tamper_flags"": {""bbox_iou"": false}, ""original_bbox"": [231, 202, 727, 222], ""field_type"": ""amount"", ""field_label"": ""金额"", ""region_no"": 1}, {""result"": ""正常"", ""confidence"": 0.0, ""bbox"": [569, 202, 158, 20], ""reason"": ""缺少EXIF且图像结构异常(疑似生成图)"", ""bbox_overlap_check"": {""max_iou"": 0.3185, ""risk_max_iou"": 0.0, ""overlapping_pairs"": [], ""box_count"": 4, ""anomalies"": []}, ""hard_tamper_flags"": {""bbox_iou"": false}, ""original_bbox"": [569, 202, 727, 222], ""field_type"": ""amount"", ""field_label"": ""金额"", ""region_no"": 2}, {""result"": ""正常"", ""confidence"": 0.21905981392177098, ""bbox"": [516, 88, 166, 19], ""reason"": ""缺少EXIF且图像结构异常(疑似生成图)"", ""bbox_overlap_check"": {""max_iou"": 0.3185, ""risk_max_iou"": 0.0, ""overlapping_pairs"": [], ""box_count"": 4, ""anomalies"": []}, ""hard_tamper_flags"": {""bbox_iou"": false}, ""original_bbox"": [516, 88, 682, 107], ""field_type"": ""amount"", ""field_label"": ""金额"", ""region_no"": 3}, {""result"": ""正常"", ""confidence"": 0.15111477366589163, ""bbox"": [231, 204, 88, 17], ""reason"": ""缺少EXIF且图像结构异常(疑似生成图)"", ""bbox_overlap_check"": {""max_iou"": 0.3185, ""risk_max_iou"": 0.0, ""overlapping_pairs"": [], ""box_count"": 4, ""anomalies"": []}, ""hard_tamper_flags"": {""bbox_iou"": false}, ""original_bbox"": [231, 204, 319, 221], ""field_type"": ""amount"", ""field_label"": ""金额"", ""region_no"": 4}]",-0.327796,-0.427796
independent,test,p (10).jpg,/home/quyu/PD_new/PD_max/app/ai_detection/images/tampered/p (10).jpg,篡改,篡改,0.66,True,2,23,21553.5,全局UI布局异常,"[{""result"": ""篡改"", ""confidence"": 0.66, ""bbox"": [253, 143, 160, 35], ""reason"": ""全局UI布局异常"", ""bbox_overlap_check"": {""max_iou"": 0.0, ""risk_max_iou"": 0.0, ""overlapping_pairs"": [], ""box_count"": 2, ""anomalies"": []}, ""hard_tamper_flags"": {""bbox_iou"": false}, ""original_bbox"": [253, 143, 413, 178], ""field_type"": ""amount"", ""field_label"": ""金额"", ""region_no"": 1}, {""result"": ""篡改"", ""confidence"": 0.66, ""bbox"": [492, 492, 150, 16], ""reason"": ""全局UI布局异常"", ""bbox_overlap_check"": {""max_iou"": 0.0, ""risk_max_iou"": 0.0, ""overlapping_pairs"": [], ""box_count"": 2, ""anomalies"": []}, ""hard_tamper_flags"": {""bbox_iou"": false}, ""original_bbox"": [492, 492, 642, 508], ""field_type"": ""time"", ""field_label"": ""时间"", ""region_no"": 2}]",0.11,0.01
independent,test,p (11).jpg,/home/quyu/PD_new/PD_max/app/ai_detection/images/tampered/p (11).jpg,篡改,篡改,0.66,True,2,23,21254.0,全局UI布局异常,"[{""result"": ""篡改"", ""confidence"": 0.66, ""bbox"": [252, 140, 158, 39], ""reason"": ""全局UI布局异常"", ""bbox_overlap_check"": {""max_iou"": 0.0, ""risk_max_iou"": 0.0, ""overlapping_pairs"": [], ""box_count"": 2, ""anomalies"": []}, ""hard_tamper_flags"": {""bbox_iou"": false}, ""original_bbox"": [252, 140, 410, 179], ""field_type"": ""amount"", ""field_label"": ""金额"", ""region_no"": 1}, {""result"": ""篡改"", ""confidence"": 0.66, ""bbox"": [489, 488, 151, 16], ""reason"": ""全局UI布局异常"", ""bbox_overlap_check"": {""max_iou"": 0.0, ""risk_max_iou"": 0.0, ""overlapping_pairs"": [], ""box_count"": 2, ""anomalies"": []}, ""hard_tamper_flags"": {""bbox_iou"": false}, ""original_bbox"": [489, 488, 640, 504], ""field_type"": ""time"", ""field_label"": ""时间"", ""region_no"": 2}]",0.11,0.01
independent,test,p (18).jpg,/home/quyu/PD_new/PD_max/app/ai_detection/images/tampered/p (18).jpg,篡改,篡改,0.66,True,2,23,21297.2,全局UI布局异常,"[{""result"": ""篡改"", ""confidence"": 0.66, ""bbox"": [254, 141, 157, 37], ""reason"": ""全局UI布局异常"", ""bbox_overlap_check"": {""max_iou"": 0.0, ""risk_max_iou"": 0.0, ""overlapping_pairs"": [], ""box_count"": 2, ""anomalies"": []}, ""hard_tamper_flags"": {""bbox_iou"": false}, ""original_bbox"": [254, 141, 411, 178], ""field_type"": ""amount"", ""field_label"": ""金额"", ""region_no"": 1}, {""result"": ""篡改"", ""confidence"": 0.66, ""bbox"": [491, 488, 149, 16], ""reason"": ""全局UI布局异常"", ""bbox_overlap_check"": {""max_iou"": 0.0, ""risk_max_iou"": 0.0, ""overlapping_pairs"": [], ""box_count"": 2, ""anomalies"": []}, ""hard_tamper_flags"": {""bbox_iou"": false}, ""original_bbox"": [491, 488, 640, 504], ""field_type"": ""time"", ""field_label"": ""时间"", ""region_no"": 2}]",0.11,0.01
independent,test,p (41).jpg,/home/quyu/PD_new/PD_max/app/ai_detection/images/tampered/p (41).jpg,篡改,篡改,0.66,True,2,22,21320.4,全局UI布局异常,"[{""result"": ""篡改"", ""confidence"": 0.66, ""bbox"": [269, 140, 140, 36], ""reason"": ""全局UI布局异常"", ""bbox_overlap_check"": {""max_iou"": 0.0, ""risk_max_iou"": 0.0, ""overlapping_pairs"": [], ""box_count"": 2, ""anomalies"": []}, ""hard_tamper_flags"": {""bbox_iou"": false}, ""original_bbox"": [269, 140, 409, 176], ""field_type"": ""amount"", ""field_label"": ""金额"", ""region_no"": 1}, {""result"": ""篡改"", ""confidence"": 0.66, ""bbox"": [488, 484, 147, 18], ""reason"": ""全局UI布局异常"", ""bbox_overlap_check"": {""max_iou"": 0.0, ""risk_max_iou"": 0.0, ""overlapping_pairs"": [], ""box_count"": 2, ""anomalies"": []}, ""hard_tamper_flags"": {""bbox_iou"": false}, ""original_bbox"": [488, 484, 635, 502], ""field_type"": ""time"", ""field_label"": ""时间"", ""region_no"": 2}]",0.11,0.01
independent,test,p (5).jpg,/home/quyu/PD_new/PD_max/app/ai_detection/images/tampered/p (5).jpg,篡改,篡改,0.66,True,2,23,20985.4,全局UI布局异常,"[{""result"": ""篡改"", ""confidence"": 0.66, ""bbox"": [270, 141, 108, 36], ""reason"": ""全局UI布局异常"", ""bbox_overlap_check"": {""max_iou"": 0.0, ""risk_max_iou"": 0.0, ""overlapping_pairs"": [], ""box_count"": 2, ""anomalies"": []}, ""hard_tamper_flags"": {""bbox_iou"": false}, ""original_bbox"": [270, 141, 378, 177], ""field_type"": ""amount"", ""field_label"": ""金额"", ""region_no"": 1}, {""result"": ""篡改"", ""confidence"": 0.66, ""bbox"": [490, 487, 149, 16], ""reason"": ""全局UI布局异常；局部字体风格异常"", ""bbox_overlap_check"": {""max_iou"": 0.0, ""risk_max_iou"": 0.0, ""overlapping_pairs"": [], ""box_count"": 2, ""anomalies"": []}, ""hard_tamper_flags"": {""bbox_iou"": false}, ""original_bbox"": [490, 487, 639, 503], ""field_type"": ""time"", ""field_label"": ""时间"", ""region_no"": 2}]",0.11,0.01
independent,test,p (6).jpg,/home/quyu/PD_new/PD_max/app/ai_detection/images/tampered/p (6).jpg,篡改,篡改,0.66,True,2,24,21011.1,全局UI布局异常,"[{""result"": ""篡改"", ""confidence"": 0.66, ""bbox"": [255, 143, 160, 36], ""reason"": ""全局UI布局异常"", ""bbox_overlap_check"": {""max_iou"": 0.0, ""risk_max_iou"": 0.0, ""overlapping_pairs"": [], ""box_count"": 2, ""anomalies"": []}, ""hard_tamper_flags"": {""bbox_iou"": false}, ""original_bbox"": [255, 143, 415, 179], ""field_type"": ""amount"", ""field_label"": ""金额"", ""region_no"": 1}, {""result"": ""篡改"", ""confidence"": 0.66, ""bbox"": [495, 493, 151, 17], ""reason"": ""全局UI布局异常"", ""bbox_overlap_check"": {""max_iou"": 0.0, ""risk_max_iou"": 0.0, ""overlapping_pairs"": [], ""box_count"": 2, ""anomalies"": []}, ""hard_tamper_flags"": {""bbox_iou"": false}, ""original_bbox"": [495, 493, 646, 510], ""field_type"": ""time"", ""field_label"": ""时间"", ""region_no"": 2}]",0.11,0.01
independent,test,p (7).jpg,/home/quyu/PD_new/PD_max/app/ai_detection/images/tampered/p (7).jpg,篡改,篡改,0.66,True,2,26,21195.0,全局UI布局异常,"[{""result"": ""篡改"", ""confidence"": 0.66, ""bbox"": [252, 140, 127, 39], ""reason"": ""全局UI布局异常"", ""bbox_overlap_check"": {""max_iou"": 0.0, ""risk_max_iou"": 0.0, ""overlapping_pairs"": [], ""box_count"": 2, ""anomalies"": []}, ""hard_tamper_flags"": {""bbox_iou"": false}, ""original_bbox"": [252, 140, 379, 179], ""field_type"": ""amount"", ""field_label"": ""金额"", ""region_no"": 1}, {""result"": ""篡改"", ""confidence"": 0.66, ""bbox"": [491, 488, 149, 16], ""reason"": ""全局UI布局异常"", ""bbox_overlap_check"": {""max_iou"": 0.0, ""risk_max_iou"": 0.0, ""overlapping_pairs"": [], ""box_count"": 2, ""anomalies"": []}, ""hard_tamper_flags"": {""bbox_iou"": false}, ""original_bbox"": [491, 488, 640, 504], ""field_type"": ""time"", ""field_label"": ""时间"", ""region_no"": 2}]",0.11,0.01
independent,train,p (21).jpg,/home/quyu/PD_new/PD_max/app/ai_detection/images/tampered/p (21).jpg,篡改,篡改,0.66,True,1,28,21714.4,全局UI布局异常,"[{""result"": ""篡改"", ""confidence"": 0.66, ""bbox"": [286, 126, 126, 35], ""reason"": ""全局UI布局异常"", ""bbox_overlap_check"": {""max_iou"": 0.0, ""risk_max_iou"": 0.0, ""overlapping_pairs"": [], ""box_count"": 1, ""anomalies"": []}, ""hard_tamper_flags"": {""bbox_iou"": false}, ""original_bbox"": [286, 126, 412, 161], ""field_type"": ""amount"", ""field_label"": ""金额"", ""region_no"": 1}]",0.11,0.01
independent,train,no (8).jpg,/home/quyu/PD_new/PD_max/app/ai_detection/images/normal/no (8).jpg,正常,正常,0.06426825333517178,True,2,54,23933.4,未检出明显篡改痕迹,"[{""result"": ""正常"", ""confidence"": 0.06426825333517178, ""bbox"": [176, 522, 118, 19], ""reason"": ""未检出明显篡改痕迹"", ""bbox_overlap_check"": {""max_iou"": 0.0, ""risk_max_iou"": 0.0, ""overlapping_pairs"": [], ""box_count"": 2, ""anomalies"": []}, ""hard_tamper_flags"": {""bbox_iou"": false}, ""original_bbox"": [176, 522, 294, 541], ""field_type"": ""amount"", ""field_label"": ""金额"", ""region_no"": 1}, {""result"": ""正常"", ""confidence"": 0.04927099391757518, ""bbox"": [176, 597, 128, 16], ""reason"": ""未检出明显篡改痕迹"", ""bbox_overlap_check"": {""max_iou"": 0.0, ""risk_max_iou"": 0.0, ""overlapping_pairs"": [], ""box_count"": 2, ""anomalies"": []}, ""hard_tamper_flags"": {""bbox_iou"": false}, ""original_bbox"": [176, 597, 304, 613], ""field_type"": ""time"", ""field_label"": ""时间"", ""region_no"": 2}]",-0.485732,-0.585732
independent,train,no (1).jpg,/home/quyu/PD_new/PD_max/app/ai_detection/images/normal/no (1).jpg,正常,正常,0.459504222235671,True,4,32,22837.3,存在局部边缘拼接/像素涂抹痕迹,"[{""result"": ""正常"", ""confidence"": 0.0340645717291202, ""bbox"": [342, 558, 398, 107], ""reason"": ""未检出明显篡改痕迹"", ""bbox_overlap_check"": {""max_iou"": 0.0, ""risk_max_iou"": 0.0, ""overlapping_pairs"": [], ""box_count"": 4, ""anomalies"": []}, ""hard_tamper_flags"": {""bbox_iou"": false}, ""original_bbox"": [342, 558, 740, 665], ""field_type"": ""amount"", ""field_label"": ""金额"", ""region_no"": 1}, {""result"": ""正常"", ""confidence"": 0.459504222235671, ""bbox"": [88, 1387, 568, 49], ""reason"": ""存在局部边缘拼接/像素涂抹痕迹"", ""bbox_overlap_check"": {""max_iou"": 0.0, ""risk_max_iou"": 0.0, ""overlapping_pairs"": [], ""box_count"": 4, ""anomalies"": []}, ""hard_tamper_flags"": {""bbox_iou"": false}, ""original_bbox"": [88, 1387, 656, 1436], ""field_type"": ""amount"", ""field_label"": ""金额"", ""region_no"": 2}, {""result"": ""正常"", ""confidence"": 0.3545646778501623, ""bbox"": [333, 811, 354, 41], ""reason"": ""存在局部边缘拼接/像素涂抹痕迹"", ""bbox_overlap_check"": {""max_iou"": 0.0, ""risk_max_iou"": 0.0, ""overlapping_pairs"": [], ""box_count"": 4, ""anomalies"": []}, ""hard_tamper_flags"": {""bbox_iou"": false}, ""original_bbox"": [333, 811, 687, 852], ""field_type"": ""time"", ""field_label"": ""时间"", ""region_no"": 3}, {""result"": ""正常"", ""confidence"": 0.45800913835316026, ""bbox"": [336, 897, 152, 46], ""reason"": ""存在局部边缘拼接/像素涂抹痕迹"", ""bbox_overlap_check"": {""max_iou"": 0.0, ""risk_max_iou"": 0.0, ""overlapping_pairs"": [], ""box_count"": 4, ""anomalies"": []}, ""hard_tamper_flags"": {""bbox_iou"": false}, ""original_bbox"": [336, 897, 488, 943], ""field_type"": ""name"", ""field_label"": ""姓名"", ""region_no"": 4}]",-0.090496,-0.190496
independent,validation,17.jpg,/home/quyu/PD_new/PD_max/app/ai_detection/images/normal/17.jpg,正常,正常,0.448820981548299,True,3,26,22845.9,存在局部边缘拼接/像素涂抹痕迹,"[{""result"": ""正常"", ""confidence"": 0.448820981548299, ""bbox"": [419, 683, 343, 94], ""reason"": ""存在局部边缘拼接/像素涂抹痕迹"", ""bbox_overlap_check"": {""max_iou"": 0.0, ""risk_max_iou"": 0.0, ""overlapping_pairs"": [], ""box_count"": 3, ""anomalies"": []}, ""hard_tamper_flags"": {""bbox_iou"": false}, ""original_bbox"": [419, 683, 762, 777], ""field_type"": ""amount"", ""field_label"": ""金额"", ""region_no"": 1}, {""result"": ""正常"", ""confidence"": 0.3971837359998697, ""bbox"": [353, 1181, 476, 51], ""reason"": ""存在局部边缘拼接/像素涂抹痕迹"", ""bbox_overlap_check"": {""max_iou"": 0.0, ""risk_max_iou"": 0.0, ""overlapping_pairs"": [], ""box_count"": 3, ""anomalies"": []}, ""hard_tamper_flags"": {""bbox_iou"": false}, ""original_bbox"": [353, 1181, 829, 1232], ""field_type"": ""time"", ""field_label"": ""时间"", ""region_no"": 2}, {""result"": ""正常"", ""confidence"": 0.41500562282153386, ""bbox"": [353, 1267, 470, 49], ""reason"": ""存在局部边缘拼接/像素涂抹痕迹"", ""bbox_overlap_check"": {""max_iou"": 0.0, ""risk_max_iou"": 0.0, ""overlapping_pairs"": [], ""box_count"": 3, ""anomalies"": []}, ""hard_tamper_flags"": {""bbox_iou"": false}, ""original_bbox"": [353, 1267, 823, 1316], ""field_type"": ""time"", ""field_label"": ""时间"", ""region_no"": 3}]",-0.101179,-0.201179
independent,validation,19.jpg,/home/quyu/PD_new/PD_max/app/ai_detection/images/normal/19.jpg,正常,正常,0.4577453009578722,True,3,26,22930.1,存在局部边缘拼接/像素涂抹痕迹,"[{""result"": ""正常"", ""confidence"": 0.4577453009578722, ""bbox"": [418, 680, 345, 98], ""reason"": ""存在局部边缘拼接/像素涂抹痕迹"", ""bbox_overlap_check"": {""max_iou"": 0.0, ""risk_max_iou"": 0.0, ""overlapping_pairs"": [], ""box_count"": 3, ""anomalies"": []}, ""hard_tamper_flags"": {""bbox_iou"": false}, ""original_bbox"": [418, 680, 763, 778], ""field_type"": ""amount"", ""field_label"": ""金额"", ""region_no"": 1}, {""result"": ""正常"", ""confidence"": 0.42258992725662403, ""bbox"": [353, 1181, 470, 51], ""reason"": ""存在局部边缘拼接/像素涂抹痕迹"", ""bbox_overlap_check"": {""max_iou"": 0.0, ""risk_max_iou"": 0.0, ""overlapping_pairs"": [], ""box_count"": 3, ""anomalies"": []}, ""hard_tamper_flags"": {""bbox_iou"": false}, ""original_bbox"": [353, 1181, 823, 1232], ""field_type"": ""time"", ""field_label"": ""时间"", ""region_no"": 2}, {""result"": ""正常"", ""confidence"": 0.41529060853594196, ""bbox"": [353, 1267, 473, 49], ""reason"": ""存在局部边缘拼接/像素涂抹痕迹"", ""bbox_overlap_check"": {""max_iou"": 0.0, ""risk_max_iou"": 0.0, ""overlapping_pairs"": [], ""box_count"": 3, ""anomalies"": []}, ""hard_tamper_flags"": {""bbox_iou"": false}, ""original_bbox"": [353, 1267, 826, 1316], ""field_type"": ""time"", ""field_label"": ""时间"", ""region_no"": 3}]",-0.092255,-0.192255
independent,validation,20.jpg,/home/quyu/PD_new/PD_max/app/ai_detection/images/normal/20.jpg,正常,正常,0.4187867101665863,True,3,26,22911.3,存在局部边缘拼接/像素涂抹痕迹,"[{""result"": ""正常"", ""confidence"": 0.4187867101665863, ""bbox"": [422, 755, 335, 94], ""reason"": ""存在局部边缘拼接/像素涂抹痕迹"", ""bbox_overlap_check"": {""max_iou"": 0.0, ""risk_max_iou"": 0.0, ""overlapping_pairs"": [], ""box_count"": 3, ""anomalies"": []}, ""hard_tamper_flags"": {""bbox_iou"": false}, ""original_bbox"": [422, 755, 757, 849], ""field_type"": ""amount"", ""field_label"": ""金额"", ""region_no"": 1}, {""result"": ""正常"", ""confidence"": 0.3841688040466206, ""bbox"": [353, 1339, 481, 49], ""reason"": ""存在局部边缘拼接/像素涂抹痕迹"", ""bbox_overlap_check"": {""max_iou"": 0.0, ""risk_max_iou"": 0.0, ""overlapping_pairs"": [], ""box_count"": 3, ""anomalies"": []}, ""hard_tamper_flags"": {""bbox_iou"": false}, ""original_bbox"": [353, 1339, 834, 1388], ""field_type"": ""time"", ""field_label"": ""时间"", ""region_no"": 2}, {""result"": ""正常"", ""confidence"": 0.39178795795066784, ""bbox"": [353, 1255, 474, 49], ""reason"": ""存在局部边缘拼接/像素涂抹痕迹"", ""bbox_overlap_check"": {""max_iou"": 0.0, ""risk_max_iou"": 0.0, ""overlapping_pairs"": [], ""box_count"": 3, ""anomalies"": []}, ""hard_tamper_flags"": {""bbox_iou"": false}, ""original_bbox"": [353, 1255, 827, 1304], ""field_type"": ""time"", ""field_label"": ""时间"", ""region_no"": 3}]",-0.131213,-0.231213
independent,validation,22.jpg,/home/quyu/PD_new/PD_max/app/ai_detection/images/normal/22.jpg,正常,正常,0.43237151396421436,True,3,26,23129.8,存在局部边缘拼接/像素涂抹痕迹,"[{""result"": ""正常"", ""confidence"": 0.43237151396421436, ""bbox"": [421, 681, 336, 99], ""reason"": ""存在局部边缘拼接/像素涂抹痕迹"", ""bbox_overlap_check"": {""max_iou"": 0.0, ""risk_max_iou"": 0.0, ""overlapping_pairs"": [], ""box_count"": 3, ""anomalies"": []}, ""hard_tamper_flags"": {""bbox_iou"": false}, ""original_bbox"": [421, 681, 757, 780], ""field_type"": ""amount"", ""field_label"": ""金额"", ""region_no"": 1}, {""result"": ""正常"", ""confidence"": 0.37863257342697687, ""bbox"": [353, 1267, 490, 49], ""reason"": ""存在局部边缘拼接/像素涂抹痕迹"", ""bbox_overlap_check"": {""max_iou"": 0.0, ""risk_max_iou"": 0.0, ""overlapping_pairs"": [], ""box_count"": 3, ""anomalies"": []}, ""hard_tamper_flags"": {""bbox_iou"": false}, ""original_bbox"": [353, 1267, 843, 1316], ""field_type"": ""time"", ""field_label"": ""时间"", ""region_no"": 2}, {""result"": ""正常"", ""confidence"": 0.41611326302936347, ""bbox"": [350, 1183, 477, 49], ""reason"": ""存在局部边缘拼接/像素涂抹痕迹"", ""bbox_overlap_check"": {""max_iou"": 0.0, ""risk_max_iou"": 0.0, ""overlapping_pairs"": [], ""box_count"": 3, ""anomalies"": []}, ""hard_tamper_flags"": {""bbox_iou"": false}, ""original_bbox"": [350, 1183, 827, 1232], ""field_type"": ""time"", ""field_label"": ""时间"", ""region_no"": 3}]",-0.117628,-0.217628
independent,validation,23.jpg,/home/quyu/PD_new/PD_max/app/ai_detection/images/normal/23.jpg,正常,正常,0.4368087081655036,True,3,26,23174.4,存在局部边缘拼接/像素涂抹痕迹,"[{""result"": ""正常"", ""confidence"": 0.4036426486500044, ""bbox"": [421, 683, 336, 94], ""reason"": ""存在局部边缘拼接/像素涂抹痕迹"", ""bbox_overlap_check"": {""max_iou"": 0.0, ""risk_max_iou"": 0.0, ""overlapping_pairs"": [], ""box_count"": 3, ""anomalies"": []}, ""hard_tamper_flags"": {""bbox_iou"": false}, ""original_bbox"": [421, 683, 757, 777], ""field_type"": ""amount"", ""field_label"": ""金额"", ""region_no"": 1}, {""result"": ""正常"", ""confidence"": 0.4368087081655036, ""bbox"": [353, 1181, 470, 51], ""reason"": ""存在局部边缘拼接/像素涂抹痕迹"", ""bbox_overlap_check"": {""max_iou"": 0.0, ""risk_max_iou"": 0.0, ""overlapping_pairs"": [], ""box_count"": 3, ""anomalies"": []}, ""hard_tamper_flags"": {""bbox_iou"": false}, ""original_bbox"": [353, 1181, 823, 1232], ""field_type"": ""time"", ""field_label"": ""时间"", ""region_no"": 2}, {""result"": ""正常"", ""confidence"": 0.41713204152356914, ""bbox"": [353, 1267, 468, 49], ""reason"": ""存在局部边缘拼接/像素涂抹痕迹"", ""bbox_overlap_check"": {""max_iou"": 0.0, ""risk_max_iou"": 0.0, ""overlapping_pairs"": [], ""box_count"": 3, ""anomalies"": []}, ""hard_tamper_flags"": {""bbox_iou"": false}, ""original_bbox"": [353, 1267, 821, 1316], ""field_type"": ""time"", ""field_label"": ""时间"", ""region_no"": 3}]",-0.113191,-0.213191
independent,test,p (1).jpg,/home/quyu/PD_new/PD_max/app/ai_detection/images/tampered/p (1).jpg,篡改,篡改,0.66,True,3,17,20954.3,全局UI布局异常；局部字体风格异常,"[{""result"": ""篡改"", ""confidence"": 0.66, ""bbox"": [38, 384, 398, 36], ""reason"": ""全局UI布局异常；局部字体风格异常"", ""bbox_overlap_check"": {""max_iou"": 0.0264, ""risk_max_iou"": 0.0264, ""overlapping_pairs"": [], ""box_count"": 3, ""anomalies"": []}, ""hard_tamper_flags"": {""bbox_iou"": false}, ""original_bbox"": [38, 384, 436, 420], ""field_type"": ""amount"", ""field_label"": ""金额"", ""region_no"": 1}, {""result"": ""篡改"", ""confidence"": 0.66, ""bbox"": [38, 418, 344, 36], ""reason"": ""全局UI布局异常"", ""bbox_overlap_check"": {""max_iou"": 0.0264, ""risk_max_iou"": 0.0264, ""overlapping_pairs"": [], ""box_count"": 3, ""anomalies"": []}, ""hard_tamper_flags"": {""bbox_iou"": false}, ""original_bbox"": [38, 418, 382, 454], ""field_type"": ""amount"", ""field_label"": ""金额"", ""region_no"": 2}, {""result"": ""篡改"", ""confidence"": 0.66, ""bbox"": [230, 4, 265, 37], ""reason"": ""全局UI布局异常"", ""bbox_overlap_check"": {""max_iou"": 0.0264, ""risk_max_iou"": 0.0264, ""overlapping_pairs"": [], ""box_count"": 3, ""anomalies"": []}, ""hard_tamper_flags"": {""bbox_iou"": false}, ""original_bbox"": [230, 4, 495, 41], ""field_type"": ""amount"", ""field_label"": ""金额"", ""region_no"": 3}]",0.11,0.01
independent,test,p (17).jpg,/home/quyu/PD_new/PD_max/app/ai_detection/images/tampered/p (17).jpg,篡改,篡改,0.66,True,2,15,22462.0,全局UI布局异常,"[{""result"": ""篡改"", ""confidence"": 0.66, ""bbox"": [43, 379, 441, 41], ""reason"": ""全局UI布局异常"", ""bbox_overlap_check"": {""max_iou"": 0.0153, ""risk_max_iou"": 0.0153, ""overlapping_pairs"": [], ""box_count"": 2, ""anomalies"": []}, ""hard_tamper_flags"": {""bbox_iou"": false}, ""original_bbox"": [43, 379, 484, 420], ""field_type"": ""amount"", ""field_label"": ""金额"", ""region_no"": 1}, {""result"": ""篡改"", ""confidence"": 0.66, ""bbox"": [44, 418, 198, 41], ""reason"": ""全局UI布局异常"", ""bbox_overlap_check"": {""max_iou"": 0.0153, ""risk_max_iou"": 0.0153, ""overlapping_pairs"": [], ""box_count"": 2, ""anomalies"": []}, ""hard_tamper_flags"": {""bbox_iou"": false}, ""original_bbox"": [44, 418, 242, 459], ""field_type"": ""amount"", ""field_label"": ""金额"", ""region_no"": 2}]",0.11,0.01
independent,train,p (25).jpg,/home/quyu/PD_new/PD_max/app/ai_detection/images/tampered/p (25).jpg,篡改,篡改,0.66,True,2,36,22830.3,全局UI布局异常；存在局部边缘拼接/像素涂抹痕迹,"[{""result"": ""篡改"", ""confidence"": 0.66, ""bbox"": [550, 671, 143, 31], ""reason"": ""全局UI布局异常；存在局部边缘拼接/像素涂抹痕迹"", ""bbox_overlap_check"": {""max_iou"": 0.0, ""risk_max_iou"": 0.0, ""overlapping_pairs"": [], ""box_count"": 2, ""anomalies"": []}, ""hard_tamper_flags"": {""bbox_iou"": false}, ""original_bbox"": [550, 671, 693, 702], ""field_type"": ""amount"", ""field_label"": ""金额"", ""region_no"": 1}, {""result"": ""篡改"", ""confidence"": 0.66, ""bbox"": [604, 737, 92, 38], ""reason"": ""全局UI布局异常"", ""bbox_overlap_check"": {""max_iou"": 0.0, ""risk_max_iou"": 0.0, ""overlapping_pairs"": [], ""box_count"": 2, ""anomalies"": []}, ""hard_tamper_flags"": {""bbox_iou"": false}, ""original_bbox"": [604, 737, 696, 775], ""field_type"": ""name"", ""field_label"": ""姓名"", ""region_no"": 2}]",0.11,0.01
independent,train,p (15).jpg,/home/quyu/PD_new/PD_max/app/ai_detection/images/tampered/p (15).jpg,篡改,篡改,0.7000000000000001,True,6,26,23220.3,全局UI布局异常；检测到多个高度重叠的疑似数字区域(疑似复制贴图),"[{""result"": ""篡改"", ""confidence"": 0.7000000000000001, ""bbox"": [38, 168, 453, 39], ""reason"": ""全局UI布局异常；检测到多个高度重叠的疑似数字区域(疑似复制贴图)"", ""bbox_overlap_check"": {""max_iou"": 0.7925, ""risk_max_iou"": 0.7925, ""overlapping_pairs"": [{""bbox_a"": [38, 168, 491, 207], ""bbox_b"": [38, 168, 397, 207], ""iou"": 0.7925, ""same_row_fragment"": false}], ""box_count"": 6, ""anomalies"": [""bbox_iou_hard_overlap""]}, ""hard_tamper_flags"": {""bbox_iou"": true}, ""original_bbox"": [38, 168, 491, 207], ""field_type"": ""amount"", ""field_label"": ""金额"", ""region_no"": 1}, {""result"": ""篡改"", ""confidence"": 0.7000000000000001, ""bbox"": [37, 546, 397, 38], ""reason"": ""全局UI布局异常；检测到多个高度重叠的疑似数字区域(疑似复制贴图)；局部字体风格异常"", ""bbox_overlap_check"": {""max_iou"": 0.7925, ""risk_max_iou"": 0.7925, ""overlapping_pairs"": [{""bbox_a"": [38, 168, 491, 207], ""bbox_b"": [38, 168, 397, 207], ""iou"": 0.7925, ""same_row_fragment"": false}], ""box_count"": 6, ""anomalies"": [""bbox_iou_hard_overlap""]}, ""hard_tamper_flags"": {""bbox_iou"": true}, ""original_bbox"": [37, 546, 434, 584], ""field_type"": ""amount"", ""field_label"": ""金额"", ""region_no"": 2}, {""result"": ""篡改"", ""confidence"": 0.7000000000000001, ""bbox"": [38, 168, 359, 39], ""reason"": ""全局UI布局异常；检测到多个高度重叠的疑似数字区域(疑似复制贴图)"", ""bbox_overlap_check"": {""max_iou"": 0.7925, ""risk_max_iou"": 0.7925, ""overlapping_pairs"": [{""bbox_a"": [38, 168, 491, 207], ""bbox_b"": [38, 168, 397, 207], ""iou"": 0.7925, ""same_row_fragment"": false}], ""box_count"": 6, ""anomalies"": [""bbox_iou_hard_overlap""]}, ""hard_tamper_flags"": {""bbox_iou"": true}, ""original_bbox"": [38, 168, 397, 207], ""field_type"": ""amount"", ""field_label"": ""金额"", ""region_no"": 3}, {""result"": ""篡改"", ""confidence"": 0.7000000000000001, ""bbox"": [38, 581, 372, 37], ""reason"": ""全局UI布局异常；检测到多个高度重叠的疑似数字区域(疑似复制贴图)"", ""bbox_overlap_check"": {""max_iou"": 0.7925, ""risk_max_iou"": 0.7925, ""overlapping_pairs"": [{""bbox_a"": [38, 168, 491, 207], ""bbox_b"": [38, 168, 397, 207], ""iou"": 0.7925, ""same_row_fragment"": false}], ""box_count"": 6, ""anomalies"": [""bbox_iou_hard_overlap""]}, ""hard_tamper_flags"": {""bbox_iou"": true}, ""original_bbox"": [38, 581, 410, 618], ""field_type"": ""amount"", ""field_label"": ""金额"", ""region_no"": 4}, {""result"": ""篡改"", ""confidence"": 0.7000000000000001, ""bbox"": [407, 171, 84, 32], ""reason"": ""全局UI布局异常；检测到多个高度重叠的疑似数字区域(疑似复制贴图)"", ""bbox_overlap_check"": {""max_iou"": 0.7925, ""risk_max_iou"": 0.7925, ""overlapping_pairs"": [{""bbox_a"": [38, 168, 491, 207], ""bbox_b"": [38, 168, 397, 207], ""iou"": 0.7925, ""same_row_fragment"": false}], ""box_count"": 6, ""anomalies"": [""bbox_iou_hard_overlap""]}, ""hard_tamper_flags"": {""bbox_iou"": true}, ""original_bbox"": [407, 171, 491, 203], ""field_type"": ""amount"", ""field_label"": ""金额"", ""region_no"": 5}, {""result"": ""篡改"", ""confidence"": 0.7000000000000001, ""bbox"": [190, 127, 75, 28], ""reason"": ""全局UI布局异常；检测到多个高度重叠的疑似数字区域(疑似复制贴图)"", ""bbox_overlap_check"": {""max_iou"": 0.7925, ""risk_max_iou"": 0.7925, ""overlapping_pairs"": [{""bbox_a"": [38, 168, 491, 207], ""bbox_b"": [38, 168, 397, 207], ""iou"": 0.7925, ""same_row_fragment"": false}], ""box_count"": 6, ""anomalies"": [""bbox_iou_hard_overlap""]}, ""hard_tamper_flags"": {""bbox_iou"": true}, ""original_bbox"": [190, 127, 265, 155], ""field_type"": ""amount"", ""field_label"": ""金额"", ""region_no"": 6}]",0.15,0.05
independent,train,p (44).jpg,/home/quyu/PD_new/PD_max/app/ai_detection/images/tampered/p (44).jpg,篡改,篡改,0.7939653094708539,True,6,39,23887.6,全局UI布局异常；存在局部边缘拼接/像素涂抹痕迹,"[{""result"": ""篡改"", ""confidence"": 0.66, ""bbox"": [540, 2049, 532, 76], ""reason"": ""全局UI布局异常"", ""bbox_overlap_check"": {""max_iou"": 0.0, ""risk_max_iou"": 0.0, ""overlapping_pairs"": [], ""box_count"": 6, ""anomalies"": []}, ""hard_tamper_flags"": {""bbox_iou"": false}, ""original_bbox"": [540, 2049, 1072, 2125], ""field_type"": ""amount"", ""field_label"": ""金额"", ""region_no"": 1}, {""result"": ""篡改"", ""confidence"": 0.66, ""bbox"": [467, 878, 322, 93], ""reason"": ""全局UI布局异常"", ""bbox_overlap_check"": {""max_iou"": 0.0, ""risk_max_iou"": 0.0, ""overlapping_pairs"": [], ""box_count"": 6, ""anomalies"": []}, ""hard_tamper_flags"": {""bbox_iou"": false}, ""original_bbox"": [467, 878, 789, 971], ""field_type"": ""amount"", ""field_label"": ""金额"", ""region_no"": 2}, {""result"": ""篡改"", ""confidence"": 0.66, ""bbox"": [116, 2053, 393, 67], ""reason"": ""全局UI布局异常"", ""bbox_overlap_check"": {""max_iou"": 0.0, ""risk_max_iou"": 0.0, ""overlapping_pairs"": [], ""box_count"": 6, ""anomalies"": []}, ""hard_tamper_flags"": {""bbox_iou"": false}, ""original_bbox"": [116, 2053, 509, 2120], ""field_type"": ""amount"", ""field_label"": ""金额"", ""region_no"": 3}, {""result"": ""篡改"", ""confidence"": 0.6609209358071619, ""bbox"": [117, 1200, 209, 55], ""reason"": ""全局UI布局异常"", ""bbox_overlap_check"": {""max_iou"": 0.0, ""risk_max_iou"": 0.0, ""overlapping_pairs"": [], ""box_count"": 6, ""anomalies"": []}, ""hard_tamper_flags"": {""bbox_iou"": false}, ""original_bbox"": [117, 1200, 326, 1255], ""field_type"": ""amount"", ""field_label"": ""金额"", ""region_no"": 4}, {""result"": ""篡改"", ""confidence"": 0.66, ""bbox"": [633, 1068, 178, 52], ""reason"": ""全局UI布局异常"", ""bbox_overlap_check"": {""max_iou"": 0.0, ""risk_max_iou"": 0.0, ""overlapping_pairs"": [], ""box_count"": 6, ""anomalies"": []}, ""hard_tamper_flags"": {""bbox_iou"": false}, ""original_bbox"": [633, 1068, 811, 1120], ""field_type"": ""amount"", ""field_label"": ""金额"", ""region_no"": 5}, {""result"": ""篡改"", ""confidence"": 0.7939653094708539, ""bbox"": [372, 249, 146, 52], ""reason"": ""全局UI布局异常；存在局部边缘拼接/像素涂抹痕迹"", ""bbox_overlap_check"": {""max_iou"": 0.0, ""risk_max_iou"": 0.0, ""overlapping_pairs"": [], ""box_count"": 6, ""anomalies"": []}, ""hard_tamper_flags"": {""bbox_iou"": false}, ""original_bbox"": [372, 249, 518, 301], ""field_type"": ""amount"", ""field_label"": ""金额"", ""region_no"": 6}]",0.243965,0.143965
independent,train,p (19).jpg,/home/quyu/PD_new/PD_max/app/ai_detection/images/tampered/p (19).jpg,篡改,篡改,0.7977940689133365,True,5,31,21896.7,全局UI布局异常；存在局部边缘拼接/像素涂抹痕迹,"[{""result"": ""篡改"", ""confidence"": 0.66, ""bbox"": [299, 407, 264, 54], ""reason"": ""全局UI布局异常"", ""bbox_overlap_check"": {""max_iou"": 0.0, ""risk_max_iou"": 0.0, ""overlapping_pairs"": [], ""box_count"": 5, ""anomalies"": []}, ""hard_tamper_flags"": {""bbox_iou"": false}, ""original_bbox"": [299, 407, 563, 461], ""field_type"": ""amount"", ""field_label"": ""金额"", ""region_no"": 1}, {""result"": ""篡改"", ""confidence"": 0.7273440502216142, ""bbox"": [477, 1000, 293, 32], ""reason"": ""全局UI布局异常；存在局部边缘拼接/像素涂抹痕迹"", ""bbox_overlap_check"": {""max_iou"": 0.0, ""risk_max_iou"": 0.0, ""overlapping_pairs"": [], ""box_count"": 5, ""anomalies"": []}, ""hard_tamper_flags"": {""bbox_iou"": false}, ""original_bbox"": [477, 1000, 770, 1032], ""field_type"": ""time"", ""field_label"": ""时间"", ""region_no"": 2}, {""result"": ""篡改"", ""confidence"": 0.7977940689133365, ""bbox"": [632, 940, 139, 33], ""reason"": ""全局UI布局异常；存在局部边缘拼接/像素涂抹痕迹"", ""bbox_overlap_check"": {""max_iou"": 0.0, ""risk_max_iou"": 0.0, ""overlapping_pairs"": [], ""box_count"": 5, ""anomalies"": []}, ""hard_tamper_flags"": {""bbox_iou"": false}, ""original_bbox"": [632, 940, 771, 973], ""field_type"": ""amount"", ""field_label"": ""金额"", ""region_no"": 3}, {""result"": ""篡改"", ""confidence"": 0.7612866993759915, ""bbox"": [670, 757, 101, 39], ""reason"": ""全局UI布局异常；存在局部边缘拼接/像素涂抹痕迹"", ""bbox_overlap_check"": {""max_iou"": 0.0, ""risk_max_iou"": 0.0, ""overlapping_pairs"": [], ""box_count"": 5, ""anomalies"": []}, ""hard_tamper_flags"": {""bbox_iou"": false}, ""original_bbox"": [670, 757, 771, 796], ""field_type"": ""name"", ""field_label"": ""姓名"", ""region_no"": 4}, {""result"": ""篡改"", ""confidence"": 0.7660189195292264, ""bbox"": [700, 638, 70, 36], ""reason"": ""全局UI布局异常；存在局部边缘拼接/像素涂抹痕迹"", ""bbox_overlap_check"": {""max_iou"": 0.0, ""risk_max_iou"": 0.0, ""overlapping_pairs"": [], ""box_count"": 5, ""anomalies"": []}, ""hard_tamper_flags"": {""bbox_iou"": false}, ""original_bbox"": [700, 638, 770, 674], ""field_type"": ""name"", ""field_label"": ""姓名"", ""region_no"": 5}]",0.247794,0.147794
independent,train,p (23).jpg,/home/quyu/PD_new/PD_max/app/ai_detection/images/tampered/p (23).jpg,篡改,篡改,0.7896381059971471,True,5,29,22245.3,全局UI布局异常；存在局部边缘拼接/像素涂抹痕迹,"[{""result"": ""篡改"", ""confidence"": 0.66, ""bbox"": [298, 407, 265, 55], ""reason"": ""全局UI布局异常"", ""bbox_overlap_check"": {""max_iou"": 0.0, ""risk_max_iou"": 0.0, ""overlapping_pairs"": [], ""box_count"": 5, ""anomalies"": []}, ""hard_tamper_flags"": {""bbox_iou"": false}, ""original_bbox"": [298, 407, 563, 462], ""field_type"": ""amount"", ""field_label"": ""金额"", ""region_no"": 1}, {""result"": ""篡改"", ""confidence"": 0.7425628775373698, ""bbox"": [477, 1000, 293, 32], ""reason"": ""全局UI布局异常；存在局部边缘拼接/像素涂抹痕迹"", ""bbox_overlap_check"": {""max_iou"": 0.0, ""risk_max_iou"": 0.0, ""overlapping_pairs"": [], ""box_count"": 5, ""anomalies"": []}, ""hard_tamper_flags"": {""bbox_iou"": false}, ""original_bbox"": [477, 1000, 770, 1032], ""field_type"": ""time"", ""field_label"": ""时间"", ""region_no"": 2}, {""result"": ""篡改"", ""confidence"": 0.7896381059971471, ""bbox"": [631, 939, 139, 34], ""reason"": ""全局UI布局异常；存在局部边缘拼接/像素涂抹痕迹"", ""bbox_overlap_check"": {""max_iou"": 0.0, ""risk_max_iou"": 0.0, ""overlapping_pairs"": [], ""box_count"": 5, ""anomalies"": []}, ""hard_tamper_flags"": {""bbox_iou"": false}, ""original_bbox"": [631, 939, 770, 973], ""field_type"": ""amount"", ""field_label"": ""金额"", ""region_no"": 3}, {""result"": ""篡改"", ""confidence"": 0.7610362235000279, ""bbox"": [670, 757, 101, 39], ""reason"": ""全局UI布局异常；存在局部边缘拼接/像素涂抹痕迹"", ""bbox_overlap_check"": {""max_iou"": 0.0, ""risk_max_iou"": 0.0, ""overlapping_pairs"": [], ""box_count"": 5, ""anomalies"": []}, ""hard_tamper_flags"": {""bbox_iou"": false}, ""original_bbox"": [670, 757, 771, 796], ""field_type"": ""name"", ""field_label"": ""姓名"", ""region_no"": 4}, {""result"": ""篡改"", ""confidence"": 0.7655329479317443, ""bbox"": [701, 638, 70, 37], ""reason"": ""全局UI布局异常；存在局部边缘拼接/像素涂抹痕迹"", ""bbox_overlap_check"": {""max_iou"": 0.0, ""risk_max_iou"": 0.0, ""overlapping_pairs"": [], ""box_count"": 5, ""anomalies"": []}, ""hard_tamper_flags"": {""bbox_iou"": false}, ""original_bbox"": [701, 638, 771, 675], ""field_type"": ""name"", ""field_label"": ""姓名"", ""region_no"": 5}]",0.239638,0.139638
independent,train,p (27).jpg,/home/quyu/PD_new/PD_max/app/ai_detection/images/tampered/p (27).jpg,篡改,篡改,0.765567026350404,True,5,30,22144.5,全局UI布局异常；存在局部边缘拼接/像素涂抹痕迹,"[{""result"": ""篡改"", ""confidence"": 0.66, ""bbox"": [294, 407, 275, 57], ""reason"": ""全局UI布局异常"", ""bbox_overlap_check"": {""max_iou"": 0.0, ""risk_max_iou"": 0.0, ""overlapping_pairs"": [], ""box_count"": 5, ""anomalies"": []}, ""hard_tamper_flags"": {""bbox_iou"": false}, ""original_bbox"": [294, 407, 569, 464], ""field_type"": ""amount"", ""field_label"": ""金额"", ""region_no"": 1}, {""result"": ""篡改"", ""confidence"": 0.7445021278897457, ""bbox"": [477, 1000, 290, 32], ""reason"": ""全局UI布局异常；存在局部边缘拼接/像素涂抹痕迹"", ""bbox_overlap_check"": {""max_iou"": 0.0, ""risk_max_iou"": 0.0, ""overlapping_pairs"": [], ""box_count"": 5, ""anomalies"": []}, ""hard_tamper_flags"": {""bbox_iou"": false}, ""original_bbox"": [477, 1000, 767, 1032], ""field_type"": ""time"", ""field_label"": ""时间"", ""region_no"": 2}, {""result"": ""篡改"", ""confidence"": 0.7282042901124282, ""bbox"": [626, 940, 144, 35], ""reason"": ""全局UI布局异常；存在局部边缘拼接/像素涂抹痕迹"", ""bbox_overlap_check"": {""max_iou"": 0.0, ""risk_max_iou"": 0.0, ""overlapping_pairs"": [], ""box_count"": 5, ""anomalies"": []}, ""hard_tamper_flags"": {""bbox_iou"": false}, ""original_bbox"": [626, 940, 770, 975], ""field_type"": ""amount"", ""field_label"": ""金额"", ""region_no"": 3}, {""result"": ""篡改"", ""confidence"": 0.7610703019186875, ""bbox"": [670, 757, 101, 39], ""reason"": ""全局UI布局异常；存在局部边缘拼接/像素涂抹痕迹"", ""bbox_overlap_check"": {""max_iou"": 0.0, ""risk_max_iou"": 0.0, ""overlapping_pairs"": [], ""box_count"": 5, ""anomalies"": []}, ""hard_tamper_flags"": {""bbox_iou"": false}, ""original_bbox"": [670, 757, 771, 796], ""field_type"": ""name"", ""field_label"": ""姓名"", ""region_no"": 4}, {""result"": ""篡改"", ""confidence"": 0.765567026350404, ""bbox"": [701, 638, 70, 37], ""reason"": ""全局UI布局异常；存在局部边缘拼接/像素涂抹痕迹"", ""bbox_overlap_check"": {""max_iou"": 0.0, ""risk_max_iou"": 0.0, ""overlapping_pairs"": [], ""box_count"": 5, ""anomalies"": []}, ""hard_tamper_flags"": {""bbox_iou"": false}, ""original_bbox"": [701, 638, 771, 675], ""field_type"": ""name"", ""field_label"": ""姓名"", ""region_no"": 5}]",0.215567,0.115567
independent,train,p (28).jpg,/home/quyu/PD_new/PD_max/app/ai_detection/images/tampered/p (28).jpg,篡改,篡改,0.7735471476165561,True,5,29,22270.0,全局UI布局异常；存在局部边缘拼接/像素涂抹痕迹,"[{""result"": ""篡改"", ""confidence"": 0.66, ""bbox"": [298, 405, 265, 56], ""reason"": ""全局UI布局异常"", ""bbox_overlap_check"": {""max_iou"": 0.0, ""risk_max_iou"": 0.0, ""overlapping_pairs"": [], ""box_count"": 5, ""anomalies"": []}, ""hard_tamper_flags"": {""bbox_iou"": false}, ""original_bbox"": [298, 405, 563, 461], ""field_type"": ""amount"", ""field_label"": ""金额"", ""region_no"": 1}, {""result"": ""篡改"", ""confidence"": 0.7182909388007949, ""bbox"": [477, 999, 293, 33], ""reason"": ""全局UI布局异常；存在局部边缘拼接/像素涂抹痕迹"", ""bbox_overlap_check"": {""max_iou"": 0.0, ""risk_max_iou"": 0.0, ""overlapping_pairs"": [], ""box_count"": 5, ""anomalies"": []}, ""hard_tamper_flags"": {""bbox_iou"": false}, ""original_bbox"": [477, 999, 770, 1032], ""field_type"": ""time"", ""field_label"": ""时间"", ""region_no"": 2}, {""result"": ""篡改"", ""confidence"": 0.7735471476165561, ""bbox"": [632, 939, 138, 34], ""reason"": ""全局UI布局异常；存在局部边缘拼接/像素涂抹痕迹"", ""bbox_overlap_check"": {""max_iou"": 0.0, ""risk_max_iou"": 0.0, ""overlapping_pairs"": [], ""box_count"": 5, ""anomalies"": []}, ""hard_tamper_flags"": {""bbox_iou"": false}, ""original_bbox"": [632, 939, 770, 973], ""field_type"": ""amount"", ""field_label"": ""金额"", ""region_no"": 3}, {""result"": ""篡改"", ""confidence"": 0.76140752426891, ""bbox"": [670, 757, 101, 39], ""reason"": ""全局UI布局异常；存在局部边缘拼接/像素涂抹痕迹"", ""bbox_overlap_check"": {""max_iou"": 0.0, ""risk_max_iou"": 0.0, ""overlapping_pairs"": [], ""box_count"": 5, ""anomalies"": []}, ""hard_tamper_flags"": {""bbox_iou"": false}, ""original_bbox"": [670, 757, 771, 796], ""field_type"": ""name"", ""field_label"": ""姓名"", ""region_no"": 4}, {""result"": ""篡改"", ""confidence"": 0.7661397444221449, ""bbox"": [700, 638, 70, 36], ""reason"": ""全局UI布局异常；存在局部边缘拼接/像素涂抹痕迹"", ""bbox_overlap_check"": {""max_iou"": 0.0, ""risk_max_iou"": 0.0, ""overlapping_pairs"": [], ""box_count"": 5, ""anomalies"": []}, ""hard_tamper_flags"": {""bbox_iou"": false}, ""original_bbox"": [700, 638, 770, 674], ""field_type"": ""name"", ""field_label"": ""姓名"", ""region_no"": 5}]",0.223547,0.123547
independent,train,p (3).jpg,/home/quyu/PD_new/PD_max/app/ai_detection/images/tampered/p (3).jpg,篡改,篡改,0.765546383349066,True,5,30,21990.0,全局UI布局异常；存在局部边缘拼接/像素涂抹痕迹,"[{""result"": ""篡改"", ""confidence"": 0.66, ""bbox"": [298, 407, 265, 54], ""reason"": ""全局UI布局异常；局部字体风格异常"", ""bbox_overlap_check"": {""max_iou"": 0.0, ""risk_max_iou"": 0.0, ""overlapping_pairs"": [], ""box_count"": 5, ""anomalies"": []}, ""hard_tamper_flags"": {""bbox_iou"": false}, ""original_bbox"": [298, 407, 563, 461], ""field_type"": ""amount"", ""field_label"": ""金额"", ""region_no"": 1}, {""result"": ""篡改"", ""confidence"": 0.7417172769574183, ""bbox"": [477, 999, 293, 33], ""reason"": ""全局UI布局异常；存在局部边缘拼接/像素涂抹痕迹"", ""bbox_overlap_check"": {""max_iou"": 0.0, ""risk_max_iou"": 0.0, ""overlapping_pairs"": [], ""box_count"": 5, ""anomalies"": []}, ""hard_tamper_flags"": {""bbox_iou"": false}, ""original_bbox"": [477, 999, 770, 1032], ""field_type"": ""time"", ""field_label"": ""时间"", ""region_no"": 2}, {""result"": ""篡改"", ""confidence"": 0.7102449094021805, ""bbox"": [632, 940, 138, 33], ""reason"": ""全局UI布局异常；存在局部边缘拼接/像素涂抹痕迹"", ""bbox_overlap_check"": {""max_iou"": 0.0, ""risk_max_iou"": 0.0, ""overlapping_pairs"": [], ""box_count"": 5, ""anomalies"": []}, ""hard_tamper_flags"": {""bbox_iou"": false}, ""original_bbox"": [632, 940, 770, 973], ""field_type"": ""amount"", ""field_label"": ""金额"", ""region_no"": 3}, {""result"": ""篡改"", ""confidence"": 0.7610496589173495, ""bbox"": [670, 757, 101, 39], ""reason"": ""全局UI布局异常；存在局部边缘拼接/像素涂抹痕迹"", ""bbox_overlap_check"": {""max_iou"": 0.0, ""risk_max_iou"": 0.0, ""overlapping_pairs"": [], ""box_count"": 5, ""anomalies"": []}, ""hard_tamper_flags"": {""bbox_iou"": false}, ""original_bbox"": [670, 757, 771, 796], ""field_type"": ""name"", ""field_label"": ""姓名"", ""region_no"": 4}, {""result"": ""篡改"", ""confidence"": 0.765546383349066, ""bbox"": [701, 638, 70, 37], ""reason"": ""全局UI布局异常；存在局部边缘拼接/像素涂抹痕迹"", ""bbox_overlap_check"": {""max_iou"": 0.0, ""risk_max_iou"": 0.0, ""overlapping_pairs"": [], ""box_count"": 5, ""anomalies"": []}, ""hard_tamper_flags"": {""bbox_iou"": false}, ""original_bbox"": [701, 638, 771, 675], ""field_type"": ""name"", ""field_label"": ""姓名"", ""region_no"": 5}]",0.215546,0.115546
independent,train,p (33).jpg,/home/quyu/PD_new/PD_max/app/ai_detection/images/tampered/p (33).jpg,篡改,篡改,0.7725855578809364,True,5,31,22071.3,全局UI布局异常；存在局部边缘拼接/像素涂抹痕迹,"[{""result"": ""篡改"", ""confidence"": 0.66, ""bbox"": [299, 407, 264, 54], ""reason"": ""全局UI布局异常"", ""bbox_overlap_check"": {""max_iou"": 0.0, ""risk_max_iou"": 0.0, ""overlapping_pairs"": [], ""box_count"": 5, ""anomalies"": []}, ""hard_tamper_flags"": {""bbox_iou"": false}, ""original_bbox"": [299, 407, 563, 461], ""field_type"": ""amount"", ""field_label"": ""金额"", ""region_no"": 1}, {""result"": ""篡改"", ""confidence"": 0.748360516055132, ""bbox"": [477, 1000, 294, 32], ""reason"": ""全局UI布局异常；存在局部边缘拼接/像素涂抹痕迹"", ""bbox_overlap_check"": {""max_iou"": 0.0, ""risk_max_iou"": 0.0, ""overlapping_pairs"": [], ""box_count"": 5, ""anomalies"": []}, ""hard_tamper_flags"": {""bbox_iou"": false}, ""original_bbox"": [477, 1000, 771, 1032], ""field_type"": ""time"", ""field_label"": ""时间"", ""region_no"": 2}, {""result"": ""篡改"", ""confidence"": 0.7725855578809364, ""bbox"": [632, 940, 139, 33], ""reason"": ""全局UI布局异常；存在局部边缘拼接/像素涂抹痕迹"", ""bbox_overlap_check"": {""max_iou"": 0.0, ""risk_max_iou"": 0.0, ""overlapping_pairs"": [], ""box_count"": 5, ""anomalies"": []}, ""hard_tamper_flags"": {""bbox_iou"": false}, ""original_bbox"": [632, 940, 771, 973], ""field_type"": ""amount"", ""field_label"": ""金额"", ""region_no"": 3}, {""result"": ""篡改"", ""confidence"": 0.7653128142306724, ""bbox"": [701, 638, 70, 37], ""reason"": ""全局UI布局异常；存在局部边缘拼接/像素涂抹痕迹"", ""bbox_overlap_check"": {""max_iou"": 0.0, ""risk_max_iou"": 0.0, ""overlapping_pairs"": [], ""box_count"": 5, ""anomalies"": []}, ""hard_tamper_flags"": {""bbox_iou"": false}, ""original_bbox"": [701, 638, 771, 675], ""field_type"": ""name"", ""field_label"": ""姓名"", ""region_no"": 4}, {""result"": ""篡改"", ""confidence"": 0.7654639496725184, ""bbox"": [700, 759, 68, 37], ""reason"": ""全局UI布局异常；存在局部边缘拼接/像素涂抹痕迹"", ""bbox_overlap_check"": {""max_iou"": 0.0, ""risk_max_iou"": 0.0, ""overlapping_pairs"": [], ""box_count"": 5, ""anomalies"": []}, ""hard_tamper_flags"": {""bbox_iou"": false}, ""original_bbox"": [700, 759, 768, 796], ""field_type"": ""name"", ""field_label"": ""姓名"", ""region_no"": 5}]",0.222586,0.122586
independent,train,p (34).jpg,/home/quyu/PD_new/PD_max/app/ai_detection/images/tampered/p (34).jpg,篡改,篡改,0.7725855578809364,True,5,31,22087.3,全局UI布局异常；存在局部边缘拼接/像素涂抹痕迹,"[{""result"": ""篡改"", ""confidence"": 0.66, ""bbox"": [299, 407, 264, 54], ""reason"": ""全局UI布局异常"", ""bbox_overlap_check"": {""max_iou"": 0.0, ""risk_max_iou"": 0.0, ""overlapping_pairs"": [], ""box_count"": 5, ""anomalies"": []}, ""hard_tamper_flags"": {""bbox_iou"": false}, ""original_bbox"": [299, 407, 563, 461], ""field_type"": ""amount"", ""field_label"": ""金额"", ""region_no"": 1}, {""result"": ""篡改"", ""confidence"": 0.748360516055132, ""bbox"": [477, 1000, 294, 32], ""reason"": ""全局UI布局异常；存在局部边缘拼接/像素涂抹痕迹"", ""bbox_overlap_check"": {""max_iou"": 0.0, ""risk_max_iou"": 0.0, ""overlapping_pairs"": [], ""box_count"": 5, ""anomalies"": []}, ""hard_tamper_flags"": {""bbox_iou"": false}, ""original_bbox"": [477, 1000, 771, 1032], ""field_type"": ""time"", ""field_label"": ""时间"", ""region_no"": 2}, {""result"": ""篡改"", ""confidence"": 0.7725855578809364, ""bbox"": [632, 940, 139, 33], ""reason"": ""全局UI布局异常；存在局部边缘拼接/像素涂抹痕迹"", ""bbox_overlap_check"": {""max_iou"": 0.0, ""risk_max_iou"": 0.0, ""overlapping_pairs"": [], ""box_count"": 5, ""anomalies"": []}, ""hard_tamper_flags"": {""bbox_iou"": false}, ""original_bbox"": [632, 940, 771, 973], ""field_type"": ""amount"", ""field_label"": ""金额"", ""region_no"": 3}, {""result"": ""篡改"", ""confidence"": 0.7653128142306724, ""bbox"": [701, 638, 70, 37], ""reason"": ""全局UI布局异常；存在局部边缘拼接/像素涂抹痕迹"", ""bbox_overlap_check"": {""max_iou"": 0.0, ""risk_max_iou"": 0.0, ""overlapping_pairs"": [], ""box_count"": 5, ""anomalies"": []}, ""hard_tamper_flags"": {""bbox_iou"": false}, ""original_bbox"": [701, 638, 771, 675], ""field_type"": ""name"", ""field_label"": ""姓名"", ""region_no"": 4}, {""result"": ""篡改"", ""confidence"": 0.7654639496725184, ""bbox"": [700, 759, 68, 37], ""reason"": ""全局UI布局异常；存在局部边缘拼接/像素涂抹痕迹"", ""bbox_overlap_check"": {""max_iou"": 0.0, ""risk_max_iou"": 0.0, ""overlapping_pairs"": [], ""box_count"": 5, ""anomalies"": []}, ""hard_tamper_flags"": {""bbox_iou"": false}, ""original_bbox"": [700, 759, 768, 796], ""field_type"": ""name"", ""field_label"": ""姓名"", ""region_no"": 5}]",0.222586,0.122586
independent,train,p (35).jpg,/home/quyu/PD_new/PD_max/app/ai_detection/images/tampered/p (35).jpg,篡改,篡改,0.8169406997539606,True,5,32,22118.0,全局UI布局异常；存在局部边缘拼接/像素涂抹痕迹,"[{""result"": ""篡改"", ""confidence"": 0.66, ""bbox"": [298, 407, 265, 54], ""reason"": ""全局UI布局异常"", ""bbox_overlap_check"": {""max_iou"": 0.0, ""risk_max_iou"": 0.0, ""overlapping_pairs"": [], ""box_count"": 5, ""anomalies"": []}, ""hard_tamper_flags"": {""bbox_iou"": false}, ""original_bbox"": [298, 407, 563, 461], ""field_type"": ""amount"", ""field_label"": ""金额"", ""region_no"": 1}, {""result"": ""篡改"", ""confidence"": 0.715537714015761, ""bbox"": [477, 999, 294, 33], ""reason"": ""全局UI布局异常；存在局部边缘拼接/像素涂抹痕迹"", ""bbox_overlap_check"": {""max_iou"": 0.0, ""risk_max_iou"": 0.0, ""overlapping_pairs"": [], ""box_count"": 5, ""anomalies"": []}, ""hard_tamper_flags"": {""bbox_iou"": false}, ""original_bbox"": [477, 999, 771, 1032], ""field_type"": ""time"", ""field_label"": ""时间"", ""region_no"": 2}, {""result"": ""篡改"", ""confidence"": 0.8169406997539606, ""bbox"": [632, 940, 139, 33], ""reason"": ""全局UI布局异常；存在局部边缘拼接/像素涂抹痕迹"", ""bbox_overlap_check"": {""max_iou"": 0.0, ""risk_max_iou"": 0.0, ""overlapping_pairs"": [], ""box_count"": 5, ""anomalies"": []}, ""hard_tamper_flags"": {""bbox_iou"": false}, ""original_bbox"": [632, 940, 771, 973], ""field_type"": ""amount"", ""field_label"": ""金额"", ""region_no"": 3}, {""result"": ""篡改"", ""confidence"": 0.7649718376000878, ""bbox"": [701, 759, 69, 37], ""reason"": ""全局UI布局异常；存在局部边缘拼接/像素涂抹痕迹"", ""bbox_overlap_check"": {""max_iou"": 0.0, ""risk_max_iou"": 0.0, ""overlapping_pairs"": [], ""box_count"": 5, ""anomalies"": []}, ""hard_tamper_flags"": {""bbox_iou"": false}, ""original_bbox"": [701, 759, 770, 796], ""field_type"": ""name"", ""field_label"": ""姓名"", ""region_no"": 4}, {""result"": ""篡改"", ""confidence"": 0.7656822446499918, ""bbox"": [700, 638, 70, 36], ""reason"": ""全局UI布局异常；存在局部边缘拼接/像素涂抹痕迹"", ""bbox_overlap_check"": {""max_iou"": 0.0, ""risk_max_iou"": 0.0, ""overlapping_pairs"": [], ""box_count"": 5, ""anomalies"": []}, ""hard_tamper_flags"": {""bbox_iou"": false}, ""original_bbox"": [700, 638, 770, 674], ""field_type"": ""name"", ""field_label"": ""姓名"", ""region_no"": 5}]",0.266941,0.166941
independent,train,p (36).jpg,/home/quyu/PD_new/PD_max/app/ai_detection/images/tampered/p (36).jpg,篡改,篡改,0.7653753417375934,True,5,30,22146.0,全局UI布局异常；存在局部边缘拼接/像素涂抹痕迹,"[{""result"": ""篡改"", ""confidence"": 0.66, ""bbox"": [298, 407, 265, 54], ""reason"": ""全局UI布局异常"", ""bbox_overlap_check"": {""max_iou"": 0.0, ""risk_max_iou"": 0.0, ""overlapping_pairs"": [], ""box_count"": 5, ""anomalies"": []}, ""hard_tamper_flags"": {""bbox_iou"": false}, ""original_bbox"": [298, 407, 563, 461], ""field_type"": ""amount"", ""field_label"": ""金额"", ""region_no"": 1}, {""result"": ""篡改"", ""confidence"": 0.7481643082979617, ""bbox"": [477, 1000, 294, 32], ""reason"": ""全局UI布局异常；存在局部边缘拼接/像素涂抹痕迹"", ""bbox_overlap_check"": {""max_iou"": 0.0, ""risk_max_iou"": 0.0, ""overlapping_pairs"": [], ""box_count"": 5, ""anomalies"": []}, ""hard_tamper_flags"": {""bbox_iou"": false}, ""original_bbox"": [477, 1000, 771, 1032], ""field_type"": ""time"", ""field_label"": ""时间"", ""region_no"": 2}, {""result"": ""篡改"", ""confidence"": 0.7497596263388296, ""bbox"": [632, 940, 138, 33], ""reason"": ""全局UI布局异常；存在局部边缘拼接/像素涂抹痕迹"", ""bbox_overlap_check"": {""max_iou"": 0.0, ""risk_max_iou"": 0.0, ""overlapping_pairs"": [], ""box_count"": 5, ""anomalies"": []}, ""hard_tamper_flags"": {""bbox_iou"": false}, ""original_bbox"": [632, 940, 770, 973], ""field_type"": ""amount"", ""field_label"": ""金额"", ""region_no"": 3}, {""result"": ""篡改"", ""confidence"": 0.7608786173058769, ""bbox"": [670, 757, 101, 39], ""reason"": ""全局UI布局异常；存在局部边缘拼接/像素涂抹痕迹"", ""bbox_overlap_check"": {""max_iou"": 0.0, ""risk_max_iou"": 0.0, ""overlapping_pairs"": [], ""box_count"": 5, ""anomalies"": []}, ""hard_tamper_flags"": {""bbox_iou"": false}, ""original_bbox"": [670, 757, 771, 796], ""field_type"": ""name"", ""field_label"": ""姓名"", ""region_no"": 4}, {""result"": ""篡改"", ""confidence"": 0.7653753417375934, ""bbox"": [701, 638, 70, 37], ""reason"": ""全局UI布局异常；存在局部边缘拼接/像素涂抹痕迹"", ""bbox_overlap_check"": {""max_iou"": 0.0, ""risk_max_iou"": 0.0, ""overlapping_pairs"": [], ""box_count"": 5, ""anomalies"": []}, ""hard_tamper_flags"": {""bbox_iou"": false}, ""original_bbox"": [701, 638, 771, 675], ""field_type"": ""name"", ""field_label"": ""姓名"", ""region_no"": 5}]",0.215375,0.115375
independent,train,p (37).jpg,/home/quyu/PD_new/PD_max/app/ai_detection/images/tampered/p (37).jpg,篡改,篡改,0.780240237475021,True,5,31,22001.5,全局UI布局异常；存在局部边缘拼接/像素涂抹痕迹,"[{""result"": ""篡改"", ""confidence"": 0.66, ""bbox"": [298, 407, 265, 54], ""reason"": ""全局UI布局异常"", ""bbox_overlap_check"": {""max_iou"": 0.0, ""risk_max_iou"": 0.0, ""overlapping_pairs"": [], ""box_count"": 5, ""anomalies"": []}, ""hard_tamper_flags"": {""bbox_iou"": false}, ""original_bbox"": [298, 407, 563, 461], ""field_type"": ""amount"", ""field_label"": ""金额"", ""region_no"": 1}, {""result"": ""篡改"", ""confidence"": 0.7694451392991473, ""bbox"": [477, 1000, 293, 32], ""reason"": ""全局UI布局异常；存在局部边缘拼接/像素涂抹痕迹"", ""bbox_overlap_check"": {""max_iou"": 0.0, ""risk_max_iou"": 0.0, ""overlapping_pairs"": [], ""box_count"": 5, ""anomalies"": []}, ""hard_tamper_flags"": {""bbox_iou"": false}, ""original_bbox"": [477, 1000, 770, 1032], ""field_type"": ""time"", ""field_label"": ""时间"", ""region_no"": 2}, {""result"": ""篡改"", ""confidence"": 0.780240237475021, ""bbox"": [631, 940, 139, 33], ""reason"": ""全局UI布局异常；存在局部边缘拼接/像素涂抹痕迹"", ""bbox_overlap_check"": {""max_iou"": 0.0, ""risk_max_iou"": 0.0, ""overlapping_pairs"": [], ""box_count"": 5, ""anomalies"": []}, ""hard_tamper_flags"": {""bbox_iou"": false}, ""original_bbox"": [631, 940, 770, 973], ""field_type"": ""amount"", ""field_label"": ""金额"", ""region_no"": 3}, {""result"": ""篡改"", ""confidence"": 0.7645106814051804, ""bbox"": [701, 638, 70, 39], ""reason"": ""全局UI布局异常；存在局部边缘拼接/像素涂抹痕迹"", ""bbox_overlap_check"": {""max_iou"": 0.0, ""risk_max_iou"": 0.0, ""overlapping_pairs"": [], ""box_count"": 5, ""anomalies"": []}, ""hard_tamper_flags"": {""bbox_iou"": false}, ""original_bbox"": [701, 638, 771, 677], ""field_type"": ""name"", ""field_label"": ""姓名"", ""region_no"": 4}, {""result"": ""篡改"", ""confidence"": 0.7650271124898758, ""bbox"": [701, 759, 70, 37], ""reason"": ""全局UI布局异常；存在局部边缘拼接/像素涂抹痕迹"", ""bbox_overlap_check"": {""max_iou"": 0.0, ""risk_max_iou"": 0.0, ""overlapping_pairs"": [], ""box_count"": 5, ""anomalies"": []}, ""hard_tamper_flags"": {""bbox_iou"": false}, ""original_bbox"": [701, 759, 771, 796], ""field_type"": ""name"", ""field_label"": ""姓名"", ""region_no"": 5}]",0.23024,0.13024
independent,train,p (38).jpg,/home/quyu/PD_new/PD_max/app/ai_detection/images/tampered/p (38).jpg,篡改,篡改,0.7655348497301677,True,6,31,22318.0,全局UI布局异常；存在局部边缘拼接/像素涂抹痕迹,"[{""result"": ""篡改"", ""confidence"": 0.66, ""bbox"": [299, 407, 264, 54], ""reason"": ""全局UI布局异常"", ""bbox_overlap_check"": {""max_iou"": 0.0, ""risk_max_iou"": 0.0, ""overlapping_pairs"": [], ""box_count"": 6, ""anomalies"": []}, ""hard_tamper_flags"": {""bbox_iou"": false}, ""original_bbox"": [299, 407, 563, 461], ""field_type"": ""amount"", ""field_label"": ""金额"", ""region_no"": 1}, {""result"": ""篡改"", ""confidence"": 0.7437844558531123, ""bbox"": [477, 1000, 294, 32], ""reason"": ""全局UI布局异常；存在局部边缘拼接/像素涂抹痕迹"", ""bbox_overlap_check"": {""max_iou"": 0.0, ""risk_max_iou"": 0.0, ""overlapping_pairs"": [], ""box_count"": 6, ""anomalies"": []}, ""hard_tamper_flags"": {""bbox_iou"": false}, ""original_bbox"": [477, 1000, 771, 1032], ""field_type"": ""time"", ""field_label"": ""时间"", ""region_no"": 2}, {""result"": ""篡改"", ""confidence"": 0.7520886384097318, ""bbox"": [632, 940, 139, 33], ""reason"": ""全局UI布局异常；存在局部边缘拼接/像素涂抹痕迹"", ""bbox_overlap_check"": {""max_iou"": 0.0, ""risk_max_iou"": 0.0, ""overlapping_pairs"": [], ""box_count"": 6, ""anomalies"": []}, ""hard_tamper_flags"": {""bbox_iou"": false}, ""original_bbox"": [632, 940, 771, 973], ""field_type"": ""amount"", ""field_label"": ""金额"", ""region_no"": 3}, {""result"": ""篡改"", ""confidence"": 0.66, ""bbox"": [113, 1221, 130, 32], ""reason"": ""全局UI布局异常；局部字体风格异常"", ""bbox_overlap_check"": {""max_iou"": 0.0, ""risk_max_iou"": 0.0, ""overlapping_pairs"": [], ""box_count"": 6, ""anomalies"": []}, ""hard_tamper_flags"": {""bbox_iou"": false}, ""original_bbox"": [113, 1221, 243, 1253], ""field_type"": ""amount"", ""field_label"": ""金额"", ""region_no"": 4}, {""result"": ""篡改"", ""confidence"": 0.7653837142883217, ""bbox"": [701, 638, 70, 37], ""reason"": ""全局UI布局异常；存在局部边缘拼接/像素涂抹痕迹"", ""bbox_overlap_check"": {""max_iou"": 0.0, ""risk_max_iou"": 0.0, ""overlapping_pairs"": [], ""box_count"": 6, ""anomalies"": []}, ""hard_tamper_flags"": {""bbox_iou"": false}, ""original_bbox"": [701, 638, 771, 675], ""field_type"": ""name"", ""field_label"": ""姓名"", ""region_no"": 5}, {""result"": ""篡改"", ""confidence"": 0.7655348497301677, ""bbox"": [700, 759, 68, 37], ""reason"": ""全局UI布局异常；存在局部边缘拼接/像素涂抹痕迹"", ""bbox_overlap_check"": {""max_iou"": 0.0, ""risk_max_iou"": 0.0, ""overlapping_pairs"": [], ""box_count"": 6, ""anomalies"": []}, ""hard_tamper_flags"": {""bbox_iou"": false}, ""original_bbox"": [700, 759, 768, 796], ""field_type"": ""name"", ""field_label"": ""姓名"", ""region_no"": 6}]",0.215535,0.115535
independent,train,p (39).jpg,/home/quyu/PD_new/PD_max/app/ai_detection/images/tampered/p (39).jpg,篡改,篡改,0.7796887326763059,True,6,31,22200.4,全局UI布局异常；存在局部边缘拼接/像素涂抹痕迹,"[{""result"": ""篡改"", ""confidence"": 0.660462588825513, ""bbox"": [299, 407, 264, 54], ""reason"": ""全局UI布局异常"", ""bbox_overlap_check"": {""max_iou"": 0.0, ""risk_max_iou"": 0.0, ""overlapping_pairs"": [], ""box_count"": 6, ""anomalies"": []}, ""hard_tamper_flags"": {""bbox_iou"": false}, ""original_bbox"": [299, 407, 563, 461], ""field_type"": ""amount"", ""field_label"": ""金额"", ""region_no"": 1}, {""result"": ""篡改"", ""confidence"": 0.7411341887866554, ""bbox"": [477, 1000, 294, 32], ""reason"": ""全局UI布局异常；存在局部边缘拼接/像素涂抹痕迹"", ""bbox_overlap_check"": {""max_iou"": 0.0, ""risk_max_iou"": 0.0, ""overlapping_pairs"": [], ""box_count"": 6, ""anomalies"": []}, ""hard_tamper_flags"": {""bbox_iou"": false}, ""original_bbox"": [477, 1000, 771, 1032], ""field_type"": ""time"", ""field_label"": ""时间"", ""region_no"": 2}, {""result"": ""篡改"", ""confidence"": 0.7796887326763059, ""bbox"": [632, 940, 138, 33], ""reason"": ""全局UI布局异常；存在局部边缘拼接/像素涂抹痕迹"", ""bbox_overlap_check"": {""max_iou"": 0.0, ""risk_max_iou"": 0.0, ""overlapping_pairs"": [], ""box_count"": 6, ""anomalies"": []}, ""hard_tamper_flags"": {""bbox_iou"": false}, ""original_bbox"": [632, 940, 770, 973], ""field_type"": ""amount"", ""field_label"": ""金额"", ""region_no"": 3}, {""result"": ""篡改"", ""confidence"": 0.66, ""bbox"": [113, 1221, 130, 32], ""reason"": ""全局UI布局异常；局部字体风格异常"", ""bbox_overlap_check"": {""max_iou"": 0.0, ""risk_max_iou"": 0.0, ""overlapping_pairs"": [], ""box_count"": 6, ""anomalies"": []}, ""hard_tamper_flags"": {""bbox_iou"": false}, ""original_bbox"": [113, 1221, 243, 1253], ""field_type"": ""amount"", ""field_label"": ""金额"", ""region_no"": 4}, {""result"": ""篡改"", ""confidence"": 0.765053042367354, ""bbox"": [701, 759, 69, 37], ""reason"": ""全局UI布局异常；存在局部边缘拼接/像素涂抹痕迹"", ""bbox_overlap_check"": {""max_iou"": 0.0, ""risk_max_iou"": 0.0, ""overlapping_pairs"": [], ""box_count"": 6, ""anomalies"": []}, ""hard_tamper_flags"": {""bbox_iou"": false}, ""original_bbox"": [701, 759, 770, 796], ""field_type"": ""name"", ""field_label"": ""姓名"", ""region_no"": 5}, {""result"": ""篡改"", ""confidence"": 0.7657634494172579, ""bbox"": [700, 638, 70, 36], ""reason"": ""全局UI布局异常；存在局部边缘拼接/像素涂抹痕迹"", ""bbox_overlap_check"": {""max_iou"": 0.0, ""risk_max_iou"": 0.0, ""overlapping_pairs"": [], ""box_count"": 6, ""anomalies"": []}, ""hard_tamper_flags"": {""bbox_iou"": false}, ""original_bbox"": [700, 638, 770, 674], ""field_type"": ""name"", ""field_label"": ""姓名"", ""region_no"": 6}]",0.229689,0.129689
independent,train,p (42).jpg,/home/quyu/PD_new/PD_max/app/ai_detection/images/tampered/p (42).jpg,篡改,篡改,0.7654068666469482,True,5,32,22164.1,全局UI布局异常；存在局部边缘拼接/像素涂抹痕迹,"[{""result"": ""篡改"", ""confidence"": 0.66, ""bbox"": [298, 407, 265, 54], ""reason"": ""全局UI布局异常"", ""bbox_overlap_check"": {""max_iou"": 0.0, ""risk_max_iou"": 0.0, ""overlapping_pairs"": [], ""box_count"": 5, ""anomalies"": []}, ""hard_tamper_flags"": {""bbox_iou"": false}, ""original_bbox"": [298, 407, 563, 461], ""field_type"": ""amount"", ""field_label"": ""金额"", ""region_no"": 1}, {""result"": ""篡改"", ""confidence"": 0.7321380210906557, ""bbox"": [477, 999, 293, 33], ""reason"": ""全局UI布局异常；存在局部边缘拼接/像素涂抹痕迹"", ""bbox_overlap_check"": {""max_iou"": 0.0, ""risk_max_iou"": 0.0, ""overlapping_pairs"": [], ""box_count"": 5, ""anomalies"": []}, ""hard_tamper_flags"": {""bbox_iou"": false}, ""original_bbox"": [477, 999, 770, 1032], ""field_type"": ""time"", ""field_label"": ""时间"", ""region_no"": 2}, {""result"": ""篡改"", ""confidence"": 0.7344924112489544, ""bbox"": [632, 940, 138, 33], ""reason"": ""全局UI布局异常；存在局部边缘拼接/像素涂抹痕迹"", ""bbox_overlap_check"": {""max_iou"": 0.0, ""risk_max_iou"": 0.0, ""overlapping_pairs"": [], ""box_count"": 5, ""anomalies"": []}, ""hard_tamper_flags"": {""bbox_iou"": false}, ""original_bbox"": [632, 940, 770, 973], ""field_type"": ""amount"", ""field_label"": ""金额"", ""region_no"": 3}, {""result"": ""篡改"", ""confidence"": 0.7654068666469482, ""bbox"": [700, 638, 70, 37], ""reason"": ""全局UI布局异常；存在局部边缘拼接/像素涂抹痕迹"", ""bbox_overlap_check"": {""max_iou"": 0.0, ""risk_max_iou"": 0.0, ""overlapping_pairs"": [], ""box_count"": 5, ""anomalies"": []}, ""hard_tamper_flags"": {""bbox_iou"": false}, ""original_bbox"": [700, 638, 770, 675], ""field_type"": ""name"", ""field_label"": ""姓名"", ""region_no"": 4}, {""result"": ""篡改"", ""confidence"": 0.7649637665250109, ""bbox"": [701, 759, 70, 37], ""reason"": ""全局UI布局异常；存在局部边缘拼接/像素涂抹痕迹"", ""bbox_overlap_check"": {""max_iou"": 0.0, ""risk_max_iou"": 0.0, ""overlapping_pairs"": [], ""box_count"": 5, ""anomalies"": []}, ""hard_tamper_flags"": {""bbox_iou"": false}, ""original_bbox"": [701, 759, 771, 796], ""field_type"": ""name"", ""field_label"": ""姓名"", ""region_no"": 5}]",0.215407,0.115407
independent,train,p (8).jpg,/home/quyu/PD_new/PD_max/app/ai_detection/images/tampered/p (8).jpg,篡改,篡改,0.7881310806064106,True,5,29,22244.8,全局UI布局异常；存在局部边缘拼接/像素涂抹痕迹,"[{""result"": ""篡改"", ""confidence"": 0.66, ""bbox"": [298, 407, 265, 54], ""reason"": ""全局UI布局异常"", ""bbox_overlap_check"": {""max_iou"": 0.0, ""risk_max_iou"": 0.0, ""overlapping_pairs"": [], ""box_count"": 5, ""anomalies"": []}, ""hard_tamper_flags"": {""bbox_iou"": false}, ""original_bbox"": [298, 407, 563, 461], ""field_type"": ""amount"", ""field_label"": ""金额"", ""region_no"": 1}, {""result"": ""篡改"", ""confidence"": 0.7597903435725758, ""bbox"": [477, 1000, 293, 32], ""reason"": ""全局UI布局异常；存在局部边缘拼接/像素涂抹痕迹"", ""bbox_overlap_check"": {""max_iou"": 0.0, ""risk_max_iou"": 0.0, ""overlapping_pairs"": [], ""box_count"": 5, ""anomalies"": []}, ""hard_tamper_flags"": {""bbox_iou"": false}, ""original_bbox"": [477, 1000, 770, 1032], ""field_type"": ""time"", ""field_label"": ""时间"", ""region_no"": 2}, {""result"": ""篡改"", ""confidence"": 0.7881310806064106, ""bbox"": [632, 940, 139, 33], ""reason"": ""全局UI布局异常；存在局部边缘拼接/像素涂抹痕迹"", ""bbox_overlap_check"": {""max_iou"": 0.0, ""risk_max_iou"": 0.0, ""overlapping_pairs"": [], ""box_count"": 5, ""anomalies"": []}, ""hard_tamper_flags"": {""bbox_iou"": false}, ""original_bbox"": [632, 940, 771, 973], ""field_type"": ""amount"", ""field_label"": ""金额"", ""region_no"": 3}, {""result"": ""篡改"", ""confidence"": 0.7610278153766257, ""bbox"": [670, 757, 101, 39], ""reason"": ""全局UI布局异常；存在局部边缘拼接/像素涂抹痕迹"", ""bbox_overlap_check"": {""max_iou"": 0.0, ""risk_max_iou"": 0.0, ""overlapping_pairs"": [], ""box_count"": 5, ""anomalies"": []}, ""hard_tamper_flags"": {""bbox_iou"": false}, ""original_bbox"": [670, 757, 771, 796], ""field_type"": ""name"", ""field_label"": ""姓名"", ""region_no"": 4}, {""result"": ""篡改"", ""confidence"": 0.7657600355298606, ""bbox"": [700, 638, 70, 36], ""reason"": ""全局UI布局异常；存在局部边缘拼接/像素涂抹痕迹"", ""bbox_overlap_check"": {""max_iou"": 0.0, ""risk_max_iou"": 0.0, ""overlapping_pairs"": [], ""box_count"": 5, ""anomalies"": []}, ""hard_tamper_flags"": {""bbox_iou"": false}, ""original_bbox"": [700, 638, 770, 674], ""field_type"": ""name"", ""field_label"": ""姓名"", ""region_no"": 5}]",0.238131,0.138131
training_replay,train,pptest__ebe78fef76ed__111.png,/home/quyu/PD_new/PD_max/app/ai_detection/images/tampered/pptest__ebe78fef76ed__111.png,篡改,正常,0.19536496508372553,False,6,40,55811.5,文件体积/像素比异常(疑似工具导出)；局部字体风格异常；数值区域基线严重不齐(疑似错位拼接),"[{""result"": ""正常"", ""confidence"": 0.19536496508372553, ""bbox"": [383, 987, 1007, 145], ""reason"": ""文件体积/像素比异常(疑似工具导出)；局部字体风格异常；数值区域基线严重不齐(疑似错位拼接)"", ""bbox_overlap_check"": {""max_iou"": 0.1894, ""risk_max_iou"": 0.1894, ""overlapping_pairs"": [], ""box_count"": 6, ""anomalies"": []}, ""hard_tamper_flags"": {""bbox_iou"": false}, ""original_bbox"": [383, 987, 1390, 1132], ""field_type"": ""amount"", ""field_label"": ""金额"", ""region_no"": 1}, {""result"": ""正常"", ""confidence"": 0.0, ""bbox"": [2161, 2101, 489, 247], ""reason"": ""文件体积/像素比异常(疑似工具导出)"", ""bbox_overlap_check"": {""max_iou"": 0.1894, ""risk_max_iou"": 0.1894, ""overlapping_pairs"": [], ""box_count"": 6, ""anomalies"": []}, ""hard_tamper_flags"": {""bbox_iou"": false}, ""original_bbox"": [2161, 2101, 2650, 2348], ""field_type"": ""name"", ""field_label"": ""姓名"", ""region_no"": 2}, {""result"": ""正常"", ""confidence"": 0.020552054944640116, ""bbox"": [753, 1170, 473, 59], ""reason"": ""文件体积/像素比异常(疑似工具导出)；局部字体风格异常"", ""bbox_overlap_check"": {""max_iou"": 0.1894, ""risk_max_iou"": 0.1894, ""overlapping_pairs"": [], ""box_count"": 6, ""anomalies"": []}, ""hard_tamper_flags"": {""bbox_iou"": false}, ""original_bbox"": [753, 1170, 1226, 1229], ""field_type"": ""time"", ""field_label"": ""时间"", ""region_no"": 3}, {""result"": ""正常"", ""confidence"": 0.07692630309458069, ""bbox"": [745, 987, 395, 70], ""reason"": ""文件体积/像素比异常(疑似工具导出)；局部字体风格异常"", ""bbox_overlap_check"": {""max_iou"": 0.1894, ""risk_max_iou"": 0.1894, ""overlapping_pairs"": [], ""box_count"": 6, ""anomalies"": []}, ""hard_tamper_flags"": {""bbox_iou"": false}, ""original_bbox"": [745, 987, 1140, 1057], ""field_type"": ""amount"", ""field_label"": ""金额"", ""region_no"": 4}, {""result"": ""正常"", ""confidence"": 0.0, ""bbox"": [754, 1241, 475, 55], ""reason"": ""文件体积/像素比异常(疑似工具导出)"", ""bbox_overlap_check"": {""max_iou"": 0.1894, ""risk_max_iou"": 0.1894, ""overlapping_pairs"": [], ""box_count"": 6, ""anomalies"": []}, ""hard_tamper_flags"": {""bbox_iou"": false}, ""original_bbox"": [754, 1241, 1229, 1296], ""field_type"": ""time"", ""field_label"": ""时间"", ""region_no"": 5}, {""result"": ""正常"", ""confidence"": 0.0, ""bbox"": [1740, 672, 255, 70], ""reason"": ""文件体积/像素比异常(疑似工具导出)"", ""bbox_overlap_check"": {""max_iou"": 0.1894, ""risk_max_iou"": 0.1894, ""overlapping_pairs"": [], ""box_count"": 6, ""anomalies"": []}, ""hard_tamper_flags"": {""bbox_iou"": false}, ""original_bbox"": [1740, 672, 1995, 742], ""field_type"": ""amount"", ""field_label"": ""金额"", ""region_no"": 6}]",-0.354635,-0.454635
training_replay,train,pptest__21a9066bff6a__92e595cffb63d039f10b271f23b180dd.png,/home/quyu/PD_new/PD_max/app/ai_detection/images/tampered/pptest__21a9066bff6a__92e595cffb63d039f10b271f23b180dd.png,篡改,正常,0.07512364521186309,False,2,45,47808.8,缺少EXIF且图像结构异常(疑似生成图),"[{""result"": ""正常"", ""confidence"": 0.07512364521186309, ""bbox"": [315, 361, 114, 23], ""reason"": ""缺少EXIF且图像结构异常(疑似生成图)"", ""bbox_overlap_check"": {""max_iou"": 0.0, ""risk_max_iou"": 0.0, ""overlapping_pairs"": [], ""box_count"": 2, ""anomalies"": []}, ""hard_tamper_flags"": {""bbox_iou"": false}, ""original_bbox"": [315, 361, 429, 384], ""field_type"": ""amount"", ""field_label"": ""金额"", ""region_no"": 1}, {""result"": ""正常"", ""confidence"": 0.06764263292818992, ""bbox"": [317, 414, 144, 18], ""reason"": ""缺少EXIF且图像结构异常(疑似生成图)"", ""bbox_overlap_check"": {""max_iou"": 0.0, ""risk_max_iou"": 0.0, ""overlapping_pairs"": [], ""box_count"": 2, ""anomalies"": []}, ""hard_tamper_flags"": {""bbox_iou"": false}, ""original_bbox"": [317, 414, 461, 432], ""field_type"": ""time"", ""field_label"": ""时间"", ""region_no"": 2}]",-0.474876,-0.574876
